product_id,product_name,category,price
1,Product_1,Toys,4857.94
2,Product_2,Beauty,1829.6
3,Product_3,Office Supplies,767.35
4,Product_4,Home & Kitchen,3194.58
5,Product_5,Electronics,3303.17
6,Product_6,Home & Kitchen,107.66
7,Product_7,Clothing,3847.6
8,Product_8,Clothing,3909.86
9,Product_9,Sports,1965.74
10,Product_10,Clothing,2262.59
11,Product_11,Home & Kitchen,3978.75
12,Product_12,Sports,2281.34
13,Product_13,Electronics,4552.78
14,Product_14,Clothing,597.39
15,Product_15,Furniture,4833.31
16,Product_16,Toys,234.66
17,Product_17,Clothing,4025.9
18,Product_18,Toys,3166.94
19,Product_19,Office Supplies,3576.3
20,Product_20,Furniture,2815.0
21,Product_21,Beauty,2416.37
22,Product_22,Clothing,2604.62
23,Product_23,Electronics,1270.31
24,Product_24,Home & Kitchen,2928.55
25,Product_25,Electronics,13.93
26,Product_26,Toys,2412.3
27,Product_27,Furniture,909.25
28,Product_28,Office Supplies,376.9
29,Product_29,Home & Kitchen,2793.43
30,Product_30,Sports,2181.15
31,Product_31,Home & Kitchen,2532.91
32,Product_32,Toys,3279.15
33,Product_33,Sports,2021.48
34,Product_34,Clothing,1444.67
35,Product_35,Toys,3014.01
36,Product_36,Electronics,474.12
37,Product_37,Sports,1456.02
38,Product_38,Office Supplies,1338.13
39,Product_39,Office Supplies,363.9
40,Product_40,Furniture,4579.99
41,Product_41,Electronics,4500.6
42,Product_42,Office Supplies,1077.58
43,Product_43,Sports,1339.91
44,Product_44,Furniture,4711.76
45,Product_45,Furniture,4420.61
46,Product_46,Sports,1409.7
47,Product_47,Office Supplies,1646.85
48,Product_48,Toys,1493.66
49,Product_49,Electronics,2201.79
50,Product_50,Furniture,53.94
51,Product_51,Toys,2694.4
52,Product_52,Home & Kitchen,4306.99
53,Product_53,Toys,503.98
54,Product_54,Home & Kitchen,4285.75
55,Product_55,Beauty,3312.09
56,Product_56,Home & Kitchen,2988.46
57,Product_57,Clothing,3281.27
58,Product_58,Clothing,176.91
59,Product_59,Home & Kitchen,915.86
60,Product_60,Beauty,2645.99
61,Product_61,Sports,1797.47
62,Product_62,Office Supplies,4341.61
63,Product_63,Furniture,1940.49
64,Product_64,Clothing,3025.52
65,Product_65,Clothing,203.87
66,Product_66,Clothing,1635.19
67,Product_67,Furniture,3553.49
68,Product_68,Home & Kitchen,1073.52
69,Product_69,Beauty,3458.83
70,Product_70,Furniture,2495.81
71,Product_71,Clothing,705.03
72,Product_72,Office Supplies,4323.97
73,Product_73,Clothing,4327.87
74,Product_74,Office Supplies,4886.09
75,Product_75,Sports,653.36
76,Product_76,Office Supplies,533.32
77,Product_77,Toys,1426.55
78,Product_78,Home & Kitchen,437.88
79,Product_79,Sports,2387.85
80,Product_80,Clothing,3701.85
81,Product_81,Electronics,3158.24
82,Product_82,Clothing,2673.51
83,Product_83,Beauty,2160.12
84,Product_84,Home & Kitchen,3522.86
85,Product_85,Furniture,2984.23
86,Product_86,Beauty,3466.1
87,Product_87,Clothing,479.01
88,Product_88,Clothing,310.71
89,Product_89,Furniture,4194.13
90,Product_90,Beauty,505.69
91,Product_91,Toys,4627.24
92,Product_92,Home & Kitchen,557.28
93,Product_93,Electronics,2180.99
94,Product_94,Sports,2914.15
95,Product_95,Office Supplies,3156.77
96,Product_96,Office Supplies,2921.6
97,Product_97,Furniture,2410.61
98,Product_98,Home & Kitchen,1233.37
99,Product_99,Furniture,2633.6
100,Product_100,Furniture,511.35
101,Product_101,Clothing,1292.67
102,Product_102,Office Supplies,1137.21
103,Product_103,Electronics,2334.89
104,Product_104,Sports,507.07
105,Product_105,Beauty,2892.56
106,Product_106,Clothing,10.23
107,Product_107,Beauty,2878.41
108,Product_108,Office Supplies,4125.92
109,Product_109,Office Supplies,75.05
110,Product_110,Home & Kitchen,4078.19
111,Product_111,Beauty,593.05
112,Product_112,Toys,3076.28
113,Product_113,Furniture,904.99
114,Product_114,Clothing,977.19
115,Product_115,Electronics,3771.17
116,Product_116,Electronics,1216.04
117,Product_117,Sports,2111.27
118,Product_118,Beauty,2743.89
119,Product_119,Home & Kitchen,3222.25
120,Product_120,Clothing,3567.23
121,Product_121,Office Supplies,3225.34
122,Product_122,Furniture,1129.6
123,Product_123,Furniture,1853.5
124,Product_124,Toys,3783.53
125,Product_125,Sports,1948.24
126,Product_126,Toys,4439.27
127,Product_127,Toys,2968.15
128,Product_128,Clothing,4664.01
129,Product_129,Sports,740.56
130,Product_130,Electronics,3976.17
131,Product_131,Beauty,1583.77
132,Product_132,Clothing,567.6
133,Product_133,Toys,1985.35
134,Product_134,Office Supplies,3079.24
135,Product_135,Furniture,1204.36
136,Product_136,Sports,547.84
137,Product_137,Beauty,1522.11
138,Product_138,Clothing,3231.12
139,Product_139,Beauty,2519.51
140,Product_140,Toys,2331.38
141,Product_141,Clothing,608.62
142,Product_142,Furniture,3260.3
143,Product_143,Home & Kitchen,1649.26
144,Product_144,Home & Kitchen,470.84
145,Product_145,Furniture,289.16
146,Product_146,Clothing,1172.15
147,Product_147,Furniture,3085.58
148,Product_148,Toys,4803.59
149,Product_149,Toys,3238.06
150,Product_150,Furniture,332.16
151,Product_151,Electronics,1061.58
152,Product_152,Home & Kitchen,3684.23
153,Product_153,Office Supplies,1589.53
154,Product_154,Home & Kitchen,3414.32
155,Product_155,Toys,257.89
156,Product_156,Office Supplies,4974.33
157,Product_157,Home & Kitchen,3759.16
158,Product_158,Office Supplies,1219.41
159,Product_159,Sports,620.83
160,Product_160,Office Supplies,711.23
161,Product_161,Office Supplies,4113.11
162,Product_162,Sports,1402.74
163,Product_163,Clothing,2976.0
164,Product_164,Sports,3601.71
165,Product_165,Beauty,4898.49
166,Product_166,Electronics,4298.15
167,Product_167,Clothing,3049.23
168,Product_168,Sports,4014.4
169,Product_169,Clothing,3907.45
170,Product_170,Beauty,1141.32
171,Product_171,Electronics,1672.28
172,Product_172,Sports,2088.12
173,Product_173,Toys,2730.65
174,Product_174,Beauty,4395.17
175,Product_175,Beauty,2675.02
176,Product_176,Sports,1955.47
177,Product_177,Home & Kitchen,2261.33
178,Product_178,Furniture,1225.88
179,Product_179,Home & Kitchen,160.18
180,Product_180,Office Supplies,3719.63
181,Product_181,Home & Kitchen,3188.6
182,Product_182,Furniture,3053.47
183,Product_183,Toys,4552.34
184,Product_184,Toys,448.63
185,Product_185,Clothing,2147.52
186,Product_186,Home & Kitchen,4368.2
187,Product_187,Electronics,1511.98
188,Product_188,Home & Kitchen,1711.19
189,Product_189,Home & Kitchen,4843.45
190,Product_190,Beauty,1937.6
191,Product_191,Home & Kitchen,4296.59
192,Product_192,Toys,1370.22
193,Product_193,Furniture,1737.64
194,Product_194,Sports,4731.93
195,Product_195,Toys,2141.1
196,Product_196,Clothing,4460.35
197,Product_197,Office Supplies,4454.06
198,Product_198,Office Supplies,4445.15
199,Product_199,Electronics,1299.12
200,Product_200,Electronics,3114.2
201,Product_201,Clothing,3295.68
202,Product_202,Furniture,1137.35
203,Product_203,Clothing,3434.19
204,Product_204,Clothing,2640.11
205,Product_205,Clothing,2780.72
206,Product_206,Clothing,3616.29
207,Product_207,Electronics,169.07
208,Product_208,Furniture,4974.29
209,Product_209,Beauty,1899.48
210,Product_210,Furniture,2376.4
211,Product_211,Toys,2587.3
212,Product_212,Furniture,4421.7
213,Product_213,Sports,22.9
214,Product_214,Office Supplies,1930.5
215,Product_215,Toys,4590.17
216,Product_216,Beauty,75.3
217,Product_217,Home & Kitchen,2478.14
218,Product_218,Clothing,1167.87
219,Product_219,Electronics,2778.89
220,Product_220,Home & Kitchen,1452.87
221,Product_221,Clothing,2529.48
222,Product_222,Toys,2839.69
223,Product_223,Home & Kitchen,3272.22
224,Product_224,Home & Kitchen,857.12
225,Product_225,Office Supplies,2532.59
226,Product_226,Beauty,1692.45
227,Product_227,Office Supplies,1662.25
228,Product_228,Clothing,369.75
229,Product_229,Sports,3512.01
230,Product_230,Home & Kitchen,3191.36
231,Product_231,Home & Kitchen,2911.13
232,Product_232,Clothing,565.92
233,Product_233,Office Supplies,1594.42
234,Product_234,Beauty,821.35
235,Product_235,Electronics,3829.37
236,Product_236,Toys,996.12
237,Product_237,Office Supplies,511.72
238,Product_238,Office Supplies,2431.86
239,Product_239,Office Supplies,2012.5
240,Product_240,Office Supplies,3158.36
241,Product_241,Furniture,3192.41
242,Product_242,Sports,4600.14
243,Product_243,Beauty,3771.09
244,Product_244,Furniture,1267.32
245,Product_245,Clothing,3503.74
246,Product_246,Office Supplies,2130.35
247,Product_247,Home & Kitchen,3449.66
248,Product_248,Toys,1142.78
249,Product_249,Furniture,4185.29
250,Product_250,Home & Kitchen,3918.6
251,Product_251,Home & Kitchen,4996.53
252,Product_252,Beauty,2268.23
253,Product_253,Furniture,4717.1
254,Product_254,Electronics,1479.24
255,Product_255,Furniture,2393.29
256,Product_256,Beauty,3973.67
257,Product_257,Sports,657.23
258,Product_258,Furniture,1728.01
259,Product_259,Toys,3979.53
260,Product_260,Office Supplies,4582.35
261,Product_261,Furniture,538.88
262,Product_262,Office Supplies,3428.07
263,Product_263,Furniture,194.1
264,Product_264,Electronics,4264.72
265,Product_265,Office Supplies,2249.67
266,Product_266,Electronics,4749.56
267,Product_267,Sports,4267.77
268,Product_268,Electronics,1784.7
269,Product_269,Beauty,1587.01
270,Product_270,Office Supplies,2630.09
271,Product_271,Office Supplies,1035.93
272,Product_272,Electronics,2358.01
273,Product_273,Clothing,2929.14
274,Product_274,Furniture,4255.58
275,Product_275,Home & Kitchen,3055.66
276,Product_276,Home & Kitchen,2476.62
277,Product_277,Toys,1564.75
278,Product_278,Furniture,235.43
279,Product_279,Sports,4807.43
280,Product_280,Electronics,2967.14
281,Product_281,Electronics,1290.88
282,Product_282,Beauty,1752.69
283,Product_283,Home & Kitchen,4390.29
284,Product_284,Toys,37.78
285,Product_285,Home & Kitchen,4423.46
286,Product_286,Clothing,1793.14
287,Product_287,Beauty,1829.08
288,Product_288,Electronics,3785.17
289,Product_289,Home & Kitchen,3671.8
290,Product_290,Home & Kitchen,1906.69
291,Product_291,Beauty,3984.68
292,Product_292,Office Supplies,4022.86
293,Product_293,Office Supplies,3740.63
294,Product_294,Clothing,2213.86
295,Product_295,Electronics,2922.01
296,Product_296,Electronics,1043.25
297,Product_297,Electronics,2227.1
298,Product_298,Toys,4924.61
299,Product_299,Clothing,3987.04
300,Product_300,Sports,3650.18
301,Product_301,Furniture,1715.76
302,Product_302,Electronics,3251.49
303,Product_303,Furniture,3022.36
304,Product_304,Clothing,3973.84
305,Product_305,Office Supplies,3051.73
306,Product_306,Office Supplies,2023.86
307,Product_307,Office Supplies,717.12
308,Product_308,Home & Kitchen,209.43
309,Product_309,Sports,4566.04
310,Product_310,Furniture,112.46
311,Product_311,Electronics,2317.67
312,Product_312,Electronics,4422.6
313,Product_313,Office Supplies,1440.56
314,Product_314,Sports,4556.95
315,Product_315,Home & Kitchen,4859.2
316,Product_316,Toys,2738.6
317,Product_317,Home & Kitchen,2725.48
318,Product_318,Sports,827.66
319,Product_319,Toys,2287.71
320,Product_320,Furniture,4222.8
321,Product_321,Beauty,4427.58
322,Product_322,Clothing,887.27
323,Product_323,Office Supplies,741.17
324,Product_324,Beauty,1134.62
325,Product_325,Home & Kitchen,4309.98
326,Product_326,Furniture,132.34
327,Product_327,Sports,3660.48
328,Product_328,Office Supplies,319.25
329,Product_329,Office Supplies,638.8
330,Product_330,Office Supplies,3051.42
331,Product_331,Furniture,2761.9
332,Product_332,Clothing,13.15
333,Product_333,Home & Kitchen,4163.06
334,Product_334,Clothing,489.79
335,Product_335,Toys,2942.28
336,Product_336,Electronics,4036.46
337,Product_337,Toys,4101.62
338,Product_338,Sports,1100.88
339,Product_339,Electronics,4277.1
340,Product_340,Clothing,1125.99
341,Product_341,Beauty,3619.46
342,Product_342,Home & Kitchen,4487.52
343,Product_343,Furniture,4123.2
344,Product_344,Sports,1847.04
345,Product_345,Clothing,2848.86
346,Product_346,Toys,4590.81
347,Product_347,Sports,2619.71
348,Product_348,Beauty,958.28
349,Product_349,Home & Kitchen,255.52
350,Product_350,Beauty,4294.13
351,Product_351,Furniture,3664.76
352,Product_352,Toys,3108.81
353,Product_353,Home & Kitchen,3546.82
354,Product_354,Clothing,4617.35
355,Product_355,Sports,3548.91
356,Product_356,Toys,2778.53
357,Product_357,Office Supplies,2330.12
358,Product_358,Toys,1581.98
359,Product_359,Clothing,2911.8
360,Product_360,Home & Kitchen,4530.99
361,Product_361,Clothing,4916.39
362,Product_362,Sports,1891.89
363,Product_363,Clothing,4064.75
364,Product_364,Beauty,1200.12
365,Product_365,Office Supplies,4623.79
366,Product_366,Home & Kitchen,324.1
367,Product_367,Home & Kitchen,3998.76
368,Product_368,Sports,1768.08
369,Product_369,Home & Kitchen,3916.55
370,Product_370,Toys,1376.64
371,Product_371,Beauty,2748.59
372,Product_372,Toys,1357.27
373,Product_373,Furniture,718.92
374,Product_374,Sports,2501.95
375,Product_375,Beauty,2071.88
376,Product_376,Beauty,1536.6
377,Product_377,Sports,3221.87
378,Product_378,Home & Kitchen,4258.83
379,Product_379,Home & Kitchen,4822.8
380,Product_380,Clothing,185.85
381,Product_381,Home & Kitchen,1230.61
382,Product_382,Clothing,1048.89
383,Product_383,Beauty,2817.46
384,Product_384,Toys,4271.38
385,Product_385,Electronics,277.21
386,Product_386,Furniture,2271.03
387,Product_387,Sports,2114.33
388,Product_388,Home & Kitchen,173.93
389,Product_389,Electronics,285.38
390,Product_390,Electronics,34.19
391,Product_391,Toys,726.43
392,Product_392,Toys,270.76
393,Product_393,Home & Kitchen,2317.09
394,Product_394,Furniture,697.75
395,Product_395,Electronics,1483.44
396,Product_396,Furniture,3767.51
397,Product_397,Toys,934.17
398,Product_398,Office Supplies,2048.46
399,Product_399,Clothing,1239.36
400,Product_400,Sports,236.19
401,Product_401,Sports,2087.45
402,Product_402,Sports,1765.5
403,Product_403,Electronics,4661.58
404,Product_404,Furniture,2211.33
405,Product_405,Beauty,3812.05
406,Product_406,Office Supplies,1455.74
407,Product_407,Clothing,3133.59
408,Product_408,Clothing,3020.45
409,Product_409,Furniture,4213.96
410,Product_410,Toys,998.27
411,Product_411,Electronics,1710.71
412,Product_412,Electronics,4234.66
413,Product_413,Office Supplies,4551.65
414,Product_414,Sports,2966.22
415,Product_415,Office Supplies,3377.71
416,Product_416,Toys,2984.97
417,Product_417,Home & Kitchen,4495.45
418,Product_418,Home & Kitchen,1013.14
419,Product_419,Furniture,4621.38
420,Product_420,Electronics,1369.61
421,Product_421,Sports,4632.41
422,Product_422,Furniture,4170.97
423,Product_423,Furniture,1569.6
424,Product_424,Sports,75.53
425,Product_425,Beauty,1913.27
426,Product_426,Furniture,426.26
427,Product_427,Electronics,537.04
428,Product_428,Home & Kitchen,48.0
429,Product_429,Home & Kitchen,1773.47
430,Product_430,Clothing,951.17
431,Product_431,Beauty,3842.59
432,Product_432,Toys,1509.0
433,Product_433,Clothing,410.51
434,Product_434,Toys,640.06
435,Product_435,Toys,110.98
436,Product_436,Electronics,1276.36
437,Product_437,Clothing,1750.77
438,Product_438,Beauty,888.55
439,Product_439,Clothing,4492.08
440,Product_440,Toys,2639.84
441,Product_441,Toys,1165.91
442,Product_442,Furniture,3164.38
443,Product_443,Office Supplies,4356.13
444,Product_444,Clothing,4353.57
445,Product_445,Furniture,4175.26
446,Product_446,Office Supplies,314.15
447,Product_447,Toys,2062.34
448,Product_448,Beauty,627.89
449,Product_449,Electronics,3264.76
450,Product_450,Toys,1635.47
451,Product_451,Furniture,2705.11
452,Product_452,Clothing,1054.73
453,Product_453,Office Supplies,3321.13
454,Product_454,Electronics,1680.57
455,Product_455,Furniture,2135.46
456,Product_456,Toys,920.09
457,Product_457,Sports,2366.62
458,Product_458,Electronics,154.15
459,Product_459,Sports,1994.74
460,Product_460,Office Supplies,923.17
461,Product_461,Furniture,3316.32
462,Product_462,Toys,3801.9
463,Product_463,Office Supplies,1150.36
464,Product_464,Clothing,3416.28
465,Product_465,Clothing,475.62
466,Product_466,Electronics,181.58
467,Product_467,Sports,755.19
468,Product_468,Toys,753.82
469,Product_469,Beauty,1638.1
470,Product_470,Clothing,4504.56
471,Product_471,Clothing,4928.48
472,Product_472,Furniture,2373.75
473,Product_473,Sports,4563.7
474,Product_474,Clothing,2623.25
475,Product_475,Office Supplies,1387.65
476,Product_476,Office Supplies,1121.8
477,Product_477,Office Supplies,1086.74
478,Product_478,Beauty,4401.4
479,Product_479,Sports,4353.32
480,Product_480,Beauty,1563.88
481,Product_481,Electronics,2659.4
482,Product_482,Clothing,4822.74
483,Product_483,Beauty,4407.95
484,Product_484,Beauty,4795.37
485,Product_485,Home & Kitchen,3870.44
486,Product_486,Beauty,3800.64
487,Product_487,Electronics,1856.92
488,Product_488,Office Supplies,238.98
489,Product_489,Office Supplies,4868.97
490,Product_490,Sports,701.17
491,Product_491,Sports,1274.99
492,Product_492,Home & Kitchen,4720.69
493,Product_493,Beauty,3872.18
494,Product_494,Electronics,1115.72
495,Product_495,Furniture,3254.56
496,Product_496,Furniture,3191.37
497,Product_497,Sports,1370.96
498,Product_498,Office Supplies,4468.2
499,Product_499,Sports,4853.04
500,Product_500,Sports,3761.78
501,Product_501,Toys,2338.2
502,Product_502,Sports,1089.15
503,Product_503,Home & Kitchen,2367.92
504,Product_504,Beauty,2516.22
505,Product_505,Sports,3477.19
506,Product_506,Home & Kitchen,3895.8
507,Product_507,Beauty,966.94
508,Product_508,Office Supplies,595.58
509,Product_509,Office Supplies,1848.43
510,Product_510,Home & Kitchen,1938.58
511,Product_511,Home & Kitchen,4980.55
512,Product_512,Furniture,466.94
513,Product_513,Home & Kitchen,4909.24
514,Product_514,Furniture,3633.78
515,Product_515,Sports,1139.76
516,Product_516,Furniture,535.9
517,Product_517,Home & Kitchen,189.99
518,Product_518,Home & Kitchen,4220.05
519,Product_519,Electronics,4086.82
520,Product_520,Clothing,3507.66
521,Product_521,Toys,1357.07
522,Product_522,Office Supplies,2550.72
523,Product_523,Clothing,512.62
524,Product_524,Sports,3605.28
525,Product_525,Home & Kitchen,3468.41
526,Product_526,Office Supplies,1996.3
527,Product_527,Beauty,4160.38
528,Product_528,Beauty,4934.0
529,Product_529,Furniture,206.26
530,Product_530,Electronics,4831.15
531,Product_531,Toys,1635.32
532,Product_532,Electronics,4390.58
533,Product_533,Electronics,1656.08
534,Product_534,Beauty,87.69
535,Product_535,Toys,2031.42
536,Product_536,Beauty,3607.46
537,Product_537,Home & Kitchen,4755.16
538,Product_538,Sports,3298.08
539,Product_539,Electronics,3818.93
540,Product_540,Clothing,3390.95
541,Product_541,Furniture,2778.03
542,Product_542,Office Supplies,2485.99
543,Product_543,Home & Kitchen,2965.37
544,Product_544,Home & Kitchen,2272.76
545,Product_545,Sports,376.08
546,Product_546,Home & Kitchen,2030.15
547,Product_547,Clothing,4974.2
548,Product_548,Home & Kitchen,3626.56
549,Product_549,Toys,4939.79
550,Product_550,Clothing,1235.26
551,Product_551,Office Supplies,281.0
552,Product_552,Sports,3137.08
553,Product_553,Home & Kitchen,2084.22
554,Product_554,Home & Kitchen,901.63
555,Product_555,Office Supplies,1741.07
556,Product_556,Clothing,542.84
557,Product_557,Home & Kitchen,394.37
558,Product_558,Sports,1642.62
559,Product_559,Home & Kitchen,4296.6
560,Product_560,Electronics,538.45
561,Product_561,Home & Kitchen,3544.94
562,Product_562,Clothing,4306.36
563,Product_563,Home & Kitchen,2324.65
564,Product_564,Toys,4801.51
565,Product_565,Electronics,3594.58
566,Product_566,Home & Kitchen,3569.28
567,Product_567,Electronics,1765.54
568,Product_568,Beauty,4290.49
569,Product_569,Toys,26.65
570,Product_570,Toys,692.08
571,Product_571,Toys,329.08
572,Product_572,Sports,1188.44
573,Product_573,Beauty,2539.24
574,Product_574,Sports,671.58
575,Product_575,Electronics,1189.36
576,Product_576,Beauty,3671.77
577,Product_577,Beauty,4874.07
578,Product_578,Home & Kitchen,619.08
579,Product_579,Furniture,4527.08
580,Product_580,Beauty,1338.17
581,Product_581,Office Supplies,4954.71
582,Product_582,Home & Kitchen,3206.02
583,Product_583,Home & Kitchen,4535.05
584,Product_584,Clothing,4407.94
585,Product_585,Clothing,3438.46
586,Product_586,Furniture,3430.11
587,Product_587,Clothing,3134.12
588,Product_588,Electronics,3437.96
589,Product_589,Office Supplies,3252.28
590,Product_590,Sports,4829.92
591,Product_591,Furniture,801.53
592,Product_592,Clothing,4788.56
593,Product_593,Sports,2249.03
594,Product_594,Furniture,1333.27
595,Product_595,Office Supplies,1577.5
596,Product_596,Office Supplies,12.32
597,Product_597,Clothing,4720.2
598,Product_598,Toys,1918.46
599,Product_599,Clothing,2685.11
600,Product_600,Beauty,2243.03
601,Product_601,Office Supplies,2714.19
602,Product_602,Beauty,1720.66
603,Product_603,Office Supplies,487.86
604,Product_604,Electronics,272.09
605,Product_605,Office Supplies,367.29
606,Product_606,Home & Kitchen,1162.61
607,Product_607,Toys,4490.89
608,Product_608,Electronics,3443.96
609,Product_609,Clothing,4730.84
610,Product_610,Sports,4322.63
611,Product_611,Sports,3336.7
612,Product_612,Office Supplies,748.94
613,Product_613,Office Supplies,1303.22
614,Product_614,Beauty,214.9
615,Product_615,Furniture,142.78
616,Product_616,Toys,3459.01
617,Product_617,Toys,4022.74
618,Product_618,Furniture,510.65
619,Product_619,Sports,4079.99
620,Product_620,Beauty,4562.55
621,Product_621,Beauty,4526.87
622,Product_622,Electronics,2912.04
623,Product_623,Sports,2256.0
624,Product_624,Toys,1639.48
625,Product_625,Beauty,3448.96
626,Product_626,Toys,2857.06
627,Product_627,Toys,242.52
628,Product_628,Electronics,4119.83
629,Product_629,Toys,3648.17
630,Product_630,Clothing,3664.7
631,Product_631,Home & Kitchen,3408.58
632,Product_632,Toys,4740.31
633,Product_633,Beauty,3626.41
634,Product_634,Home & Kitchen,4346.35
635,Product_635,Sports,331.18
636,Product_636,Beauty,1443.27
637,Product_637,Beauty,4481.01
638,Product_638,Clothing,1743.91
639,Product_639,Office Supplies,4370.51
640,Product_640,Sports,3178.52
641,Product_641,Clothing,3914.28
642,Product_642,Office Supplies,518.27
643,Product_643,Toys,1719.14
644,Product_644,Clothing,2890.1
645,Product_645,Home & Kitchen,1250.87
646,Product_646,Electronics,1704.91
647,Product_647,Home & Kitchen,29.01
648,Product_648,Beauty,697.26
649,Product_649,Office Supplies,4886.93
650,Product_650,Home & Kitchen,4956.86
651,Product_651,Office Supplies,18.23
652,Product_652,Office Supplies,4791.81
653,Product_653,Clothing,4786.24
654,Product_654,Electronics,412.34
655,Product_655,Furniture,1228.02
656,Product_656,Office Supplies,3345.36
657,Product_657,Furniture,455.69
658,Product_658,Toys,494.85
659,Product_659,Office Supplies,1164.25
660,Product_660,Clothing,4191.37
661,Product_661,Toys,4136.79
662,Product_662,Office Supplies,4229.42
663,Product_663,Electronics,4273.79
664,Product_664,Furniture,2788.04
665,Product_665,Sports,4283.84
666,Product_666,Home & Kitchen,1369.75
667,Product_667,Electronics,2589.72
668,Product_668,Office Supplies,362.09
669,Product_669,Office Supplies,892.75
670,Product_670,Toys,4831.77
671,Product_671,Electronics,520.84
672,Product_672,Clothing,771.98
673,Product_673,Sports,1168.9
674,Product_674,Furniture,1482.43
675,Product_675,Toys,682.13
676,Product_676,Electronics,3258.78
677,Product_677,Sports,3613.21
678,Product_678,Office Supplies,4185.85
679,Product_679,Office Supplies,263.22
680,Product_680,Electronics,3469.33
681,Product_681,Furniture,3601.55
682,Product_682,Electronics,2944.4
683,Product_683,Office Supplies,2653.15
684,Product_684,Home & Kitchen,2235.53
685,Product_685,Clothing,2620.68
686,Product_686,Electronics,2880.0
687,Product_687,Office Supplies,2418.76
688,Product_688,Clothing,2903.99
689,Product_689,Clothing,2404.24
690,Product_690,Toys,3469.71
691,Product_691,Clothing,1111.82
692,Product_692,Toys,2517.87
693,Product_693,Office Supplies,51.21
694,Product_694,Toys,534.27
695,Product_695,Sports,2523.9
696,Product_696,Toys,2708.78
697,Product_697,Clothing,895.72
698,Product_698,Toys,2584.51
699,Product_699,Furniture,257.37
700,Product_700,Sports,659.97
701,Product_701,Home & Kitchen,559.62
702,Product_702,Toys,3228.51
703,Product_703,Clothing,1493.87
704,Product_704,Toys,870.14
705,Product_705,Home & Kitchen,3687.06
706,Product_706,Furniture,3860.52
707,Product_707,Toys,4249.79
708,Product_708,Furniture,4612.84
709,Product_709,Beauty,565.13
710,Product_710,Office Supplies,3912.43
711,Product_711,Beauty,1597.13
712,Product_712,Beauty,165.89
713,Product_713,Clothing,897.6
714,Product_714,Office Supplies,2876.38
715,Product_715,Sports,516.07
716,Product_716,Furniture,406.69
717,Product_717,Beauty,3836.23
718,Product_718,Home & Kitchen,2226.87
719,Product_719,Electronics,3826.59
720,Product_720,Clothing,3564.45
721,Product_721,Home & Kitchen,3258.76
722,Product_722,Toys,2519.8
723,Product_723,Sports,2165.92
724,Product_724,Electronics,497.74
725,Product_725,Office Supplies,4135.35
726,Product_726,Toys,3900.61
727,Product_727,Toys,4808.73
728,Product_728,Home & Kitchen,2682.49
729,Product_729,Home & Kitchen,124.9
730,Product_730,Office Supplies,3186.3
731,Product_731,Furniture,3686.28
732,Product_732,Furniture,2757.01
733,Product_733,Office Supplies,3985.3
734,Product_734,Toys,2547.97
735,Product_735,Beauty,2007.08
736,Product_736,Furniture,99.74
737,Product_737,Clothing,1491.34
738,Product_738,Office Supplies,341.55
739,Product_739,Office Supplies,503.16
740,Product_740,Electronics,1547.24
741,Product_741,Toys,3100.48
742,Product_742,Electronics,1192.8
743,Product_743,Furniture,1458.89
744,Product_744,Office Supplies,3315.81
745,Product_745,Furniture,3159.03
746,Product_746,Clothing,261.2
747,Product_747,Sports,1406.47
748,Product_748,Sports,343.12
749,Product_749,Toys,3291.1
750,Product_750,Beauty,4117.5
751,Product_751,Beauty,2921.16
752,Product_752,Electronics,3022.27
753,Product_753,Toys,151.68
754,Product_754,Sports,686.66
755,Product_755,Home & Kitchen,2337.88
756,Product_756,Furniture,3803.79
757,Product_757,Beauty,4322.18
758,Product_758,Office Supplies,908.17
759,Product_759,Clothing,1938.06
760,Product_760,Furniture,1085.42
761,Product_761,Clothing,1063.15
762,Product_762,Furniture,363.63
763,Product_763,Clothing,3352.27
764,Product_764,Clothing,4024.66
765,Product_765,Clothing,1747.82
766,Product_766,Beauty,3184.56
767,Product_767,Furniture,4806.55
768,Product_768,Electronics,2251.57
769,Product_769,Home & Kitchen,3667.21
770,Product_770,Toys,4365.18
771,Product_771,Office Supplies,3290.58
772,Product_772,Home & Kitchen,3720.72
773,Product_773,Beauty,4074.97
774,Product_774,Beauty,425.42
775,Product_775,Home & Kitchen,4665.54
776,Product_776,Office Supplies,762.06
777,Product_777,Toys,2097.61
778,Product_778,Toys,2118.65
779,Product_779,Office Supplies,2298.32
780,Product_780,Electronics,4246.34
781,Product_781,Toys,4666.08
782,Product_782,Furniture,1898.68
783,Product_783,Toys,4342.39
784,Product_784,Home & Kitchen,90.51
785,Product_785,Sports,2892.14
786,Product_786,Home & Kitchen,4672.14
787,Product_787,Furniture,920.67
788,Product_788,Clothing,1948.34
789,Product_789,Toys,365.29
790,Product_790,Clothing,788.02
791,Product_791,Office Supplies,1184.46
792,Product_792,Toys,75.22
793,Product_793,Beauty,750.96
794,Product_794,Beauty,4605.5
795,Product_795,Home & Kitchen,2069.75
796,Product_796,Toys,3828.09
797,Product_797,Sports,2766.48
798,Product_798,Electronics,559.5
799,Product_799,Furniture,98.57
800,Product_800,Beauty,188.28
801,Product_801,Toys,4780.33
802,Product_802,Toys,2670.18
803,Product_803,Furniture,2857.43
804,Product_804,Clothing,1241.62
805,Product_805,Toys,2419.73
806,Product_806,Electronics,2453.08
807,Product_807,Furniture,1850.35
808,Product_808,Furniture,1910.39
809,Product_809,Furniture,3264.34
810,Product_810,Sports,1347.28
811,Product_811,Beauty,3642.99
812,Product_812,Beauty,3453.66
813,Product_813,Furniture,1923.88
814,Product_814,Sports,3050.45
815,Product_815,Clothing,4922.38
816,Product_816,Office Supplies,266.16
817,Product_817,Toys,739.66
818,Product_818,Sports,2455.35
819,Product_819,Furniture,4201.22
820,Product_820,Toys,2478.55
821,Product_821,Toys,1258.72
822,Product_822,Electronics,3470.18
823,Product_823,Electronics,550.85
824,Product_824,Clothing,4190.81
825,Product_825,Toys,2345.9
826,Product_826,Sports,3702.44
827,Product_827,Office Supplies,3445.38
828,Product_828,Furniture,1113.33
829,Product_829,Furniture,464.47
830,Product_830,Sports,3551.55
831,Product_831,Office Supplies,3418.13
832,Product_832,Clothing,4493.54
833,Product_833,Beauty,2900.74
834,Product_834,Toys,4002.04
835,Product_835,Sports,787.71
836,Product_836,Beauty,3719.87
837,Product_837,Toys,4118.53
838,Product_838,Electronics,2929.09
839,Product_839,Furniture,2256.44
840,Product_840,Sports,743.7
841,Product_841,Toys,3844.67
842,Product_842,Sports,2264.21
843,Product_843,Furniture,2555.49
844,Product_844,Sports,3781.02
845,Product_845,Sports,4763.67
846,Product_846,Sports,3748.36
847,Product_847,Clothing,3192.67
848,Product_848,Electronics,501.81
849,Product_849,Office Supplies,947.35
850,Product_850,Beauty,157.03
851,Product_851,Clothing,4925.46
852,Product_852,Toys,1768.37
853,Product_853,Beauty,2066.44
854,Product_854,Toys,4204.47
855,Product_855,Sports,1552.12
856,Product_856,Beauty,29.51
857,Product_857,Sports,814.07
858,Product_858,Beauty,3253.61
859,Product_859,Furniture,4464.44
860,Product_860,Home & Kitchen,3683.33
861,Product_861,Toys,2344.2
862,Product_862,Sports,2006.3
863,Product_863,Sports,4790.7
864,Product_864,Toys,3974.1
865,Product_865,Home & Kitchen,3754.83
866,Product_866,Clothing,3415.16
867,Product_867,Furniture,2757.57
868,Product_868,Office Supplies,372.68
869,Product_869,Electronics,1444.64
870,Product_870,Home & Kitchen,2380.09
871,Product_871,Sports,3251.7
872,Product_872,Clothing,3710.17
873,Product_873,Beauty,1052.67
874,Product_874,Furniture,1613.12
875,Product_875,Home & Kitchen,2350.9
876,Product_876,Clothing,4805.97
877,Product_877,Electronics,2423.42
878,Product_878,Office Supplies,355.37
879,Product_879,Sports,526.72
880,Product_880,Home & Kitchen,4511.33
881,Product_881,Clothing,396.64
882,Product_882,Electronics,1951.6
883,Product_883,Furniture,3289.16
884,Product_884,Clothing,2719.82
885,Product_885,Furniture,3242.23
886,Product_886,Furniture,624.65
887,Product_887,Sports,4584.76
888,Product_888,Home & Kitchen,2054.35
889,Product_889,Beauty,4056.97
890,Product_890,Clothing,2511.12
891,Product_891,Electronics,2746.91
892,Product_892,Clothing,2493.83
893,Product_893,Office Supplies,4068.24
894,Product_894,Office Supplies,1619.53
895,Product_895,Home & Kitchen,4031.2
896,Product_896,Electronics,3113.04
897,Product_897,Home & Kitchen,1347.88
898,Product_898,Electronics,4563.44
899,Product_899,Electronics,4810.01
900,Product_900,Toys,275.68
901,Product_901,Electronics,3797.91
902,Product_902,Office Supplies,1026.7
903,Product_903,Clothing,1379.47
904,Product_904,Clothing,3695.36
905,Product_905,Furniture,2264.3
906,Product_906,Office Supplies,3301.91
907,Product_907,Toys,1767.37
908,Product_908,Electronics,2797.12
909,Product_909,Office Supplies,3003.06
910,Product_910,Toys,3520.59
911,Product_911,Office Supplies,3063.76
912,Product_912,Home & Kitchen,3803.07
913,Product_913,Home & Kitchen,2228.55
914,Product_914,Home & Kitchen,2008.53
915,Product_915,Beauty,459.88
916,Product_916,Beauty,1491.08
917,Product_917,Furniture,4619.49
918,Product_918,Electronics,3355.65
919,Product_919,Toys,3648.47
920,Product_920,Furniture,3747.96
921,Product_921,Home & Kitchen,2857.02
922,Product_922,Home & Kitchen,1754.81
923,Product_923,Home & Kitchen,3028.82
924,Product_924,Toys,2950.03
925,Product_925,Furniture,1100.23
926,Product_926,Office Supplies,2046.02
927,Product_927,Clothing,4409.72
928,Product_928,Furniture,378.57
929,Product_929,Electronics,3068.88
930,Product_930,Beauty,1454.06
931,Product_931,Furniture,2278.39
932,Product_932,Sports,4832.96
933,Product_933,Toys,1264.79
934,Product_934,Clothing,4840.2
935,Product_935,Beauty,471.84
936,Product_936,Office Supplies,4352.12
937,Product_937,Office Supplies,50.88
938,Product_938,Sports,1684.54
939,Product_939,Sports,4641.04
940,Product_940,Home & Kitchen,4866.48
941,Product_941,Toys,2264.05
942,Product_942,Toys,3731.31
943,Product_943,Beauty,210.57
944,Product_944,Beauty,3582.23
945,Product_945,Home & Kitchen,2938.2
946,Product_946,Office Supplies,4025.85
947,Product_947,Beauty,2151.66
948,Product_948,Electronics,4673.47
949,Product_949,Clothing,4026.35
950,Product_950,Sports,4056.14
951,Product_951,Beauty,317.38
952,Product_952,Office Supplies,1780.86
953,Product_953,Clothing,486.14
954,Product_954,Office Supplies,421.56
955,Product_955,Electronics,4893.56
956,Product_956,Electronics,781.21
957,Product_957,Clothing,4309.03
958,Product_958,Home & Kitchen,160.89
959,Product_959,Clothing,1632.38
960,Product_960,Office Supplies,4078.79
961,Product_961,Toys,2224.65
962,Product_962,Toys,2529.48
963,Product_963,Sports,4619.54
964,Product_964,Office Supplies,4042.65
965,Product_965,Beauty,973.96
966,Product_966,Furniture,1145.29
967,Product_967,Sports,4845.06
968,Product_968,Beauty,1453.89
969,Product_969,Beauty,4396.49
970,Product_970,Home & Kitchen,3827.83
971,Product_971,Home & Kitchen,4689.89
972,Product_972,Toys,519.66
973,Product_973,Furniture,2234.33
974,Product_974,Toys,4022.21
975,Product_975,Toys,3316.98
976,Product_976,Furniture,2057.74
977,Product_977,Electronics,1645.56
978,Product_978,Toys,3437.39
979,Product_979,Home & Kitchen,4704.04
980,Product_980,Sports,30.75
981,Product_981,Home & Kitchen,1334.72
982,Product_982,Office Supplies,2430.63
983,Product_983,Furniture,709.97
984,Product_984,Home & Kitchen,2501.51
985,Product_985,Office Supplies,3642.25
986,Product_986,Beauty,3465.94
987,Product_987,Beauty,751.87
988,Product_988,Furniture,103.14
989,Product_989,Electronics,3452.12
990,Product_990,Beauty,3961.47
991,Product_991,Clothing,2629.38
992,Product_992,Beauty,3017.91
993,Product_993,Sports,2891.23
994,Product_994,Home & Kitchen,863.3
995,Product_995,Office Supplies,4326.57
996,Product_996,Furniture,3467.54
997,Product_997,Beauty,3499.02
998,Product_998,Furniture,50.69
999,Product_999,Sports,247.55
1000,Product_1000,Furniture,1754.0
1001,Product_1001,Toys,705.64
1002,Product_1002,Home & Kitchen,4215.1
1003,Product_1003,Home & Kitchen,599.81
1004,Product_1004,Furniture,2133.17
1005,Product_1005,Toys,3943.83
1006,Product_1006,Electronics,3052.91
1007,Product_1007,Furniture,2886.18
1008,Product_1008,Office Supplies,971.72
1009,Product_1009,Electronics,1458.28
1010,Product_1010,Clothing,4502.82
1011,Product_1011,Sports,1428.69
1012,Product_1012,Home & Kitchen,278.16
1013,Product_1013,Clothing,2740.9
1014,Product_1014,Office Supplies,2567.85
1015,Product_1015,Clothing,1558.12
1016,Product_1016,Sports,2033.02
1017,Product_1017,Toys,3526.88
1018,Product_1018,Clothing,4115.6
1019,Product_1019,Electronics,3752.68
1020,Product_1020,Clothing,3450.44
1021,Product_1021,Office Supplies,4704.78
1022,Product_1022,Clothing,3108.61
1023,Product_1023,Clothing,2947.96
1024,Product_1024,Office Supplies,1046.23
1025,Product_1025,Home & Kitchen,1114.45
1026,Product_1026,Furniture,3861.08
1027,Product_1027,Sports,4262.91
1028,Product_1028,Toys,1337.8
1029,Product_1029,Electronics,16.65
1030,Product_1030,Furniture,2614.56
1031,Product_1031,Toys,112.33
1032,Product_1032,Clothing,1438.32
1033,Product_1033,Office Supplies,3604.04
1034,Product_1034,Office Supplies,4782.12
1035,Product_1035,Sports,4850.72
1036,Product_1036,Toys,3737.25
1037,Product_1037,Home & Kitchen,4608.37
1038,Product_1038,Toys,3540.05
1039,Product_1039,Furniture,2866.53
1040,Product_1040,Furniture,4609.88
1041,Product_1041,Beauty,2565.14
1042,Product_1042,Sports,4728.61
1043,Product_1043,Clothing,2275.2
1044,Product_1044,Beauty,986.0
1045,Product_1045,Toys,546.78
1046,Product_1046,Clothing,2193.99
1047,Product_1047,Clothing,1699.99
1048,Product_1048,Beauty,2733.1
1049,Product_1049,Beauty,363.87
1050,Product_1050,Home & Kitchen,4024.54
1051,Product_1051,Office Supplies,3792.13
1052,Product_1052,Furniture,4789.3
1053,Product_1053,Furniture,2288.96
1054,Product_1054,Furniture,4620.28
1055,Product_1055,Sports,1622.91
1056,Product_1056,Home & Kitchen,3996.45
1057,Product_1057,Electronics,4516.07
1058,Product_1058,Home & Kitchen,2092.05
1059,Product_1059,Beauty,3224.91
1060,Product_1060,Beauty,78.42
1061,Product_1061,Clothing,390.23
1062,Product_1062,Toys,3846.56
1063,Product_1063,Beauty,557.13
1064,Product_1064,Furniture,2960.33
1065,Product_1065,Clothing,1301.29
1066,Product_1066,Sports,3363.31
1067,Product_1067,Sports,4139.57
1068,Product_1068,Office Supplies,1597.57
1069,Product_1069,Office Supplies,177.74
1070,Product_1070,Sports,2256.61
1071,Product_1071,Toys,2000.85
1072,Product_1072,Clothing,2451.86
1073,Product_1073,Electronics,23.82
1074,Product_1074,Clothing,2256.18
1075,Product_1075,Toys,470.62
1076,Product_1076,Clothing,4733.14
1077,Product_1077,Clothing,435.23
1078,Product_1078,Sports,3988.72
1079,Product_1079,Electronics,1616.13
1080,Product_1080,Electronics,3245.62
1081,Product_1081,Home & Kitchen,2024.91
1082,Product_1082,Toys,2777.71
1083,Product_1083,Furniture,4043.49
1084,Product_1084,Clothing,3115.56
1085,Product_1085,Furniture,4937.58
1086,Product_1086,Toys,4344.89
1087,Product_1087,Office Supplies,496.23
1088,Product_1088,Furniture,477.92
1089,Product_1089,Electronics,1268.9
1090,Product_1090,Electronics,2207.93
1091,Product_1091,Furniture,3513.36
1092,Product_1092,Beauty,4164.18
1093,Product_1093,Electronics,257.51
1094,Product_1094,Toys,761.06
1095,Product_1095,Sports,4264.41
1096,Product_1096,Electronics,3842.17
1097,Product_1097,Toys,345.28
1098,Product_1098,Office Supplies,3441.99
1099,Product_1099,Home & Kitchen,3266.3
1100,Product_1100,Office Supplies,2280.09
1101,Product_1101,Toys,2387.9
1102,Product_1102,Clothing,444.82
1103,Product_1103,Office Supplies,4778.91
1104,Product_1104,Beauty,1543.69
1105,Product_1105,Clothing,2205.47
1106,Product_1106,Electronics,3569.99
1107,Product_1107,Sports,720.65
1108,Product_1108,Electronics,271.69
1109,Product_1109,Furniture,3549.57
1110,Product_1110,Clothing,1679.14
1111,Product_1111,Sports,2612.37
1112,Product_1112,Home & Kitchen,3528.76
1113,Product_1113,Office Supplies,3794.99
1114,Product_1114,Beauty,1019.73
1115,Product_1115,Electronics,2320.74
1116,Product_1116,Furniture,2488.59
1117,Product_1117,Beauty,3297.01
1118,Product_1118,Office Supplies,363.65
1119,Product_1119,Clothing,679.27
1120,Product_1120,Toys,1283.32
1121,Product_1121,Clothing,2974.55
1122,Product_1122,Toys,585.44
1123,Product_1123,Toys,924.55
1124,Product_1124,Office Supplies,1363.04
1125,Product_1125,Beauty,993.23
1126,Product_1126,Toys,237.08
1127,Product_1127,Sports,1228.5
1128,Product_1128,Office Supplies,791.98
1129,Product_1129,Furniture,77.93
1130,Product_1130,Home & Kitchen,3484.91
1131,Product_1131,Furniture,1524.14
1132,Product_1132,Furniture,3935.83
1133,Product_1133,Clothing,1869.9
1134,Product_1134,Toys,1723.2
1135,Product_1135,Home & Kitchen,1789.21
1136,Product_1136,Toys,4442.01
1137,Product_1137,Clothing,337.51
1138,Product_1138,Clothing,1772.83
1139,Product_1139,Office Supplies,545.29
1140,Product_1140,Clothing,3564.22
1141,Product_1141,Beauty,2934.39
1142,Product_1142,Furniture,1748.5
1143,Product_1143,Clothing,765.26
1144,Product_1144,Beauty,1636.31
1145,Product_1145,Beauty,3640.81
1146,Product_1146,Sports,2289.97
1147,Product_1147,Office Supplies,1606.45
1148,Product_1148,Home & Kitchen,1256.09
1149,Product_1149,Beauty,1397.83
1150,Product_1150,Beauty,3092.24
1151,Product_1151,Office Supplies,2709.86
1152,Product_1152,Office Supplies,2836.03
1153,Product_1153,Furniture,4877.42
1154,Product_1154,Sports,2026.45
1155,Product_1155,Furniture,2776.0
1156,Product_1156,Furniture,4711.26
1157,Product_1157,Furniture,1555.53
1158,Product_1158,Office Supplies,1446.21
1159,Product_1159,Furniture,4645.79
1160,Product_1160,Office Supplies,2592.76
1161,Product_1161,Home & Kitchen,2012.79
1162,Product_1162,Electronics,2694.09
1163,Product_1163,Sports,1994.81
1164,Product_1164,Office Supplies,4603.2
1165,Product_1165,Electronics,706.53
1166,Product_1166,Office Supplies,3289.95
1167,Product_1167,Office Supplies,2215.63
1168,Product_1168,Furniture,3655.68
1169,Product_1169,Sports,1592.55
1170,Product_1170,Toys,3072.25
1171,Product_1171,Beauty,4775.13
1172,Product_1172,Furniture,4922.65
1173,Product_1173,Beauty,2810.76
1174,Product_1174,Toys,61.4
1175,Product_1175,Toys,1690.14
1176,Product_1176,Beauty,132.6
1177,Product_1177,Electronics,3838.35
1178,Product_1178,Clothing,1502.84
1179,Product_1179,Electronics,4101.01
1180,Product_1180,Office Supplies,2202.1
1181,Product_1181,Office Supplies,3777.81
1182,Product_1182,Beauty,1675.56
1183,Product_1183,Furniture,2008.67
1184,Product_1184,Toys,434.86
1185,Product_1185,Home & Kitchen,782.91
1186,Product_1186,Beauty,890.08
1187,Product_1187,Electronics,2993.43
1188,Product_1188,Toys,292.21
1189,Product_1189,Clothing,2709.97
1190,Product_1190,Home & Kitchen,1521.32
1191,Product_1191,Toys,2984.55
1192,Product_1192,Toys,2695.12
1193,Product_1193,Home & Kitchen,2718.32
1194,Product_1194,Office Supplies,4677.22
1195,Product_1195,Office Supplies,1021.82
1196,Product_1196,Electronics,99.2
1197,Product_1197,Sports,1651.59
1198,Product_1198,Furniture,1348.54
1199,Product_1199,Beauty,4688.8
1200,Product_1200,Home & Kitchen,143.33
1201,Product_1201,Home & Kitchen,149.53
1202,Product_1202,Office Supplies,1363.11
1203,Product_1203,Sports,486.32
1204,Product_1204,Sports,3582.57
1205,Product_1205,Clothing,3413.53
1206,Product_1206,Beauty,3397.22
1207,Product_1207,Office Supplies,4810.47
1208,Product_1208,Sports,4883.04
1209,Product_1209,Clothing,4386.11
1210,Product_1210,Office Supplies,1847.19
1211,Product_1211,Home & Kitchen,2203.96
1212,Product_1212,Beauty,3524.69
1213,Product_1213,Furniture,3442.05
1214,Product_1214,Electronics,2973.85
1215,Product_1215,Furniture,728.65
1216,Product_1216,Furniture,4939.18
1217,Product_1217,Clothing,852.42
1218,Product_1218,Toys,2520.51
1219,Product_1219,Sports,1082.29
1220,Product_1220,Electronics,320.25
1221,Product_1221,Beauty,3987.52
1222,Product_1222,Home & Kitchen,81.51
1223,Product_1223,Sports,4006.87
1224,Product_1224,Toys,1812.71
1225,Product_1225,Beauty,3255.61
1226,Product_1226,Clothing,1163.44
1227,Product_1227,Furniture,2365.7
1228,Product_1228,Toys,798.17
1229,Product_1229,Electronics,221.07
1230,Product_1230,Beauty,1968.7
1231,Product_1231,Home & Kitchen,1562.13
1232,Product_1232,Sports,3346.07
1233,Product_1233,Office Supplies,2346.61
1234,Product_1234,Clothing,4157.4
1235,Product_1235,Furniture,578.75
1236,Product_1236,Home & Kitchen,1518.26
1237,Product_1237,Clothing,4958.97
1238,Product_1238,Furniture,2868.64
1239,Product_1239,Sports,2807.56
1240,Product_1240,Beauty,4548.93
1241,Product_1241,Furniture,1567.9
1242,Product_1242,Electronics,2173.34
1243,Product_1243,Furniture,1074.24
1244,Product_1244,Toys,601.22
1245,Product_1245,Toys,4719.97
1246,Product_1246,Toys,3441.08
1247,Product_1247,Sports,3325.13
1248,Product_1248,Office Supplies,1228.62
1249,Product_1249,Home & Kitchen,2407.24
1250,Product_1250,Home & Kitchen,4751.71
1251,Product_1251,Home & Kitchen,1001.22
1252,Product_1252,Toys,3064.52
1253,Product_1253,Electronics,2736.66
1254,Product_1254,Home & Kitchen,1343.44
1255,Product_1255,Beauty,2750.02
1256,Product_1256,Office Supplies,4774.42
1257,Product_1257,Electronics,588.4
1258,Product_1258,Beauty,1818.93
1259,Product_1259,Toys,3577.77
1260,Product_1260,Sports,2685.63
1261,Product_1261,Home & Kitchen,3896.3
1262,Product_1262,Office Supplies,3684.41
1263,Product_1263,Furniture,3086.03
1264,Product_1264,Beauty,3802.19
1265,Product_1265,Clothing,3027.1
1266,Product_1266,Office Supplies,1957.15
1267,Product_1267,Sports,3176.77
1268,Product_1268,Electronics,2481.0
1269,Product_1269,Beauty,1841.33
1270,Product_1270,Home & Kitchen,2340.62
1271,Product_1271,Clothing,4889.18
1272,Product_1272,Beauty,1619.93
1273,Product_1273,Furniture,2618.18
1274,Product_1274,Furniture,4184.5
1275,Product_1275,Home & Kitchen,2844.94
1276,Product_1276,Beauty,1063.67
1277,Product_1277,Sports,2437.89
1278,Product_1278,Sports,2890.28
1279,Product_1279,Office Supplies,3173.47
1280,Product_1280,Toys,2789.75
1281,Product_1281,Office Supplies,1087.72
1282,Product_1282,Clothing,1262.34
1283,Product_1283,Sports,2031.6
1284,Product_1284,Clothing,2704.09
1285,Product_1285,Toys,1738.91
1286,Product_1286,Home & Kitchen,3232.23
1287,Product_1287,Clothing,1363.91
1288,Product_1288,Office Supplies,3778.31
1289,Product_1289,Home & Kitchen,1794.95
1290,Product_1290,Furniture,3784.6
1291,Product_1291,Beauty,3476.26
1292,Product_1292,Home & Kitchen,4164.04
1293,Product_1293,Clothing,2994.73
1294,Product_1294,Furniture,4977.71
1295,Product_1295,Electronics,4624.18
1296,Product_1296,Office Supplies,4787.4
1297,Product_1297,Sports,4221.18
1298,Product_1298,Toys,542.53
1299,Product_1299,Office Supplies,4835.92
1300,Product_1300,Furniture,1930.29
1301,Product_1301,Beauty,4613.65
1302,Product_1302,Beauty,1664.05
1303,Product_1303,Toys,537.72
1304,Product_1304,Electronics,4008.61
1305,Product_1305,Electronics,439.77
1306,Product_1306,Furniture,251.28
1307,Product_1307,Electronics,1515.45
1308,Product_1308,Toys,1716.34
1309,Product_1309,Toys,1772.2
1310,Product_1310,Electronics,2704.7
1311,Product_1311,Office Supplies,441.04
1312,Product_1312,Office Supplies,4791.3
1313,Product_1313,Furniture,1964.41
1314,Product_1314,Sports,3022.06
1315,Product_1315,Beauty,2036.61
1316,Product_1316,Office Supplies,1727.93
1317,Product_1317,Electronics,3574.87
1318,Product_1318,Home & Kitchen,4188.03
1319,Product_1319,Home & Kitchen,4746.79
1320,Product_1320,Clothing,423.12
1321,Product_1321,Toys,1397.33
1322,Product_1322,Clothing,1285.68
1323,Product_1323,Electronics,1536.85
1324,Product_1324,Furniture,2568.53
1325,Product_1325,Beauty,1988.47
1326,Product_1326,Toys,1238.33
1327,Product_1327,Office Supplies,380.97
1328,Product_1328,Toys,4693.04
1329,Product_1329,Sports,1404.22
1330,Product_1330,Sports,1683.81
1331,Product_1331,Office Supplies,467.81
1332,Product_1332,Sports,2418.65
1333,Product_1333,Electronics,4478.57
1334,Product_1334,Sports,4193.7
1335,Product_1335,Office Supplies,273.77
1336,Product_1336,Sports,1324.89
1337,Product_1337,Sports,2277.08
1338,Product_1338,Electronics,1549.16
1339,Product_1339,Beauty,3110.48
1340,Product_1340,Sports,3461.68
1341,Product_1341,Office Supplies,249.22
1342,Product_1342,Toys,3800.24
1343,Product_1343,Clothing,1598.45
1344,Product_1344,Toys,2256.35
1345,Product_1345,Clothing,660.23
1346,Product_1346,Beauty,931.89
1347,Product_1347,Furniture,3337.64
1348,Product_1348,Office Supplies,4469.43
1349,Product_1349,Electronics,1336.35
1350,Product_1350,Office Supplies,3110.71
1351,Product_1351,Office Supplies,3527.23
1352,Product_1352,Office Supplies,638.11
1353,Product_1353,Beauty,4349.51
1354,Product_1354,Sports,2168.66
1355,Product_1355,Furniture,1509.09
1356,Product_1356,Electronics,1254.58
1357,Product_1357,Clothing,906.2
1358,Product_1358,Electronics,1301.57
1359,Product_1359,Furniture,419.69
1360,Product_1360,Clothing,603.48
1361,Product_1361,Sports,2162.9
1362,Product_1362,Electronics,1762.6
1363,Product_1363,Office Supplies,1509.05
1364,Product_1364,Clothing,4566.12
1365,Product_1365,Clothing,3566.91
1366,Product_1366,Sports,1345.52
1367,Product_1367,Electronics,1101.43
1368,Product_1368,Toys,3331.44
1369,Product_1369,Home & Kitchen,3698.81
1370,Product_1370,Beauty,3049.05
1371,Product_1371,Furniture,2265.5
1372,Product_1372,Office Supplies,2324.24
1373,Product_1373,Home & Kitchen,2822.2
1374,Product_1374,Furniture,892.94
1375,Product_1375,Furniture,3502.81
1376,Product_1376,Beauty,2462.88
1377,Product_1377,Toys,263.44
1378,Product_1378,Clothing,1062.75
1379,Product_1379,Office Supplies,1977.51
1380,Product_1380,Home & Kitchen,3731.65
1381,Product_1381,Home & Kitchen,1116.64
1382,Product_1382,Home & Kitchen,4151.41
1383,Product_1383,Furniture,4094.43
1384,Product_1384,Home & Kitchen,352.93
1385,Product_1385,Furniture,2260.54
1386,Product_1386,Clothing,231.57
1387,Product_1387,Furniture,1676.94
1388,Product_1388,Furniture,3864.52
1389,Product_1389,Beauty,197.49
1390,Product_1390,Home & Kitchen,512.14
1391,Product_1391,Home & Kitchen,2737.92
1392,Product_1392,Furniture,2907.28
1393,Product_1393,Toys,2114.28
1394,Product_1394,Office Supplies,1496.78
1395,Product_1395,Office Supplies,2146.63
1396,Product_1396,Sports,1803.58
1397,Product_1397,Toys,1402.8
1398,Product_1398,Home & Kitchen,1450.83
1399,Product_1399,Clothing,798.05
1400,Product_1400,Home & Kitchen,441.59
1401,Product_1401,Sports,807.45
1402,Product_1402,Sports,4640.17
1403,Product_1403,Furniture,2723.59
1404,Product_1404,Toys,171.2
1405,Product_1405,Toys,1652.22
1406,Product_1406,Furniture,1509.34
1407,Product_1407,Electronics,4619.21
1408,Product_1408,Electronics,2777.49
1409,Product_1409,Home & Kitchen,2239.11
1410,Product_1410,Toys,1595.51
1411,Product_1411,Beauty,4474.26
1412,Product_1412,Office Supplies,1704.53
1413,Product_1413,Electronics,4385.3
1414,Product_1414,Home & Kitchen,2024.75
1415,Product_1415,Furniture,4427.36
1416,Product_1416,Furniture,577.18
1417,Product_1417,Sports,4738.94
1418,Product_1418,Office Supplies,4672.43
1419,Product_1419,Electronics,1298.35
1420,Product_1420,Clothing,1916.97
1421,Product_1421,Sports,438.99
1422,Product_1422,Electronics,4006.74
1423,Product_1423,Toys,2852.16
1424,Product_1424,Office Supplies,1036.39
1425,Product_1425,Beauty,1612.0
1426,Product_1426,Office Supplies,1272.08
1427,Product_1427,Clothing,4136.48
1428,Product_1428,Clothing,1683.94
1429,Product_1429,Sports,2502.28
1430,Product_1430,Office Supplies,2858.82
1431,Product_1431,Furniture,457.95
1432,Product_1432,Electronics,623.34
1433,Product_1433,Sports,286.38
1434,Product_1434,Furniture,10.4
1435,Product_1435,Clothing,2778.03
1436,Product_1436,Toys,1904.68
1437,Product_1437,Beauty,497.52
1438,Product_1438,Clothing,968.27
1439,Product_1439,Clothing,4330.52
1440,Product_1440,Toys,4653.4
1441,Product_1441,Clothing,2456.04
1442,Product_1442,Furniture,3736.21
1443,Product_1443,Home & Kitchen,1867.57
1444,Product_1444,Beauty,2928.47
1445,Product_1445,Clothing,483.2
1446,Product_1446,Electronics,244.0
1447,Product_1447,Sports,645.53
1448,Product_1448,Home & Kitchen,4167.68
1449,Product_1449,Office Supplies,3194.38
1450,Product_1450,Toys,3764.25
1451,Product_1451,Home & Kitchen,702.41
1452,Product_1452,Toys,1153.44
1453,Product_1453,Home & Kitchen,466.15
1454,Product_1454,Home & Kitchen,803.44
1455,Product_1455,Furniture,250.76
1456,Product_1456,Office Supplies,2442.35
1457,Product_1457,Electronics,4537.85
1458,Product_1458,Office Supplies,377.39
1459,Product_1459,Office Supplies,625.02
1460,Product_1460,Home & Kitchen,3886.44
1461,Product_1461,Home & Kitchen,1954.37
1462,Product_1462,Furniture,437.98
1463,Product_1463,Office Supplies,1799.64
1464,Product_1464,Clothing,2639.69
1465,Product_1465,Furniture,4667.18
1466,Product_1466,Furniture,148.88
1467,Product_1467,Office Supplies,1357.38
1468,Product_1468,Furniture,4044.58
1469,Product_1469,Home & Kitchen,3573.3
1470,Product_1470,Furniture,1739.38
1471,Product_1471,Sports,3146.3
1472,Product_1472,Home & Kitchen,2388.6
1473,Product_1473,Clothing,1434.71
1474,Product_1474,Home & Kitchen,954.29
1475,Product_1475,Office Supplies,2318.32
1476,Product_1476,Sports,2314.48
1477,Product_1477,Home & Kitchen,3405.87
1478,Product_1478,Beauty,2247.42
1479,Product_1479,Office Supplies,952.06
1480,Product_1480,Sports,4936.3
1481,Product_1481,Furniture,247.07
1482,Product_1482,Toys,2566.82
1483,Product_1483,Office Supplies,4295.19
1484,Product_1484,Beauty,2159.13
1485,Product_1485,Toys,578.43
1486,Product_1486,Furniture,2961.72
1487,Product_1487,Furniture,2944.88
1488,Product_1488,Office Supplies,3940.31
1489,Product_1489,Beauty,2681.16
1490,Product_1490,Clothing,4654.19
1491,Product_1491,Electronics,3304.87
1492,Product_1492,Office Supplies,417.1
1493,Product_1493,Electronics,2337.13
1494,Product_1494,Clothing,3521.8
1495,Product_1495,Home & Kitchen,4328.63
1496,Product_1496,Furniture,226.89
1497,Product_1497,Beauty,598.75
1498,Product_1498,Furniture,4211.8
1499,Product_1499,Electronics,806.11
1500,Product_1500,Electronics,1881.73
1501,Product_1501,Beauty,660.97
1502,Product_1502,Furniture,1430.89
1503,Product_1503,Electronics,3426.36
1504,Product_1504,Beauty,1453.12
1505,Product_1505,Beauty,2952.3
1506,Product_1506,Clothing,3685.79
1507,Product_1507,Electronics,2229.09
1508,Product_1508,Toys,572.23
1509,Product_1509,Sports,91.93
1510,Product_1510,Beauty,1689.02
1511,Product_1511,Furniture,4019.68
1512,Product_1512,Clothing,4926.42
1513,Product_1513,Toys,3693.97
1514,Product_1514,Sports,4899.03
1515,Product_1515,Toys,2149.72
1516,Product_1516,Sports,639.55
1517,Product_1517,Furniture,394.48
1518,Product_1518,Sports,3127.94
1519,Product_1519,Home & Kitchen,4109.87
1520,Product_1520,Clothing,76.79
1521,Product_1521,Electronics,2821.07
1522,Product_1522,Clothing,2672.76
1523,Product_1523,Clothing,2440.2
1524,Product_1524,Office Supplies,21.65
1525,Product_1525,Clothing,1068.87
1526,Product_1526,Home & Kitchen,1121.38
1527,Product_1527,Home & Kitchen,981.26
1528,Product_1528,Beauty,408.4
1529,Product_1529,Sports,698.72
1530,Product_1530,Furniture,1207.84
1531,Product_1531,Electronics,2031.26
1532,Product_1532,Toys,2182.54
1533,Product_1533,Clothing,4264.31
1534,Product_1534,Clothing,105.42
1535,Product_1535,Beauty,3507.93
1536,Product_1536,Toys,67.27
1537,Product_1537,Office Supplies,4128.1
1538,Product_1538,Furniture,2499.45
1539,Product_1539,Furniture,4722.6
1540,Product_1540,Sports,1947.07
1541,Product_1541,Furniture,278.0
1542,Product_1542,Beauty,2579.49
1543,Product_1543,Electronics,4412.22
1544,Product_1544,Office Supplies,1813.89
1545,Product_1545,Sports,3418.41
1546,Product_1546,Sports,613.09
1547,Product_1547,Home & Kitchen,3817.79
1548,Product_1548,Beauty,4771.62
1549,Product_1549,Furniture,4115.5
1550,Product_1550,Home & Kitchen,1903.89
1551,Product_1551,Toys,4790.3
1552,Product_1552,Sports,1059.37
1553,Product_1553,Sports,1616.6
1554,Product_1554,Sports,22.59
1555,Product_1555,Office Supplies,2828.33
1556,Product_1556,Sports,3019.66
1557,Product_1557,Beauty,633.39
1558,Product_1558,Sports,3215.53
1559,Product_1559,Sports,3602.66
1560,Product_1560,Office Supplies,2970.1
1561,Product_1561,Beauty,3959.85
1562,Product_1562,Clothing,1158.2
1563,Product_1563,Office Supplies,2744.67
1564,Product_1564,Toys,1389.56
1565,Product_1565,Beauty,3297.91
1566,Product_1566,Toys,1146.27
1567,Product_1567,Beauty,3748.83
1568,Product_1568,Office Supplies,430.49
1569,Product_1569,Electronics,3069.69
1570,Product_1570,Electronics,3662.24
1571,Product_1571,Beauty,1484.5
1572,Product_1572,Electronics,2534.13
1573,Product_1573,Home & Kitchen,955.29
1574,Product_1574,Beauty,4997.44
1575,Product_1575,Beauty,1261.57
1576,Product_1576,Sports,2243.04
1577,Product_1577,Furniture,2965.93
1578,Product_1578,Home & Kitchen,4588.88
1579,Product_1579,Electronics,3841.5
1580,Product_1580,Office Supplies,1567.04
1581,Product_1581,Sports,2404.86
1582,Product_1582,Beauty,2524.52
1583,Product_1583,Furniture,1513.03
1584,Product_1584,Clothing,2705.32
1585,Product_1585,Beauty,3121.76
1586,Product_1586,Sports,78.73
1587,Product_1587,Office Supplies,4262.09
1588,Product_1588,Home & Kitchen,436.7
1589,Product_1589,Toys,471.15
1590,Product_1590,Beauty,4859.28
1591,Product_1591,Beauty,3895.61
1592,Product_1592,Sports,887.89
1593,Product_1593,Beauty,2844.8
1594,Product_1594,Sports,3775.33
1595,Product_1595,Beauty,4121.61
1596,Product_1596,Office Supplies,2121.88
1597,Product_1597,Clothing,3683.11
1598,Product_1598,Beauty,2822.96
1599,Product_1599,Office Supplies,2738.56
1600,Product_1600,Office Supplies,1060.52
1601,Product_1601,Furniture,1932.16
1602,Product_1602,Office Supplies,165.02
1603,Product_1603,Toys,300.43
1604,Product_1604,Electronics,4575.14
1605,Product_1605,Beauty,4626.98
1606,Product_1606,Electronics,4577.91
1607,Product_1607,Home & Kitchen,4474.71
1608,Product_1608,Toys,382.5
1609,Product_1609,Office Supplies,4361.56
1610,Product_1610,Furniture,1849.29
1611,Product_1611,Electronics,1008.74
1612,Product_1612,Electronics,2884.24
1613,Product_1613,Electronics,1645.98
1614,Product_1614,Furniture,411.63
1615,Product_1615,Beauty,4696.08
1616,Product_1616,Clothing,2552.21
1617,Product_1617,Sports,1946.84
1618,Product_1618,Toys,3534.83
1619,Product_1619,Toys,4599.28
1620,Product_1620,Sports,350.17
1621,Product_1621,Toys,149.57
1622,Product_1622,Furniture,3069.35
1623,Product_1623,Furniture,1776.69
1624,Product_1624,Toys,917.54
1625,Product_1625,Clothing,3986.44
1626,Product_1626,Electronics,4559.28
1627,Product_1627,Toys,3552.49
1628,Product_1628,Electronics,377.87
1629,Product_1629,Electronics,2288.76
1630,Product_1630,Toys,4711.5
1631,Product_1631,Toys,4166.13
1632,Product_1632,Toys,4357.13
1633,Product_1633,Toys,1150.17
1634,Product_1634,Sports,4955.2
1635,Product_1635,Toys,3820.81
1636,Product_1636,Electronics,3892.78
1637,Product_1637,Sports,1393.65
1638,Product_1638,Clothing,4884.0
1639,Product_1639,Clothing,3507.83
1640,Product_1640,Electronics,3720.97
1641,Product_1641,Home & Kitchen,4958.78
1642,Product_1642,Electronics,1716.44
1643,Product_1643,Toys,433.04
1644,Product_1644,Office Supplies,673.83
1645,Product_1645,Electronics,2574.23
1646,Product_1646,Office Supplies,3098.56
1647,Product_1647,Sports,3038.33
1648,Product_1648,Clothing,1151.95
1649,Product_1649,Office Supplies,4718.54
1650,Product_1650,Electronics,3770.03
1651,Product_1651,Furniture,1622.06
1652,Product_1652,Office Supplies,734.33
1653,Product_1653,Home & Kitchen,4109.38
1654,Product_1654,Beauty,1473.62
1655,Product_1655,Office Supplies,3198.95
1656,Product_1656,Home & Kitchen,3812.96
1657,Product_1657,Electronics,2730.92
1658,Product_1658,Office Supplies,2488.49
1659,Product_1659,Beauty,1493.31
1660,Product_1660,Toys,2655.54
1661,Product_1661,Furniture,4308.92
1662,Product_1662,Toys,3415.25
1663,Product_1663,Home & Kitchen,1703.2
1664,Product_1664,Furniture,737.16
1665,Product_1665,Beauty,3919.76
1666,Product_1666,Electronics,3159.06
1667,Product_1667,Home & Kitchen,4281.32
1668,Product_1668,Clothing,3147.37
1669,Product_1669,Office Supplies,4254.29
1670,Product_1670,Toys,307.97
1671,Product_1671,Toys,773.06
1672,Product_1672,Sports,3309.98
1673,Product_1673,Sports,1815.25
1674,Product_1674,Sports,4263.43
1675,Product_1675,Electronics,4408.3
1676,Product_1676,Electronics,3887.97
1677,Product_1677,Toys,4824.52
1678,Product_1678,Home & Kitchen,2177.43
1679,Product_1679,Toys,2324.5
1680,Product_1680,Office Supplies,1163.67
1681,Product_1681,Beauty,4832.98
1682,Product_1682,Electronics,2376.53
1683,Product_1683,Electronics,2792.18
1684,Product_1684,Electronics,4087.34
1685,Product_1685,Home & Kitchen,3311.08
1686,Product_1686,Beauty,1930.58
1687,Product_1687,Electronics,1192.32
1688,Product_1688,Beauty,2784.07
1689,Product_1689,Sports,4284.49
1690,Product_1690,Sports,3517.51
1691,Product_1691,Office Supplies,3406.72
1692,Product_1692,Beauty,3576.72
1693,Product_1693,Office Supplies,683.19
1694,Product_1694,Electronics,865.44
1695,Product_1695,Office Supplies,3355.77
1696,Product_1696,Toys,3829.21
1697,Product_1697,Office Supplies,2673.61
1698,Product_1698,Toys,4073.74
1699,Product_1699,Beauty,4056.5
1700,Product_1700,Furniture,306.94
1701,Product_1701,Toys,3961.11
1702,Product_1702,Toys,1178.9
1703,Product_1703,Clothing,938.73
1704,Product_1704,Electronics,4334.39
1705,Product_1705,Electronics,1044.75
1706,Product_1706,Toys,4626.4
1707,Product_1707,Beauty,4010.19
1708,Product_1708,Beauty,788.45
1709,Product_1709,Office Supplies,2687.73
1710,Product_1710,Beauty,1712.07
1711,Product_1711,Electronics,2547.26
1712,Product_1712,Clothing,142.1
1713,Product_1713,Toys,4197.42
1714,Product_1714,Toys,1441.66
1715,Product_1715,Sports,2222.35
1716,Product_1716,Toys,118.2
1717,Product_1717,Sports,3406.38
1718,Product_1718,Sports,4102.11
1719,Product_1719,Electronics,4798.18
1720,Product_1720,Beauty,4508.77
1721,Product_1721,Toys,4907.68
1722,Product_1722,Clothing,382.44
1723,Product_1723,Toys,2066.67
1724,Product_1724,Office Supplies,3675.52
1725,Product_1725,Sports,2834.1
1726,Product_1726,Sports,3652.41
1727,Product_1727,Office Supplies,4915.93
1728,Product_1728,Electronics,1151.79
1729,Product_1729,Sports,3717.41
1730,Product_1730,Toys,642.63
1731,Product_1731,Home & Kitchen,4676.23
1732,Product_1732,Furniture,194.97
1733,Product_1733,Beauty,386.35
1734,Product_1734,Beauty,1939.5
1735,Product_1735,Electronics,4660.21
1736,Product_1736,Office Supplies,3818.59
1737,Product_1737,Home & Kitchen,1192.29
1738,Product_1738,Office Supplies,3845.98
1739,Product_1739,Beauty,1914.67
1740,Product_1740,Beauty,2908.46
1741,Product_1741,Furniture,3653.8
1742,Product_1742,Clothing,4334.1
1743,Product_1743,Clothing,43.53
1744,Product_1744,Beauty,1948.72
1745,Product_1745,Sports,2982.8
1746,Product_1746,Sports,4592.38
1747,Product_1747,Beauty,52.62
1748,Product_1748,Office Supplies,4974.42
1749,Product_1749,Sports,505.85
1750,Product_1750,Sports,1460.84
1751,Product_1751,Office Supplies,580.9
1752,Product_1752,Sports,2537.82
1753,Product_1753,Sports,2030.51
1754,Product_1754,Home & Kitchen,3150.21
1755,Product_1755,Electronics,4184.77
1756,Product_1756,Furniture,4126.74
1757,Product_1757,Office Supplies,436.64
1758,Product_1758,Electronics,510.58
1759,Product_1759,Sports,1004.68
1760,Product_1760,Electronics,3392.6
1761,Product_1761,Clothing,391.87
1762,Product_1762,Electronics,4596.87
1763,Product_1763,Office Supplies,329.34
1764,Product_1764,Sports,3203.99
1765,Product_1765,Clothing,3278.12
1766,Product_1766,Furniture,4096.65
1767,Product_1767,Clothing,673.42
1768,Product_1768,Home & Kitchen,3011.27
1769,Product_1769,Beauty,2288.2
1770,Product_1770,Furniture,205.44
1771,Product_1771,Office Supplies,4151.87
1772,Product_1772,Toys,4767.48
1773,Product_1773,Clothing,1494.11
1774,Product_1774,Electronics,40.05
1775,Product_1775,Furniture,2330.37
1776,Product_1776,Office Supplies,3810.56
1777,Product_1777,Clothing,3975.0
1778,Product_1778,Sports,697.92
1779,Product_1779,Clothing,139.87
1780,Product_1780,Office Supplies,3044.95
1781,Product_1781,Clothing,3129.66
1782,Product_1782,Sports,2091.05
1783,Product_1783,Electronics,279.62
1784,Product_1784,Furniture,1696.66
1785,Product_1785,Office Supplies,712.72
1786,Product_1786,Clothing,1269.93
1787,Product_1787,Home & Kitchen,1870.34
1788,Product_1788,Beauty,4535.41
1789,Product_1789,Office Supplies,4389.11
1790,Product_1790,Sports,133.1
1791,Product_1791,Office Supplies,3736.27
1792,Product_1792,Office Supplies,3928.23
1793,Product_1793,Sports,2620.58
1794,Product_1794,Beauty,502.49
1795,Product_1795,Toys,186.54
1796,Product_1796,Electronics,3759.99
1797,Product_1797,Sports,1246.27
1798,Product_1798,Furniture,1274.39
1799,Product_1799,Clothing,1916.26
1800,Product_1800,Furniture,2436.27
1801,Product_1801,Electronics,4695.43
1802,Product_1802,Toys,4095.06
1803,Product_1803,Office Supplies,4268.18
1804,Product_1804,Office Supplies,2818.12
1805,Product_1805,Sports,1882.24
1806,Product_1806,Sports,1485.71
1807,Product_1807,Sports,2059.92
1808,Product_1808,Toys,1629.13
1809,Product_1809,Electronics,1280.54
1810,Product_1810,Clothing,124.32
1811,Product_1811,Office Supplies,4842.76
1812,Product_1812,Sports,115.35
1813,Product_1813,Toys,2226.43
1814,Product_1814,Electronics,3048.43
1815,Product_1815,Home & Kitchen,3996.59
1816,Product_1816,Sports,3916.87
1817,Product_1817,Office Supplies,3173.36
1818,Product_1818,Clothing,279.9
1819,Product_1819,Office Supplies,2776.76
1820,Product_1820,Office Supplies,3909.58
1821,Product_1821,Home & Kitchen,3492.18
1822,Product_1822,Furniture,148.06
1823,Product_1823,Beauty,3801.13
1824,Product_1824,Sports,2721.37
1825,Product_1825,Sports,2805.86
1826,Product_1826,Furniture,4042.67
1827,Product_1827,Electronics,3328.81
1828,Product_1828,Sports,3514.46
1829,Product_1829,Home & Kitchen,4912.2
1830,Product_1830,Electronics,2561.17
1831,Product_1831,Toys,1007.28
1832,Product_1832,Office Supplies,4281.06
1833,Product_1833,Furniture,1497.02
1834,Product_1834,Clothing,4200.92
1835,Product_1835,Home & Kitchen,281.61
1836,Product_1836,Beauty,766.54
1837,Product_1837,Toys,649.27
1838,Product_1838,Furniture,1864.15
1839,Product_1839,Office Supplies,3463.48
1840,Product_1840,Toys,1285.92
1841,Product_1841,Furniture,3136.87
1842,Product_1842,Toys,4304.71
1843,Product_1843,Electronics,3269.9
1844,Product_1844,Clothing,3259.2
1845,Product_1845,Furniture,3336.1
1846,Product_1846,Electronics,2129.48
1847,Product_1847,Beauty,1488.09
1848,Product_1848,Furniture,2216.98
1849,Product_1849,Electronics,1522.32
1850,Product_1850,Clothing,3024.16
1851,Product_1851,Electronics,771.62
1852,Product_1852,Sports,4300.66
1853,Product_1853,Office Supplies,3913.38
1854,Product_1854,Home & Kitchen,1646.01
1855,Product_1855,Clothing,788.02
1856,Product_1856,Sports,3030.19
1857,Product_1857,Furniture,1626.43
1858,Product_1858,Sports,2996.82
1859,Product_1859,Toys,1360.12
1860,Product_1860,Toys,3544.6
1861,Product_1861,Furniture,3931.5
1862,Product_1862,Electronics,984.49
1863,Product_1863,Office Supplies,2344.79
1864,Product_1864,Clothing,4315.58
1865,Product_1865,Beauty,2687.66
1866,Product_1866,Sports,1055.76
1867,Product_1867,Clothing,817.08
1868,Product_1868,Beauty,3267.45
1869,Product_1869,Beauty,58.48
1870,Product_1870,Furniture,244.55
1871,Product_1871,Clothing,3955.59
1872,Product_1872,Sports,382.05
1873,Product_1873,Furniture,3179.46
1874,Product_1874,Sports,1671.59
1875,Product_1875,Electronics,2903.52
1876,Product_1876,Sports,820.29
1877,Product_1877,Toys,900.7
1878,Product_1878,Toys,3214.42
1879,Product_1879,Beauty,4793.77
1880,Product_1880,Office Supplies,3797.25
1881,Product_1881,Electronics,1949.29
1882,Product_1882,Electronics,2509.64
1883,Product_1883,Electronics,2349.18
1884,Product_1884,Electronics,4588.44
1885,Product_1885,Electronics,4823.59
1886,Product_1886,Furniture,1288.16
1887,Product_1887,Clothing,4532.07
1888,Product_1888,Beauty,3953.04
1889,Product_1889,Toys,4867.94
1890,Product_1890,Toys,3394.73
1891,Product_1891,Toys,1753.62
1892,Product_1892,Furniture,3040.41
1893,Product_1893,Toys,1816.61
1894,Product_1894,Clothing,2385.33
1895,Product_1895,Clothing,1889.28
1896,Product_1896,Office Supplies,1727.4
1897,Product_1897,Sports,844.87
1898,Product_1898,Home & Kitchen,2657.28
1899,Product_1899,Furniture,341.82
1900,Product_1900,Home & Kitchen,4356.14
1901,Product_1901,Electronics,1559.02
1902,Product_1902,Electronics,4777.82
1903,Product_1903,Beauty,2894.78
1904,Product_1904,Office Supplies,2361.5
1905,Product_1905,Electronics,1603.76
1906,Product_1906,Electronics,3924.44
1907,Product_1907,Beauty,1477.16
1908,Product_1908,Beauty,2187.06
1909,Product_1909,Office Supplies,684.91
1910,Product_1910,Home & Kitchen,3479.62
1911,Product_1911,Sports,3768.16
1912,Product_1912,Home & Kitchen,4150.35
1913,Product_1913,Toys,3815.79
1914,Product_1914,Clothing,3064.8
1915,Product_1915,Home & Kitchen,448.65
1916,Product_1916,Sports,4468.68
1917,Product_1917,Beauty,3744.39
1918,Product_1918,Office Supplies,325.38
1919,Product_1919,Office Supplies,4653.39
1920,Product_1920,Furniture,1491.6
1921,Product_1921,Home & Kitchen,492.92
1922,Product_1922,Office Supplies,2789.61
1923,Product_1923,Clothing,2391.44
1924,Product_1924,Furniture,1714.24
1925,Product_1925,Electronics,2047.52
1926,Product_1926,Toys,1865.16
1927,Product_1927,Electronics,3741.97
1928,Product_1928,Furniture,3312.67
1929,Product_1929,Clothing,1530.17
1930,Product_1930,Furniture,4799.43
1931,Product_1931,Home & Kitchen,2822.84
1932,Product_1932,Furniture,3772.4
1933,Product_1933,Home & Kitchen,4936.44
1934,Product_1934,Clothing,3649.06
1935,Product_1935,Home & Kitchen,4247.87
1936,Product_1936,Electronics,2544.3
1937,Product_1937,Clothing,502.63
1938,Product_1938,Sports,2197.95
1939,Product_1939,Toys,1028.44
1940,Product_1940,Home & Kitchen,1977.73
1941,Product_1941,Toys,4209.52
1942,Product_1942,Electronics,4755.34
1943,Product_1943,Toys,957.32
1944,Product_1944,Beauty,1725.23
1945,Product_1945,Beauty,3150.61
1946,Product_1946,Toys,132.13
1947,Product_1947,Beauty,3753.99
1948,Product_1948,Sports,493.72
1949,Product_1949,Clothing,2136.42
1950,Product_1950,Electronics,1086.89
1951,Product_1951,Sports,1256.03
1952,Product_1952,Office Supplies,1157.78
1953,Product_1953,Electronics,2442.29
1954,Product_1954,Beauty,1401.21
1955,Product_1955,Home & Kitchen,352.19
1956,Product_1956,Home & Kitchen,2501.38
1957,Product_1957,Electronics,4466.68
1958,Product_1958,Toys,66.57
1959,Product_1959,Sports,513.33
1960,Product_1960,Furniture,3236.8
1961,Product_1961,Office Supplies,3975.98
1962,Product_1962,Office Supplies,3359.27
1963,Product_1963,Clothing,4938.76
1964,Product_1964,Electronics,3904.88
1965,Product_1965,Toys,3080.0
1966,Product_1966,Toys,2952.73
1967,Product_1967,Toys,1576.25
1968,Product_1968,Home & Kitchen,2015.02
1969,Product_1969,Office Supplies,4056.18
1970,Product_1970,Home & Kitchen,1713.82
1971,Product_1971,Clothing,2753.62
1972,Product_1972,Home & Kitchen,4230.61
1973,Product_1973,Beauty,4682.28
1974,Product_1974,Office Supplies,4594.84
1975,Product_1975,Furniture,728.94
1976,Product_1976,Toys,697.1
1977,Product_1977,Beauty,4542.83
1978,Product_1978,Clothing,434.88
1979,Product_1979,Office Supplies,675.06
1980,Product_1980,Home & Kitchen,2461.16
1981,Product_1981,Electronics,3220.83
1982,Product_1982,Furniture,3515.0
1983,Product_1983,Office Supplies,3347.52
1984,Product_1984,Home & Kitchen,2312.68
1985,Product_1985,Beauty,4156.7
1986,Product_1986,Toys,821.33
1987,Product_1987,Toys,3035.42
1988,Product_1988,Furniture,3233.68
1989,Product_1989,Electronics,2510.27
1990,Product_1990,Office Supplies,2801.91
1991,Product_1991,Sports,3763.33
1992,Product_1992,Toys,3536.96
1993,Product_1993,Home & Kitchen,664.42
1994,Product_1994,Furniture,4812.08
1995,Product_1995,Beauty,1438.09
1996,Product_1996,Office Supplies,1633.0
1997,Product_1997,Clothing,674.89
1998,Product_1998,Toys,182.25
1999,Product_1999,Clothing,4948.04
2000,Product_2000,Furniture,4701.95
2001,Product_2001,Clothing,385.49
2002,Product_2002,Toys,4522.69
2003,Product_2003,Sports,4968.15
2004,Product_2004,Beauty,2783.79
2005,Product_2005,Sports,1415.58
2006,Product_2006,Electronics,3819.44
2007,Product_2007,Clothing,66.4
2008,Product_2008,Home & Kitchen,721.63
2009,Product_2009,Electronics,4652.86
2010,Product_2010,Office Supplies,382.13
2011,Product_2011,Toys,2558.66
2012,Product_2012,Furniture,3670.52
2013,Product_2013,Clothing,3034.95
2014,Product_2014,Sports,1043.8
2015,Product_2015,Beauty,2981.88
2016,Product_2016,Sports,2777.65
2017,Product_2017,Electronics,3710.09
2018,Product_2018,Home & Kitchen,1657.7
2019,Product_2019,Office Supplies,466.89
2020,Product_2020,Home & Kitchen,4061.48
2021,Product_2021,Electronics,3099.15
2022,Product_2022,Electronics,2098.96
2023,Product_2023,Electronics,380.27
2024,Product_2024,Furniture,2252.07
2025,Product_2025,Electronics,626.2
2026,Product_2026,Furniture,3152.43
2027,Product_2027,Office Supplies,622.34
2028,Product_2028,Furniture,3452.52
2029,Product_2029,Beauty,1405.31
2030,Product_2030,Clothing,2192.37
2031,Product_2031,Electronics,736.35
2032,Product_2032,Electronics,4086.51
2033,Product_2033,Toys,2550.49
2034,Product_2034,Beauty,1114.88
2035,Product_2035,Toys,670.97
2036,Product_2036,Furniture,2474.0
2037,Product_2037,Beauty,1999.68
2038,Product_2038,Sports,2376.81
2039,Product_2039,Beauty,832.85
2040,Product_2040,Sports,2010.55
2041,Product_2041,Electronics,3964.17
2042,Product_2042,Furniture,4175.32
2043,Product_2043,Toys,2122.17
2044,Product_2044,Office Supplies,4085.01
2045,Product_2045,Beauty,1941.77
2046,Product_2046,Sports,4965.38
2047,Product_2047,Furniture,1895.63
2048,Product_2048,Office Supplies,2576.84
2049,Product_2049,Toys,2025.18
2050,Product_2050,Electronics,2250.16
2051,Product_2051,Toys,2468.08
2052,Product_2052,Toys,2736.96
2053,Product_2053,Beauty,1230.95
2054,Product_2054,Toys,4508.09
2055,Product_2055,Electronics,1068.84
2056,Product_2056,Home & Kitchen,4877.22
2057,Product_2057,Clothing,4962.18
2058,Product_2058,Home & Kitchen,568.48
2059,Product_2059,Clothing,3024.99
2060,Product_2060,Electronics,1814.8
2061,Product_2061,Toys,3683.58
2062,Product_2062,Sports,2453.38
2063,Product_2063,Furniture,1960.01
2064,Product_2064,Beauty,801.51
2065,Product_2065,Sports,850.58
2066,Product_2066,Sports,4402.84
2067,Product_2067,Toys,2046.77
2068,Product_2068,Office Supplies,3418.02
2069,Product_2069,Home & Kitchen,3098.98
2070,Product_2070,Beauty,2501.6
2071,Product_2071,Office Supplies,727.53
2072,Product_2072,Home & Kitchen,2331.83
2073,Product_2073,Electronics,1649.35
2074,Product_2074,Home & Kitchen,1101.7
2075,Product_2075,Beauty,790.17
2076,Product_2076,Office Supplies,787.56
2077,Product_2077,Beauty,1790.64
2078,Product_2078,Clothing,1053.37
2079,Product_2079,Furniture,913.77
2080,Product_2080,Clothing,4445.94
2081,Product_2081,Home & Kitchen,3032.38
2082,Product_2082,Home & Kitchen,2644.88
2083,Product_2083,Clothing,91.96
2084,Product_2084,Furniture,3106.96
2085,Product_2085,Beauty,4645.41
2086,Product_2086,Beauty,1937.15
2087,Product_2087,Furniture,25.85
2088,Product_2088,Sports,1816.86
2089,Product_2089,Toys,4665.85
2090,Product_2090,Sports,2045.61
2091,Product_2091,Sports,3654.68
2092,Product_2092,Clothing,3705.35
2093,Product_2093,Beauty,3524.3
2094,Product_2094,Toys,2252.36
2095,Product_2095,Electronics,2187.35
2096,Product_2096,Clothing,4394.55
2097,Product_2097,Beauty,1469.46
2098,Product_2098,Beauty,1173.17
2099,Product_2099,Sports,3275.34
2100,Product_2100,Toys,3995.3
2101,Product_2101,Clothing,707.48
2102,Product_2102,Toys,4736.61
2103,Product_2103,Sports,3631.87
2104,Product_2104,Sports,2157.59
2105,Product_2105,Office Supplies,1804.23
2106,Product_2106,Office Supplies,614.18
2107,Product_2107,Office Supplies,4520.46
2108,Product_2108,Beauty,1177.98
2109,Product_2109,Furniture,2124.22
2110,Product_2110,Sports,2219.2
2111,Product_2111,Furniture,4250.95
2112,Product_2112,Clothing,4185.27
2113,Product_2113,Toys,389.02
2114,Product_2114,Furniture,3468.43
2115,Product_2115,Toys,3891.65
2116,Product_2116,Home & Kitchen,3281.75
2117,Product_2117,Beauty,2451.89
2118,Product_2118,Sports,3449.2
2119,Product_2119,Toys,4237.84
2120,Product_2120,Toys,1789.23
2121,Product_2121,Beauty,1706.1
2122,Product_2122,Electronics,3280.2
2123,Product_2123,Office Supplies,1629.61
2124,Product_2124,Clothing,1087.67
2125,Product_2125,Electronics,1066.86
2126,Product_2126,Beauty,325.08
2127,Product_2127,Office Supplies,822.14
2128,Product_2128,Toys,2807.98
2129,Product_2129,Toys,3963.58
2130,Product_2130,Office Supplies,2746.66
2131,Product_2131,Sports,761.64
2132,Product_2132,Clothing,4341.16
2133,Product_2133,Furniture,2571.03
2134,Product_2134,Toys,2052.02
2135,Product_2135,Home & Kitchen,2485.92
2136,Product_2136,Beauty,4952.12
2137,Product_2137,Furniture,2046.85
2138,Product_2138,Furniture,1854.09
2139,Product_2139,Sports,4090.87
2140,Product_2140,Beauty,3265.31
2141,Product_2141,Clothing,36.86
2142,Product_2142,Beauty,421.28
2143,Product_2143,Clothing,3434.07
2144,Product_2144,Electronics,1069.09
2145,Product_2145,Electronics,1779.83
2146,Product_2146,Home & Kitchen,196.81
2147,Product_2147,Home & Kitchen,861.26
2148,Product_2148,Toys,2559.55
2149,Product_2149,Clothing,4277.38
2150,Product_2150,Clothing,2272.56
2151,Product_2151,Sports,2987.24
2152,Product_2152,Office Supplies,2104.08
2153,Product_2153,Toys,1308.04
2154,Product_2154,Office Supplies,41.26
2155,Product_2155,Home & Kitchen,4757.29
2156,Product_2156,Electronics,2066.56
2157,Product_2157,Office Supplies,2604.45
2158,Product_2158,Home & Kitchen,3857.9
2159,Product_2159,Sports,2728.35
2160,Product_2160,Home & Kitchen,340.91
2161,Product_2161,Electronics,3669.55
2162,Product_2162,Home & Kitchen,1178.49
2163,Product_2163,Home & Kitchen,4711.56
2164,Product_2164,Office Supplies,3046.85
2165,Product_2165,Office Supplies,4627.46
2166,Product_2166,Home & Kitchen,672.9
2167,Product_2167,Home & Kitchen,109.36
2168,Product_2168,Office Supplies,650.36
2169,Product_2169,Clothing,1389.21
2170,Product_2170,Home & Kitchen,3037.63
2171,Product_2171,Home & Kitchen,2161.87
2172,Product_2172,Clothing,1890.54
2173,Product_2173,Toys,1110.62
2174,Product_2174,Furniture,4303.94
2175,Product_2175,Toys,253.3
2176,Product_2176,Clothing,3121.84
2177,Product_2177,Sports,3613.5
2178,Product_2178,Toys,3678.23
2179,Product_2179,Office Supplies,1325.78
2180,Product_2180,Electronics,4794.91
2181,Product_2181,Clothing,4808.13
2182,Product_2182,Office Supplies,1746.3
2183,Product_2183,Home & Kitchen,150.17
2184,Product_2184,Home & Kitchen,3445.7
2185,Product_2185,Office Supplies,2089.9
2186,Product_2186,Toys,4610.28
2187,Product_2187,Furniture,2939.58
2188,Product_2188,Clothing,717.58
2189,Product_2189,Home & Kitchen,1622.62
2190,Product_2190,Toys,393.36
2191,Product_2191,Furniture,3584.8
2192,Product_2192,Sports,832.75
2193,Product_2193,Furniture,943.34
2194,Product_2194,Beauty,1232.51
2195,Product_2195,Clothing,4513.89
2196,Product_2196,Electronics,4032.22
2197,Product_2197,Electronics,283.88
2198,Product_2198,Toys,2848.5
2199,Product_2199,Clothing,665.27
2200,Product_2200,Home & Kitchen,532.94
2201,Product_2201,Furniture,26.43
2202,Product_2202,Furniture,27.87
2203,Product_2203,Furniture,3483.0
2204,Product_2204,Toys,2830.28
2205,Product_2205,Toys,4035.13
2206,Product_2206,Clothing,3210.72
2207,Product_2207,Electronics,4717.27
2208,Product_2208,Home & Kitchen,408.68
2209,Product_2209,Sports,3835.18
2210,Product_2210,Beauty,2905.04
2211,Product_2211,Sports,4786.32
2212,Product_2212,Electronics,2987.8
2213,Product_2213,Electronics,777.53
2214,Product_2214,Home & Kitchen,4608.3
2215,Product_2215,Toys,2337.26
2216,Product_2216,Clothing,3682.33
2217,Product_2217,Home & Kitchen,3137.62
2218,Product_2218,Office Supplies,1592.99
2219,Product_2219,Clothing,2874.97
2220,Product_2220,Furniture,4445.73
2221,Product_2221,Beauty,767.2
2222,Product_2222,Clothing,1605.57
2223,Product_2223,Toys,3486.39
2224,Product_2224,Beauty,2159.39
2225,Product_2225,Clothing,2586.8
2226,Product_2226,Clothing,3358.38
2227,Product_2227,Electronics,697.95
2228,Product_2228,Beauty,623.67
2229,Product_2229,Home & Kitchen,3838.06
2230,Product_2230,Home & Kitchen,3332.01
2231,Product_2231,Sports,2777.29
2232,Product_2232,Home & Kitchen,2564.39
2233,Product_2233,Home & Kitchen,293.42
2234,Product_2234,Toys,4572.33
2235,Product_2235,Sports,2456.83
2236,Product_2236,Furniture,2390.33
2237,Product_2237,Furniture,4681.36
2238,Product_2238,Toys,2233.38
2239,Product_2239,Furniture,3746.8
2240,Product_2240,Home & Kitchen,2682.13
2241,Product_2241,Office Supplies,2437.47
2242,Product_2242,Beauty,2806.99
2243,Product_2243,Beauty,1915.78
2244,Product_2244,Toys,3114.62
2245,Product_2245,Furniture,4122.84
2246,Product_2246,Furniture,259.9
2247,Product_2247,Home & Kitchen,4779.9
2248,Product_2248,Home & Kitchen,718.65
2249,Product_2249,Sports,160.02
2250,Product_2250,Furniture,1785.69
2251,Product_2251,Electronics,967.81
2252,Product_2252,Furniture,2251.67
2253,Product_2253,Beauty,3235.25
2254,Product_2254,Furniture,3679.13
2255,Product_2255,Electronics,3771.93
2256,Product_2256,Home & Kitchen,2385.12
2257,Product_2257,Furniture,142.59
2258,Product_2258,Home & Kitchen,1539.9
2259,Product_2259,Toys,484.81
2260,Product_2260,Office Supplies,3743.16
2261,Product_2261,Electronics,420.58
2262,Product_2262,Clothing,1094.12
2263,Product_2263,Toys,2906.85
2264,Product_2264,Beauty,1850.85
2265,Product_2265,Sports,3607.59
2266,Product_2266,Sports,159.07
2267,Product_2267,Office Supplies,3508.83
2268,Product_2268,Beauty,3709.08
2269,Product_2269,Toys,1366.38
2270,Product_2270,Clothing,3307.93
2271,Product_2271,Toys,3313.18
2272,Product_2272,Toys,1549.74
2273,Product_2273,Clothing,2204.31
2274,Product_2274,Home & Kitchen,2000.44
2275,Product_2275,Office Supplies,4723.67
2276,Product_2276,Home & Kitchen,4122.0
2277,Product_2277,Beauty,662.1
2278,Product_2278,Office Supplies,2387.55
2279,Product_2279,Sports,1458.68
2280,Product_2280,Toys,389.63
2281,Product_2281,Sports,2437.88
2282,Product_2282,Toys,1260.46
2283,Product_2283,Furniture,1511.57
2284,Product_2284,Office Supplies,357.35
2285,Product_2285,Furniture,1796.59
2286,Product_2286,Beauty,1421.76
2287,Product_2287,Toys,3817.7
2288,Product_2288,Clothing,2291.49
2289,Product_2289,Furniture,1302.19
2290,Product_2290,Home & Kitchen,4396.99
2291,Product_2291,Sports,852.81
2292,Product_2292,Sports,4345.75
2293,Product_2293,Home & Kitchen,4918.69
2294,Product_2294,Clothing,2968.23
2295,Product_2295,Toys,1092.04
2296,Product_2296,Furniture,2236.87
2297,Product_2297,Office Supplies,3431.05
2298,Product_2298,Office Supplies,466.97
2299,Product_2299,Toys,944.43
2300,Product_2300,Home & Kitchen,3753.68
2301,Product_2301,Toys,3069.86
2302,Product_2302,Toys,1136.48
2303,Product_2303,Beauty,588.26
2304,Product_2304,Electronics,4627.6
2305,Product_2305,Toys,4782.76
2306,Product_2306,Toys,1428.51
2307,Product_2307,Beauty,1418.78
2308,Product_2308,Beauty,1371.44
2309,Product_2309,Furniture,585.97
2310,Product_2310,Electronics,1118.84
2311,Product_2311,Furniture,1879.8
2312,Product_2312,Beauty,782.34
2313,Product_2313,Office Supplies,60.02
2314,Product_2314,Sports,3574.88
2315,Product_2315,Home & Kitchen,1135.75
2316,Product_2316,Beauty,3081.94
2317,Product_2317,Electronics,1853.07
2318,Product_2318,Sports,3431.31
2319,Product_2319,Home & Kitchen,1748.75
2320,Product_2320,Electronics,283.75
2321,Product_2321,Beauty,2874.42
2322,Product_2322,Office Supplies,2196.47
2323,Product_2323,Office Supplies,2418.26
2324,Product_2324,Electronics,258.4
2325,Product_2325,Furniture,3846.55
2326,Product_2326,Sports,3263.04
2327,Product_2327,Home & Kitchen,3704.13
2328,Product_2328,Office Supplies,2212.25
2329,Product_2329,Electronics,4448.03
2330,Product_2330,Toys,4035.95
2331,Product_2331,Beauty,1626.7
2332,Product_2332,Furniture,2712.18
2333,Product_2333,Electronics,2094.1
2334,Product_2334,Clothing,3176.97
2335,Product_2335,Furniture,1211.88
2336,Product_2336,Clothing,4382.73
2337,Product_2337,Beauty,2523.44
2338,Product_2338,Home & Kitchen,1365.1
2339,Product_2339,Office Supplies,1740.62
2340,Product_2340,Beauty,376.18
2341,Product_2341,Clothing,4053.54
2342,Product_2342,Electronics,4248.6
2343,Product_2343,Electronics,97.72
2344,Product_2344,Office Supplies,1129.2
2345,Product_2345,Clothing,3959.09
2346,Product_2346,Furniture,559.99
2347,Product_2347,Toys,3047.24
2348,Product_2348,Office Supplies,2052.04
2349,Product_2349,Sports,187.1
2350,Product_2350,Clothing,836.38
2351,Product_2351,Home & Kitchen,3968.34
2352,Product_2352,Clothing,4616.1
2353,Product_2353,Toys,4342.49
2354,Product_2354,Sports,2383.97
2355,Product_2355,Toys,3104.67
2356,Product_2356,Office Supplies,2312.86
2357,Product_2357,Clothing,1779.3
2358,Product_2358,Office Supplies,4407.76
2359,Product_2359,Home & Kitchen,1063.0
2360,Product_2360,Electronics,4688.19
2361,Product_2361,Sports,2198.76
2362,Product_2362,Furniture,441.6
2363,Product_2363,Electronics,1235.0
2364,Product_2364,Toys,2601.69
2365,Product_2365,Beauty,328.18
2366,Product_2366,Toys,2499.84
2367,Product_2367,Electronics,4571.61
2368,Product_2368,Office Supplies,4707.5
2369,Product_2369,Beauty,3485.13
2370,Product_2370,Electronics,105.39
2371,Product_2371,Beauty,2806.8
2372,Product_2372,Sports,3257.8
2373,Product_2373,Electronics,1541.21
2374,Product_2374,Home & Kitchen,940.92
2375,Product_2375,Clothing,1312.09
2376,Product_2376,Beauty,2763.42
2377,Product_2377,Office Supplies,3689.16
2378,Product_2378,Clothing,3153.61
2379,Product_2379,Home & Kitchen,1495.41
2380,Product_2380,Sports,2486.38
2381,Product_2381,Sports,151.06
2382,Product_2382,Furniture,2931.91
2383,Product_2383,Office Supplies,3702.45
2384,Product_2384,Office Supplies,4704.51
2385,Product_2385,Office Supplies,1631.45
2386,Product_2386,Office Supplies,775.58
2387,Product_2387,Office Supplies,2127.03
2388,Product_2388,Beauty,2602.79
2389,Product_2389,Office Supplies,790.49
2390,Product_2390,Furniture,2807.72
2391,Product_2391,Toys,2315.79
2392,Product_2392,Office Supplies,2253.87
2393,Product_2393,Toys,1117.71
2394,Product_2394,Toys,3782.17
2395,Product_2395,Beauty,2432.24
2396,Product_2396,Sports,3024.59
2397,Product_2397,Toys,3301.02
2398,Product_2398,Home & Kitchen,1365.74
2399,Product_2399,Sports,2542.28
2400,Product_2400,Office Supplies,1813.65
2401,Product_2401,Toys,2616.65
2402,Product_2402,Beauty,1210.36
2403,Product_2403,Office Supplies,3527.21
2404,Product_2404,Office Supplies,1705.4
2405,Product_2405,Beauty,956.81
2406,Product_2406,Electronics,2317.85
2407,Product_2407,Electronics,2306.14
2408,Product_2408,Beauty,2023.58
2409,Product_2409,Furniture,1335.36
2410,Product_2410,Toys,683.14
2411,Product_2411,Toys,3178.35
2412,Product_2412,Sports,3030.78
2413,Product_2413,Electronics,1481.21
2414,Product_2414,Sports,3061.83
2415,Product_2415,Electronics,2376.98
2416,Product_2416,Furniture,4541.18
2417,Product_2417,Toys,4408.03
2418,Product_2418,Furniture,2446.31
2419,Product_2419,Sports,756.21
2420,Product_2420,Furniture,4323.54
2421,Product_2421,Toys,386.27
2422,Product_2422,Office Supplies,3006.94
2423,Product_2423,Sports,2993.93
2424,Product_2424,Toys,2678.44
2425,Product_2425,Electronics,2335.04
2426,Product_2426,Beauty,1750.82
2427,Product_2427,Office Supplies,3804.41
2428,Product_2428,Clothing,351.31
2429,Product_2429,Clothing,463.08
2430,Product_2430,Office Supplies,4589.92
2431,Product_2431,Furniture,2421.04
2432,Product_2432,Furniture,4321.02
2433,Product_2433,Toys,1472.24
2434,Product_2434,Clothing,3146.69
2435,Product_2435,Office Supplies,4972.3
2436,Product_2436,Furniture,3900.57
2437,Product_2437,Home & Kitchen,230.93
2438,Product_2438,Sports,2344.85
2439,Product_2439,Beauty,1326.14
2440,Product_2440,Clothing,4226.7
2441,Product_2441,Toys,715.93
2442,Product_2442,Sports,1155.38
2443,Product_2443,Beauty,3714.83
2444,Product_2444,Clothing,4445.63
2445,Product_2445,Electronics,402.58
2446,Product_2446,Toys,4902.84
2447,Product_2447,Electronics,1268.74
2448,Product_2448,Clothing,1009.52
2449,Product_2449,Office Supplies,4066.75
2450,Product_2450,Beauty,921.42
2451,Product_2451,Office Supplies,2621.88
2452,Product_2452,Toys,3615.62
2453,Product_2453,Clothing,1779.05
2454,Product_2454,Office Supplies,662.28
2455,Product_2455,Furniture,1514.04
2456,Product_2456,Electronics,3445.4
2457,Product_2457,Sports,216.36
2458,Product_2458,Furniture,3714.38
2459,Product_2459,Electronics,2021.45
2460,Product_2460,Office Supplies,1007.28
2461,Product_2461,Office Supplies,1229.19
2462,Product_2462,Electronics,1220.73
2463,Product_2463,Furniture,2602.72
2464,Product_2464,Office Supplies,2122.89
2465,Product_2465,Electronics,2491.52
2466,Product_2466,Furniture,2905.29
2467,Product_2467,Clothing,71.16
2468,Product_2468,Toys,2461.29
2469,Product_2469,Clothing,458.63
2470,Product_2470,Office Supplies,4118.78
2471,Product_2471,Furniture,1704.88
2472,Product_2472,Furniture,1720.27
2473,Product_2473,Clothing,4957.91
2474,Product_2474,Clothing,3523.72
2475,Product_2475,Furniture,3873.5
2476,Product_2476,Office Supplies,3199.52
2477,Product_2477,Toys,2414.4
2478,Product_2478,Home & Kitchen,1860.72
2479,Product_2479,Beauty,3215.66
2480,Product_2480,Furniture,3260.78
2481,Product_2481,Office Supplies,4434.81
2482,Product_2482,Electronics,504.61
2483,Product_2483,Office Supplies,4842.12
2484,Product_2484,Clothing,2286.93
2485,Product_2485,Furniture,4568.26
2486,Product_2486,Beauty,2897.75
2487,Product_2487,Office Supplies,1380.42
2488,Product_2488,Electronics,1394.71
2489,Product_2489,Home & Kitchen,2981.95
2490,Product_2490,Home & Kitchen,2521.54
2491,Product_2491,Home & Kitchen,2415.9
2492,Product_2492,Toys,3588.17
2493,Product_2493,Clothing,4751.95
2494,Product_2494,Electronics,4356.98
2495,Product_2495,Home & Kitchen,3825.3
2496,Product_2496,Office Supplies,785.63
2497,Product_2497,Home & Kitchen,4077.96
2498,Product_2498,Furniture,1253.41
2499,Product_2499,Electronics,356.4
2500,Product_2500,Toys,2584.41
2501,Product_2501,Furniture,2665.08
2502,Product_2502,Office Supplies,2795.92
2503,Product_2503,Beauty,2246.48
2504,Product_2504,Electronics,1281.93
2505,Product_2505,Toys,2447.54
2506,Product_2506,Home & Kitchen,4064.64
2507,Product_2507,Office Supplies,4518.71
2508,Product_2508,Sports,3407.44
2509,Product_2509,Clothing,1199.46
2510,Product_2510,Furniture,348.84
2511,Product_2511,Clothing,1572.98
2512,Product_2512,Clothing,987.47
2513,Product_2513,Clothing,4662.45
2514,Product_2514,Electronics,1662.53
2515,Product_2515,Beauty,3096.5
2516,Product_2516,Sports,3428.7
2517,Product_2517,Beauty,3658.05
2518,Product_2518,Clothing,1086.65
2519,Product_2519,Toys,2153.79
2520,Product_2520,Electronics,322.19
2521,Product_2521,Beauty,463.96
2522,Product_2522,Electronics,2344.89
2523,Product_2523,Toys,2775.75
2524,Product_2524,Furniture,982.24
2525,Product_2525,Office Supplies,934.88
2526,Product_2526,Home & Kitchen,1094.87
2527,Product_2527,Sports,353.25
2528,Product_2528,Clothing,2525.69
2529,Product_2529,Toys,1544.48
2530,Product_2530,Office Supplies,2500.28
2531,Product_2531,Office Supplies,3759.18
2532,Product_2532,Toys,951.04
2533,Product_2533,Beauty,2500.02
2534,Product_2534,Beauty,575.63
2535,Product_2535,Toys,3670.18
2536,Product_2536,Toys,2174.86
2537,Product_2537,Beauty,2203.79
2538,Product_2538,Electronics,3370.78
2539,Product_2539,Clothing,22.75
2540,Product_2540,Home & Kitchen,1288.03
2541,Product_2541,Beauty,3211.91
2542,Product_2542,Sports,314.49
2543,Product_2543,Home & Kitchen,800.3
2544,Product_2544,Furniture,3397.35
2545,Product_2545,Clothing,1690.41
2546,Product_2546,Clothing,2263.22
2547,Product_2547,Furniture,4224.85
2548,Product_2548,Sports,3917.19
2549,Product_2549,Electronics,4333.08
2550,Product_2550,Furniture,628.34
2551,Product_2551,Clothing,4663.58
2552,Product_2552,Beauty,2492.29
2553,Product_2553,Clothing,4180.74
2554,Product_2554,Beauty,1381.79
2555,Product_2555,Electronics,3226.59
2556,Product_2556,Furniture,4410.32
2557,Product_2557,Home & Kitchen,3884.8
2558,Product_2558,Beauty,4546.32
2559,Product_2559,Furniture,897.44
2560,Product_2560,Clothing,3340.34
2561,Product_2561,Toys,820.8
2562,Product_2562,Sports,2171.54
2563,Product_2563,Clothing,295.27
2564,Product_2564,Beauty,4335.57
2565,Product_2565,Beauty,59.62
2566,Product_2566,Office Supplies,4005.31
2567,Product_2567,Electronics,4892.88
2568,Product_2568,Clothing,2382.93
2569,Product_2569,Home & Kitchen,4695.69
2570,Product_2570,Electronics,2248.36
2571,Product_2571,Clothing,3165.44
2572,Product_2572,Sports,4362.09
2573,Product_2573,Office Supplies,250.75
2574,Product_2574,Toys,4919.26
2575,Product_2575,Office Supplies,3356.12
2576,Product_2576,Sports,1197.86
2577,Product_2577,Home & Kitchen,1908.36
2578,Product_2578,Toys,4865.19
2579,Product_2579,Electronics,1775.4
2580,Product_2580,Home & Kitchen,2972.24
2581,Product_2581,Office Supplies,872.76
2582,Product_2582,Home & Kitchen,745.36
2583,Product_2583,Office Supplies,4024.94
2584,Product_2584,Office Supplies,1449.22
2585,Product_2585,Beauty,4071.12
2586,Product_2586,Clothing,1188.9
2587,Product_2587,Toys,4028.1
2588,Product_2588,Beauty,375.72
2589,Product_2589,Office Supplies,3667.63
2590,Product_2590,Furniture,1197.69
2591,Product_2591,Home & Kitchen,3194.54
2592,Product_2592,Toys,2603.83
2593,Product_2593,Home & Kitchen,4284.23
2594,Product_2594,Beauty,68.61
2595,Product_2595,Sports,3483.06
2596,Product_2596,Clothing,4968.73
2597,Product_2597,Toys,4950.11
2598,Product_2598,Sports,2981.96
2599,Product_2599,Toys,3205.09
2600,Product_2600,Toys,2799.75
2601,Product_2601,Toys,2686.6
2602,Product_2602,Sports,2350.43
2603,Product_2603,Sports,1866.32
2604,Product_2604,Electronics,326.38
2605,Product_2605,Clothing,4955.51
2606,Product_2606,Beauty,766.64
2607,Product_2607,Office Supplies,2543.49
2608,Product_2608,Toys,1375.56
2609,Product_2609,Beauty,1273.4
2610,Product_2610,Toys,1280.94
2611,Product_2611,Electronics,2409.77
2612,Product_2612,Furniture,3413.84
2613,Product_2613,Sports,4843.84
2614,Product_2614,Office Supplies,3682.93
2615,Product_2615,Electronics,4248.43
2616,Product_2616,Office Supplies,687.75
2617,Product_2617,Toys,2857.81
2618,Product_2618,Beauty,1107.13
2619,Product_2619,Office Supplies,1138.76
2620,Product_2620,Office Supplies,4182.58
2621,Product_2621,Toys,4980.07
2622,Product_2622,Sports,1025.25
2623,Product_2623,Office Supplies,4886.22
2624,Product_2624,Clothing,452.36
2625,Product_2625,Office Supplies,3917.98
2626,Product_2626,Sports,4103.98
2627,Product_2627,Clothing,2851.03
2628,Product_2628,Toys,3087.29
2629,Product_2629,Beauty,546.77
2630,Product_2630,Furniture,795.59
2631,Product_2631,Home & Kitchen,1242.4
2632,Product_2632,Sports,2275.5
2633,Product_2633,Electronics,2887.53
2634,Product_2634,Home & Kitchen,2349.48
2635,Product_2635,Clothing,1743.71
2636,Product_2636,Sports,482.37
2637,Product_2637,Office Supplies,4050.84
2638,Product_2638,Electronics,2271.64
2639,Product_2639,Toys,4624.16
2640,Product_2640,Sports,690.16
2641,Product_2641,Office Supplies,3576.6
2642,Product_2642,Toys,4284.29
2643,Product_2643,Beauty,71.97
2644,Product_2644,Toys,4080.47
2645,Product_2645,Toys,4065.55
2646,Product_2646,Clothing,4635.01
2647,Product_2647,Clothing,4071.9
2648,Product_2648,Home & Kitchen,3930.96
2649,Product_2649,Furniture,3404.33
2650,Product_2650,Office Supplies,3182.41
2651,Product_2651,Sports,3616.41
2652,Product_2652,Toys,2035.58
2653,Product_2653,Electronics,1580.27
2654,Product_2654,Sports,2551.86
2655,Product_2655,Furniture,319.33
2656,Product_2656,Electronics,2143.74
2657,Product_2657,Beauty,2230.7
2658,Product_2658,Office Supplies,1341.77
2659,Product_2659,Furniture,3340.05
2660,Product_2660,Sports,3556.37
2661,Product_2661,Beauty,4212.11
2662,Product_2662,Sports,3628.26
2663,Product_2663,Home & Kitchen,282.24
2664,Product_2664,Sports,849.69
2665,Product_2665,Home & Kitchen,1897.02
2666,Product_2666,Electronics,4671.45
2667,Product_2667,Office Supplies,2412.31
2668,Product_2668,Office Supplies,3700.44
2669,Product_2669,Sports,3253.03
2670,Product_2670,Electronics,3651.41
2671,Product_2671,Electronics,2594.7
2672,Product_2672,Home & Kitchen,1935.63
2673,Product_2673,Clothing,2619.31
2674,Product_2674,Beauty,1966.91
2675,Product_2675,Office Supplies,1749.47
2676,Product_2676,Office Supplies,3844.0
2677,Product_2677,Clothing,475.25
2678,Product_2678,Sports,3507.4
2679,Product_2679,Beauty,3165.49
2680,Product_2680,Home & Kitchen,1145.53
2681,Product_2681,Toys,1847.91
2682,Product_2682,Sports,2560.92
2683,Product_2683,Electronics,2147.32
2684,Product_2684,Electronics,1694.59
2685,Product_2685,Office Supplies,2892.68
2686,Product_2686,Home & Kitchen,1294.03
2687,Product_2687,Beauty,46.98
2688,Product_2688,Sports,559.32
2689,Product_2689,Toys,2659.09
2690,Product_2690,Home & Kitchen,2037.65
2691,Product_2691,Furniture,3796.09
2692,Product_2692,Home & Kitchen,183.4
2693,Product_2693,Furniture,3599.65
2694,Product_2694,Clothing,4984.59
2695,Product_2695,Electronics,1911.5
2696,Product_2696,Furniture,67.85
2697,Product_2697,Beauty,1240.53
2698,Product_2698,Sports,3156.96
2699,Product_2699,Office Supplies,937.23
2700,Product_2700,Beauty,445.09
2701,Product_2701,Electronics,834.52
2702,Product_2702,Furniture,3256.09
2703,Product_2703,Office Supplies,362.92
2704,Product_2704,Electronics,3560.55
2705,Product_2705,Toys,4902.44
2706,Product_2706,Home & Kitchen,940.86
2707,Product_2707,Sports,1673.7
2708,Product_2708,Toys,917.88
2709,Product_2709,Office Supplies,2605.24
2710,Product_2710,Sports,4816.99
2711,Product_2711,Toys,458.52
2712,Product_2712,Clothing,4994.76
2713,Product_2713,Electronics,1010.0
2714,Product_2714,Toys,4967.51
2715,Product_2715,Home & Kitchen,2499.95
2716,Product_2716,Furniture,1670.51
2717,Product_2717,Sports,2246.64
2718,Product_2718,Furniture,4860.53
2719,Product_2719,Beauty,184.61
2720,Product_2720,Electronics,2617.77
2721,Product_2721,Clothing,557.4
2722,Product_2722,Sports,3038.69
2723,Product_2723,Furniture,3567.98
2724,Product_2724,Toys,1544.77
2725,Product_2725,Beauty,3694.8
2726,Product_2726,Office Supplies,749.49
2727,Product_2727,Electronics,2283.77
2728,Product_2728,Electronics,3288.98
2729,Product_2729,Beauty,3502.25
2730,Product_2730,Beauty,821.23
2731,Product_2731,Furniture,858.07
2732,Product_2732,Furniture,962.13
2733,Product_2733,Furniture,2828.89
2734,Product_2734,Home & Kitchen,2075.29
2735,Product_2735,Clothing,172.15
2736,Product_2736,Electronics,1318.75
2737,Product_2737,Clothing,4951.6
2738,Product_2738,Furniture,2751.41
2739,Product_2739,Toys,724.49
2740,Product_2740,Office Supplies,1102.14
2741,Product_2741,Electronics,2906.91
2742,Product_2742,Toys,3290.51
2743,Product_2743,Toys,4000.14
2744,Product_2744,Toys,1026.61
2745,Product_2745,Electronics,911.84
2746,Product_2746,Office Supplies,4967.21
2747,Product_2747,Home & Kitchen,1608.15
2748,Product_2748,Home & Kitchen,4222.74
2749,Product_2749,Beauty,1605.68
2750,Product_2750,Home & Kitchen,3473.86
2751,Product_2751,Home & Kitchen,2075.57
2752,Product_2752,Furniture,726.9
2753,Product_2753,Sports,2541.52
2754,Product_2754,Sports,468.08
2755,Product_2755,Furniture,4403.12
2756,Product_2756,Beauty,1254.96
2757,Product_2757,Home & Kitchen,4852.91
2758,Product_2758,Toys,2101.81
2759,Product_2759,Toys,3191.66
2760,Product_2760,Sports,1413.4
2761,Product_2761,Toys,3883.29
2762,Product_2762,Beauty,3874.17
2763,Product_2763,Clothing,3634.5
2764,Product_2764,Clothing,3992.37
2765,Product_2765,Clothing,1416.04
2766,Product_2766,Home & Kitchen,4202.49
2767,Product_2767,Toys,1189.92
2768,Product_2768,Beauty,1212.92
2769,Product_2769,Electronics,4108.02
2770,Product_2770,Furniture,3324.59
2771,Product_2771,Office Supplies,617.08
2772,Product_2772,Electronics,3607.64
2773,Product_2773,Sports,1073.07
2774,Product_2774,Clothing,2593.0
2775,Product_2775,Clothing,1903.07
2776,Product_2776,Home & Kitchen,2988.42
2777,Product_2777,Furniture,3316.81
2778,Product_2778,Beauty,4947.26
2779,Product_2779,Clothing,2185.13
2780,Product_2780,Sports,1963.41
2781,Product_2781,Sports,1319.24
2782,Product_2782,Beauty,1995.03
2783,Product_2783,Clothing,3013.16
2784,Product_2784,Office Supplies,344.9
2785,Product_2785,Home & Kitchen,530.02
2786,Product_2786,Home & Kitchen,3675.2
2787,Product_2787,Clothing,2665.61
2788,Product_2788,Beauty,46.47
2789,Product_2789,Furniture,673.12
2790,Product_2790,Furniture,1843.03
2791,Product_2791,Sports,1178.33
2792,Product_2792,Sports,3012.64
2793,Product_2793,Furniture,4863.98
2794,Product_2794,Beauty,3516.85
2795,Product_2795,Beauty,1306.99
2796,Product_2796,Furniture,247.26
2797,Product_2797,Clothing,3263.67
2798,Product_2798,Office Supplies,1354.58
2799,Product_2799,Clothing,3186.11
2800,Product_2800,Sports,738.87
2801,Product_2801,Beauty,3573.81
2802,Product_2802,Office Supplies,4005.98
2803,Product_2803,Home & Kitchen,264.17
2804,Product_2804,Sports,1517.16
2805,Product_2805,Sports,3681.79
2806,Product_2806,Office Supplies,3709.62
2807,Product_2807,Electronics,3855.21
2808,Product_2808,Home & Kitchen,3070.65
2809,Product_2809,Office Supplies,2039.87
2810,Product_2810,Sports,1318.73
2811,Product_2811,Office Supplies,3126.86
2812,Product_2812,Beauty,199.03
2813,Product_2813,Toys,1612.81
2814,Product_2814,Beauty,2576.78
2815,Product_2815,Electronics,868.68
2816,Product_2816,Toys,1060.97
2817,Product_2817,Furniture,1836.69
2818,Product_2818,Clothing,4770.07
2819,Product_2819,Home & Kitchen,1070.91
2820,Product_2820,Toys,3479.84
2821,Product_2821,Sports,1216.61
2822,Product_2822,Home & Kitchen,3239.55
2823,Product_2823,Beauty,2199.16
2824,Product_2824,Beauty,3130.2
2825,Product_2825,Clothing,4424.26
2826,Product_2826,Toys,4788.89
2827,Product_2827,Toys,2941.18
2828,Product_2828,Beauty,1245.95
2829,Product_2829,Sports,3255.19
2830,Product_2830,Toys,2982.15
2831,Product_2831,Sports,663.04
2832,Product_2832,Toys,86.15
2833,Product_2833,Beauty,2804.85
2834,Product_2834,Clothing,1833.76
2835,Product_2835,Office Supplies,3369.78
2836,Product_2836,Home & Kitchen,3291.76
2837,Product_2837,Home & Kitchen,3130.85
2838,Product_2838,Furniture,3816.53
2839,Product_2839,Beauty,2400.7
2840,Product_2840,Furniture,4586.28
2841,Product_2841,Clothing,4478.31
2842,Product_2842,Toys,697.06
2843,Product_2843,Toys,4419.66
2844,Product_2844,Beauty,3021.45
2845,Product_2845,Beauty,4995.74
2846,Product_2846,Sports,721.44
2847,Product_2847,Sports,28.92
2848,Product_2848,Furniture,456.48
2849,Product_2849,Sports,1402.12
2850,Product_2850,Electronics,597.12
2851,Product_2851,Home & Kitchen,1211.96
2852,Product_2852,Office Supplies,2619.45
2853,Product_2853,Home & Kitchen,430.1
2854,Product_2854,Beauty,2966.79
2855,Product_2855,Clothing,3919.13
2856,Product_2856,Toys,89.13
2857,Product_2857,Clothing,2674.21
2858,Product_2858,Toys,3217.2
2859,Product_2859,Sports,4041.76
2860,Product_2860,Beauty,1939.56
2861,Product_2861,Sports,455.94
2862,Product_2862,Toys,4505.28
2863,Product_2863,Clothing,2818.72
2864,Product_2864,Toys,2033.24
2865,Product_2865,Furniture,1039.27
2866,Product_2866,Furniture,1266.23
2867,Product_2867,Sports,4688.2
2868,Product_2868,Office Supplies,2429.92
2869,Product_2869,Home & Kitchen,2706.22
2870,Product_2870,Furniture,1514.77
2871,Product_2871,Furniture,4041.59
2872,Product_2872,Beauty,2202.43
2873,Product_2873,Clothing,3152.27
2874,Product_2874,Clothing,1611.35
2875,Product_2875,Furniture,3339.84
2876,Product_2876,Sports,4401.83
2877,Product_2877,Toys,1940.16
2878,Product_2878,Beauty,4237.36
2879,Product_2879,Sports,1183.32
2880,Product_2880,Furniture,608.12
2881,Product_2881,Beauty,4965.5
2882,Product_2882,Home & Kitchen,3847.34
2883,Product_2883,Sports,3521.55
2884,Product_2884,Furniture,1640.55
2885,Product_2885,Clothing,3825.97
2886,Product_2886,Electronics,1749.62
2887,Product_2887,Office Supplies,2137.21
2888,Product_2888,Home & Kitchen,659.75
2889,Product_2889,Clothing,3608.56
2890,Product_2890,Home & Kitchen,2811.13
2891,Product_2891,Electronics,3546.77
2892,Product_2892,Beauty,1628.83
2893,Product_2893,Furniture,2613.86
2894,Product_2894,Furniture,2799.24
2895,Product_2895,Sports,3596.96
2896,Product_2896,Sports,3810.63
2897,Product_2897,Sports,1491.75
2898,Product_2898,Electronics,1305.48
2899,Product_2899,Beauty,2164.25
2900,Product_2900,Sports,2468.03
2901,Product_2901,Office Supplies,4610.6
2902,Product_2902,Home & Kitchen,1447.92
2903,Product_2903,Electronics,4786.06
2904,Product_2904,Clothing,1710.6
2905,Product_2905,Furniture,4339.38
2906,Product_2906,Home & Kitchen,1958.86
2907,Product_2907,Toys,2245.15
2908,Product_2908,Home & Kitchen,2979.57
2909,Product_2909,Clothing,1442.47
2910,Product_2910,Clothing,909.97
2911,Product_2911,Office Supplies,387.76
2912,Product_2912,Electronics,692.6
2913,Product_2913,Office Supplies,2721.5
2914,Product_2914,Electronics,2839.52
2915,Product_2915,Toys,2151.44
2916,Product_2916,Electronics,3589.43
2917,Product_2917,Home & Kitchen,3477.39
2918,Product_2918,Furniture,2714.68
2919,Product_2919,Beauty,2507.26
2920,Product_2920,Sports,709.61
2921,Product_2921,Beauty,2644.23
2922,Product_2922,Electronics,202.3
2923,Product_2923,Electronics,3159.37
2924,Product_2924,Home & Kitchen,1904.06
2925,Product_2925,Beauty,736.09
2926,Product_2926,Toys,4079.48
2927,Product_2927,Office Supplies,2101.57
2928,Product_2928,Office Supplies,2519.74
2929,Product_2929,Home & Kitchen,3908.13
2930,Product_2930,Home & Kitchen,2145.55
2931,Product_2931,Beauty,787.89
2932,Product_2932,Beauty,203.38
2933,Product_2933,Clothing,2812.23
2934,Product_2934,Clothing,2092.68
2935,Product_2935,Beauty,1321.82
2936,Product_2936,Home & Kitchen,820.97
2937,Product_2937,Sports,4639.32
2938,Product_2938,Clothing,1633.78
2939,Product_2939,Clothing,2609.94
2940,Product_2940,Electronics,4523.13
2941,Product_2941,Electronics,4249.6
2942,Product_2942,Home & Kitchen,396.89
2943,Product_2943,Toys,3133.63
2944,Product_2944,Furniture,4719.19
2945,Product_2945,Office Supplies,2215.51
2946,Product_2946,Clothing,3201.93
2947,Product_2947,Electronics,1929.32
2948,Product_2948,Home & Kitchen,603.28
2949,Product_2949,Electronics,3386.67
2950,Product_2950,Clothing,3085.65
2951,Product_2951,Furniture,2842.73
2952,Product_2952,Beauty,3171.59
2953,Product_2953,Office Supplies,3131.91
2954,Product_2954,Furniture,1235.69
2955,Product_2955,Sports,1019.62
2956,Product_2956,Clothing,3278.46
2957,Product_2957,Beauty,1559.81
2958,Product_2958,Toys,1255.51
2959,Product_2959,Sports,2592.2
2960,Product_2960,Beauty,3349.82
2961,Product_2961,Office Supplies,1901.63
2962,Product_2962,Beauty,1783.69
2963,Product_2963,Clothing,2617.16
2964,Product_2964,Home & Kitchen,248.54
2965,Product_2965,Clothing,1626.16
2966,Product_2966,Furniture,4981.09
2967,Product_2967,Furniture,3363.74
2968,Product_2968,Beauty,821.96
2969,Product_2969,Home & Kitchen,4488.03
2970,Product_2970,Electronics,4027.87
2971,Product_2971,Beauty,1843.39
2972,Product_2972,Electronics,4481.57
2973,Product_2973,Sports,878.56
2974,Product_2974,Beauty,4809.47
2975,Product_2975,Toys,446.41
2976,Product_2976,Electronics,351.23
2977,Product_2977,Beauty,311.06
2978,Product_2978,Toys,4076.65
2979,Product_2979,Furniture,4187.61
2980,Product_2980,Sports,3224.59
2981,Product_2981,Furniture,58.09
2982,Product_2982,Toys,2278.6
2983,Product_2983,Toys,4298.62
2984,Product_2984,Toys,3326.85
2985,Product_2985,Sports,1667.32
2986,Product_2986,Office Supplies,4847.74
2987,Product_2987,Toys,1840.21
2988,Product_2988,Toys,3044.11
2989,Product_2989,Toys,1417.02
2990,Product_2990,Furniture,3769.67
2991,Product_2991,Office Supplies,1238.49
2992,Product_2992,Office Supplies,3750.71
2993,Product_2993,Sports,935.95
2994,Product_2994,Office Supplies,1622.47
2995,Product_2995,Home & Kitchen,2208.19
2996,Product_2996,Beauty,3998.94
2997,Product_2997,Beauty,3048.07
2998,Product_2998,Sports,2534.67
2999,Product_2999,Home & Kitchen,3136.3
3000,Product_3000,Furniture,505.46
3001,Product_3001,Beauty,1550.98
3002,Product_3002,Home & Kitchen,3943.9
3003,Product_3003,Beauty,803.55
3004,Product_3004,Furniture,1879.62
3005,Product_3005,Sports,813.62
3006,Product_3006,Beauty,1364.41
3007,Product_3007,Sports,1992.5
3008,Product_3008,Home & Kitchen,589.2
3009,Product_3009,Clothing,295.42
3010,Product_3010,Office Supplies,720.23
3011,Product_3011,Clothing,2889.92
3012,Product_3012,Clothing,779.01
3013,Product_3013,Furniture,2019.32
3014,Product_3014,Furniture,597.13
3015,Product_3015,Home & Kitchen,2200.3
3016,Product_3016,Toys,1571.55
3017,Product_3017,Furniture,4769.67
3018,Product_3018,Sports,1192.87
3019,Product_3019,Furniture,4765.97
3020,Product_3020,Sports,731.16
3021,Product_3021,Sports,114.28
3022,Product_3022,Beauty,3091.16
3023,Product_3023,Sports,4937.87
3024,Product_3024,Sports,3676.43
3025,Product_3025,Sports,1022.04
3026,Product_3026,Toys,4990.84
3027,Product_3027,Toys,3202.04
3028,Product_3028,Toys,3679.15
3029,Product_3029,Clothing,12.0
3030,Product_3030,Toys,1804.85
3031,Product_3031,Clothing,3013.34
3032,Product_3032,Clothing,3830.77
3033,Product_3033,Office Supplies,4877.14
3034,Product_3034,Sports,3538.07
3035,Product_3035,Home & Kitchen,4120.5
3036,Product_3036,Furniture,187.49
3037,Product_3037,Beauty,3577.68
3038,Product_3038,Furniture,3150.32
3039,Product_3039,Toys,3589.34
3040,Product_3040,Sports,3348.2
3041,Product_3041,Beauty,669.9
3042,Product_3042,Beauty,1064.85
3043,Product_3043,Sports,843.36
3044,Product_3044,Clothing,3493.59
3045,Product_3045,Home & Kitchen,3258.99
3046,Product_3046,Toys,3770.92
3047,Product_3047,Beauty,748.34
3048,Product_3048,Sports,3864.72
3049,Product_3049,Electronics,1483.49
3050,Product_3050,Electronics,2115.03
3051,Product_3051,Toys,2865.29
3052,Product_3052,Home & Kitchen,4894.81
3053,Product_3053,Sports,2005.14
3054,Product_3054,Office Supplies,87.08
3055,Product_3055,Clothing,3686.35
3056,Product_3056,Sports,237.02
3057,Product_3057,Home & Kitchen,1060.34
3058,Product_3058,Furniture,471.31
3059,Product_3059,Toys,4799.31
3060,Product_3060,Clothing,966.01
3061,Product_3061,Sports,1205.23
3062,Product_3062,Electronics,3873.41
3063,Product_3063,Toys,746.33
3064,Product_3064,Clothing,1382.53
3065,Product_3065,Electronics,3135.72
3066,Product_3066,Sports,2715.52
3067,Product_3067,Home & Kitchen,2078.58
3068,Product_3068,Office Supplies,2816.52
3069,Product_3069,Beauty,1273.48
3070,Product_3070,Home & Kitchen,3979.93
3071,Product_3071,Electronics,2073.5
3072,Product_3072,Home & Kitchen,2817.92
3073,Product_3073,Electronics,2496.7
3074,Product_3074,Office Supplies,2956.13
3075,Product_3075,Sports,4473.67
3076,Product_3076,Beauty,4246.73
3077,Product_3077,Office Supplies,65.97
3078,Product_3078,Clothing,3533.14
3079,Product_3079,Beauty,382.5
3080,Product_3080,Toys,298.23
3081,Product_3081,Beauty,4365.54
3082,Product_3082,Toys,4908.14
3083,Product_3083,Electronics,2018.25
3084,Product_3084,Beauty,714.35
3085,Product_3085,Home & Kitchen,4284.77
3086,Product_3086,Electronics,4319.89
3087,Product_3087,Clothing,2662.1
3088,Product_3088,Office Supplies,250.85
3089,Product_3089,Electronics,1882.16
3090,Product_3090,Sports,2071.92
3091,Product_3091,Furniture,4527.25
3092,Product_3092,Furniture,1414.06
3093,Product_3093,Home & Kitchen,597.63
3094,Product_3094,Beauty,3597.76
3095,Product_3095,Sports,3053.6
3096,Product_3096,Toys,3132.28
3097,Product_3097,Beauty,4388.52
3098,Product_3098,Office Supplies,4653.7
3099,Product_3099,Electronics,1830.96
3100,Product_3100,Beauty,104.08
3101,Product_3101,Beauty,1954.76
3102,Product_3102,Electronics,4902.5
3103,Product_3103,Office Supplies,1053.05
3104,Product_3104,Toys,1771.39
3105,Product_3105,Clothing,1580.75
3106,Product_3106,Furniture,2065.44
3107,Product_3107,Home & Kitchen,4723.02
3108,Product_3108,Clothing,1612.28
3109,Product_3109,Office Supplies,3442.87
3110,Product_3110,Sports,4072.88
3111,Product_3111,Beauty,1805.59
3112,Product_3112,Sports,222.89
3113,Product_3113,Furniture,1748.93
3114,Product_3114,Sports,3413.14
3115,Product_3115,Electronics,2709.26
3116,Product_3116,Home & Kitchen,4406.14
3117,Product_3117,Furniture,2262.29
3118,Product_3118,Toys,269.67
3119,Product_3119,Home & Kitchen,2160.66
3120,Product_3120,Sports,2100.76
3121,Product_3121,Sports,3914.76
3122,Product_3122,Sports,3318.75
3123,Product_3123,Toys,3443.85
3124,Product_3124,Electronics,4458.03
3125,Product_3125,Office Supplies,3130.21
3126,Product_3126,Clothing,3182.64
3127,Product_3127,Clothing,2324.74
3128,Product_3128,Home & Kitchen,2116.37
3129,Product_3129,Clothing,4949.54
3130,Product_3130,Electronics,1118.02
3131,Product_3131,Beauty,3273.66
3132,Product_3132,Electronics,2368.04
3133,Product_3133,Clothing,3637.6
3134,Product_3134,Sports,2103.08
3135,Product_3135,Home & Kitchen,1708.32
3136,Product_3136,Clothing,2908.11
3137,Product_3137,Sports,4608.17
3138,Product_3138,Beauty,3323.6
3139,Product_3139,Toys,4133.65
3140,Product_3140,Clothing,2551.78
3141,Product_3141,Home & Kitchen,1173.24
3142,Product_3142,Electronics,822.26
3143,Product_3143,Home & Kitchen,809.99
3144,Product_3144,Furniture,2309.02
3145,Product_3145,Electronics,3537.29
3146,Product_3146,Toys,2427.72
3147,Product_3147,Beauty,1643.6
3148,Product_3148,Office Supplies,291.56
3149,Product_3149,Sports,4291.8
3150,Product_3150,Clothing,494.95
3151,Product_3151,Clothing,2940.03
3152,Product_3152,Clothing,3410.23
3153,Product_3153,Beauty,1528.79
3154,Product_3154,Beauty,1977.71
3155,Product_3155,Toys,558.07
3156,Product_3156,Home & Kitchen,4288.64
3157,Product_3157,Home & Kitchen,3340.99
3158,Product_3158,Clothing,4861.16
3159,Product_3159,Home & Kitchen,1430.47
3160,Product_3160,Toys,903.59
3161,Product_3161,Home & Kitchen,438.73
3162,Product_3162,Toys,3396.33
3163,Product_3163,Home & Kitchen,2214.85
3164,Product_3164,Electronics,179.48
3165,Product_3165,Sports,784.56
3166,Product_3166,Sports,1237.59
3167,Product_3167,Home & Kitchen,1991.04
3168,Product_3168,Electronics,461.42
3169,Product_3169,Toys,121.06
3170,Product_3170,Beauty,905.33
3171,Product_3171,Sports,4721.1
3172,Product_3172,Office Supplies,242.04
3173,Product_3173,Beauty,2263.56
3174,Product_3174,Home & Kitchen,3005.22
3175,Product_3175,Clothing,401.38
3176,Product_3176,Home & Kitchen,1727.9
3177,Product_3177,Furniture,3932.77
3178,Product_3178,Toys,3345.72
3179,Product_3179,Clothing,506.82
3180,Product_3180,Beauty,4873.01
3181,Product_3181,Toys,2575.73
3182,Product_3182,Furniture,2150.63
3183,Product_3183,Toys,3616.33
3184,Product_3184,Home & Kitchen,2260.83
3185,Product_3185,Electronics,531.19
3186,Product_3186,Toys,4496.87
3187,Product_3187,Office Supplies,2487.89
3188,Product_3188,Office Supplies,3278.95
3189,Product_3189,Furniture,2685.71
3190,Product_3190,Office Supplies,2743.32
3191,Product_3191,Clothing,3436.33
3192,Product_3192,Sports,3133.28
3193,Product_3193,Toys,3345.94
3194,Product_3194,Office Supplies,790.17
3195,Product_3195,Office Supplies,2705.87
3196,Product_3196,Electronics,577.03
3197,Product_3197,Electronics,2028.39
3198,Product_3198,Office Supplies,3923.31
3199,Product_3199,Toys,800.24
3200,Product_3200,Clothing,910.42
3201,Product_3201,Furniture,1353.28
3202,Product_3202,Clothing,4247.49
3203,Product_3203,Home & Kitchen,397.91
3204,Product_3204,Toys,1348.08
3205,Product_3205,Electronics,1056.86
3206,Product_3206,Sports,4144.7
3207,Product_3207,Office Supplies,219.48
3208,Product_3208,Clothing,1084.3
3209,Product_3209,Beauty,4042.25
3210,Product_3210,Office Supplies,3438.83
3211,Product_3211,Toys,4483.62
3212,Product_3212,Beauty,4021.43
3213,Product_3213,Office Supplies,2284.44
3214,Product_3214,Furniture,3298.51
3215,Product_3215,Office Supplies,3221.43
3216,Product_3216,Toys,1589.26
3217,Product_3217,Toys,552.09
3218,Product_3218,Office Supplies,2250.72
3219,Product_3219,Office Supplies,4212.96
3220,Product_3220,Beauty,4242.4
3221,Product_3221,Home & Kitchen,3395.78
3222,Product_3222,Toys,1893.35
3223,Product_3223,Office Supplies,4270.45
3224,Product_3224,Furniture,4265.85
3225,Product_3225,Clothing,1338.64
3226,Product_3226,Sports,229.07
3227,Product_3227,Home & Kitchen,2225.44
3228,Product_3228,Office Supplies,1108.05
3229,Product_3229,Furniture,1928.38
3230,Product_3230,Office Supplies,796.2
3231,Product_3231,Sports,1749.17
3232,Product_3232,Furniture,3082.93
3233,Product_3233,Office Supplies,877.4
3234,Product_3234,Beauty,916.02
3235,Product_3235,Office Supplies,814.51
3236,Product_3236,Clothing,2612.47
3237,Product_3237,Electronics,2066.9
3238,Product_3238,Sports,4222.58
3239,Product_3239,Furniture,1923.73
3240,Product_3240,Office Supplies,2051.42
3241,Product_3241,Clothing,954.4
3242,Product_3242,Electronics,4970.75
3243,Product_3243,Home & Kitchen,3843.81
3244,Product_3244,Electronics,4136.18
3245,Product_3245,Beauty,778.7
3246,Product_3246,Toys,3328.52
3247,Product_3247,Office Supplies,4711.92
3248,Product_3248,Furniture,1639.04
3249,Product_3249,Beauty,4055.19
3250,Product_3250,Toys,2985.24
3251,Product_3251,Clothing,278.39
3252,Product_3252,Office Supplies,3186.46
3253,Product_3253,Home & Kitchen,1034.89
3254,Product_3254,Sports,3807.6
3255,Product_3255,Home & Kitchen,793.5
3256,Product_3256,Beauty,437.12
3257,Product_3257,Clothing,3385.54
3258,Product_3258,Sports,949.25
3259,Product_3259,Office Supplies,368.7
3260,Product_3260,Home & Kitchen,1244.64
3261,Product_3261,Sports,2091.53
3262,Product_3262,Clothing,3109.62
3263,Product_3263,Beauty,4170.94
3264,Product_3264,Furniture,817.77
3265,Product_3265,Electronics,3062.5
3266,Product_3266,Clothing,2426.03
3267,Product_3267,Clothing,3108.63
3268,Product_3268,Toys,3686.19
3269,Product_3269,Clothing,4581.17
3270,Product_3270,Sports,1678.76
3271,Product_3271,Home & Kitchen,305.52
3272,Product_3272,Furniture,2570.79
3273,Product_3273,Furniture,2541.33
3274,Product_3274,Office Supplies,573.39
3275,Product_3275,Furniture,1456.23
3276,Product_3276,Toys,3585.97
3277,Product_3277,Electronics,3150.24
3278,Product_3278,Sports,1013.75
3279,Product_3279,Beauty,1880.42
3280,Product_3280,Office Supplies,897.55
3281,Product_3281,Clothing,1609.24
3282,Product_3282,Sports,4340.51
3283,Product_3283,Home & Kitchen,1995.96
3284,Product_3284,Electronics,2288.53
3285,Product_3285,Furniture,2149.66
3286,Product_3286,Furniture,356.38
3287,Product_3287,Office Supplies,4004.97
3288,Product_3288,Beauty,3451.32
3289,Product_3289,Electronics,4867.16
3290,Product_3290,Toys,2971.42
3291,Product_3291,Furniture,2671.64
3292,Product_3292,Home & Kitchen,3940.88
3293,Product_3293,Electronics,3541.12
3294,Product_3294,Home & Kitchen,2580.04
3295,Product_3295,Sports,4749.23
3296,Product_3296,Furniture,3947.67
3297,Product_3297,Sports,3636.21
3298,Product_3298,Toys,1954.65
3299,Product_3299,Electronics,1460.67
3300,Product_3300,Clothing,3756.82
3301,Product_3301,Beauty,1959.29
3302,Product_3302,Toys,1724.76
3303,Product_3303,Office Supplies,3593.43
3304,Product_3304,Clothing,2462.03
3305,Product_3305,Sports,2189.95
3306,Product_3306,Electronics,4899.77
3307,Product_3307,Beauty,770.33
3308,Product_3308,Office Supplies,4335.87
3309,Product_3309,Sports,4076.51
3310,Product_3310,Beauty,2861.58
3311,Product_3311,Office Supplies,3387.84
3312,Product_3312,Electronics,1050.77
3313,Product_3313,Clothing,2148.0
3314,Product_3314,Furniture,1383.01
3315,Product_3315,Electronics,3131.0
3316,Product_3316,Toys,1147.66
3317,Product_3317,Sports,2319.64
3318,Product_3318,Office Supplies,4987.2
3319,Product_3319,Furniture,2422.64
3320,Product_3320,Furniture,2939.98
3321,Product_3321,Office Supplies,1953.44
3322,Product_3322,Office Supplies,4323.96
3323,Product_3323,Toys,624.85
3324,Product_3324,Electronics,3854.15
3325,Product_3325,Beauty,4435.9
3326,Product_3326,Electronics,1117.08
3327,Product_3327,Beauty,2960.12
3328,Product_3328,Clothing,1026.28
3329,Product_3329,Toys,881.32
3330,Product_3330,Home & Kitchen,581.6
3331,Product_3331,Electronics,1669.55
3332,Product_3332,Home & Kitchen,340.49
3333,Product_3333,Sports,422.8
3334,Product_3334,Office Supplies,3031.04
3335,Product_3335,Sports,1278.37
3336,Product_3336,Toys,4516.96
3337,Product_3337,Office Supplies,4190.81
3338,Product_3338,Clothing,3674.35
3339,Product_3339,Toys,726.31
3340,Product_3340,Sports,2459.64
3341,Product_3341,Sports,4513.64
3342,Product_3342,Electronics,2664.93
3343,Product_3343,Toys,3531.38
3344,Product_3344,Furniture,2335.52
3345,Product_3345,Electronics,4027.44
3346,Product_3346,Furniture,1003.58
3347,Product_3347,Home & Kitchen,3051.3
3348,Product_3348,Furniture,36.48
3349,Product_3349,Home & Kitchen,4892.49
3350,Product_3350,Toys,1765.73
3351,Product_3351,Furniture,1904.94
3352,Product_3352,Furniture,4310.42
3353,Product_3353,Home & Kitchen,771.64
3354,Product_3354,Electronics,4861.97
3355,Product_3355,Beauty,4739.26
3356,Product_3356,Toys,3978.44
3357,Product_3357,Sports,4818.73
3358,Product_3358,Furniture,3129.16
3359,Product_3359,Furniture,1113.84
3360,Product_3360,Sports,2879.68
3361,Product_3361,Office Supplies,4560.15
3362,Product_3362,Office Supplies,3796.92
3363,Product_3363,Home & Kitchen,1074.19
3364,Product_3364,Home & Kitchen,2559.21
3365,Product_3365,Beauty,2329.56
3366,Product_3366,Electronics,1233.01
3367,Product_3367,Clothing,2908.95
3368,Product_3368,Beauty,1835.18
3369,Product_3369,Beauty,2336.43
3370,Product_3370,Clothing,498.61
3371,Product_3371,Furniture,2659.32
3372,Product_3372,Home & Kitchen,4267.63
3373,Product_3373,Clothing,4919.56
3374,Product_3374,Beauty,27.55
3375,Product_3375,Sports,3827.44
3376,Product_3376,Toys,2586.02
3377,Product_3377,Beauty,3330.69
3378,Product_3378,Sports,3134.35
3379,Product_3379,Beauty,2312.04
3380,Product_3380,Toys,3199.6
3381,Product_3381,Office Supplies,3731.49
3382,Product_3382,Sports,1726.67
3383,Product_3383,Electronics,2196.24
3384,Product_3384,Electronics,2684.42
3385,Product_3385,Sports,146.79
3386,Product_3386,Toys,2942.06
3387,Product_3387,Sports,3116.36
3388,Product_3388,Toys,543.52
3389,Product_3389,Beauty,3647.31
3390,Product_3390,Furniture,1259.35
3391,Product_3391,Home & Kitchen,4668.84
3392,Product_3392,Beauty,4108.46
3393,Product_3393,Office Supplies,3039.75
3394,Product_3394,Beauty,2141.24
3395,Product_3395,Beauty,858.62
3396,Product_3396,Furniture,3945.9
3397,Product_3397,Home & Kitchen,1418.02
3398,Product_3398,Sports,4029.04
3399,Product_3399,Home & Kitchen,4117.47
3400,Product_3400,Sports,4663.85
3401,Product_3401,Sports,4169.36
3402,Product_3402,Furniture,2988.21
3403,Product_3403,Toys,763.92
3404,Product_3404,Office Supplies,1114.53
3405,Product_3405,Beauty,3315.35
3406,Product_3406,Clothing,654.21
3407,Product_3407,Furniture,4282.05
3408,Product_3408,Toys,4677.06
3409,Product_3409,Toys,1972.86
3410,Product_3410,Toys,2883.38
3411,Product_3411,Electronics,155.77
3412,Product_3412,Electronics,1501.07
3413,Product_3413,Furniture,3337.7
3414,Product_3414,Sports,380.39
3415,Product_3415,Beauty,1240.92
3416,Product_3416,Furniture,282.86
3417,Product_3417,Beauty,185.5
3418,Product_3418,Furniture,1898.36
3419,Product_3419,Toys,1174.39
3420,Product_3420,Beauty,3161.22
3421,Product_3421,Home & Kitchen,2249.72
3422,Product_3422,Furniture,2946.45
3423,Product_3423,Electronics,3260.58
3424,Product_3424,Furniture,90.32
3425,Product_3425,Electronics,3306.22
3426,Product_3426,Toys,1501.95
3427,Product_3427,Sports,427.21
3428,Product_3428,Sports,4686.01
3429,Product_3429,Office Supplies,3613.48
3430,Product_3430,Office Supplies,4574.74
3431,Product_3431,Sports,1232.11
3432,Product_3432,Office Supplies,4823.85
3433,Product_3433,Home & Kitchen,1168.35
3434,Product_3434,Office Supplies,4054.9
3435,Product_3435,Electronics,3277.33
3436,Product_3436,Home & Kitchen,3314.2
3437,Product_3437,Electronics,2188.73
3438,Product_3438,Clothing,1884.14
3439,Product_3439,Clothing,3031.26
3440,Product_3440,Office Supplies,567.27
3441,Product_3441,Electronics,2295.29
3442,Product_3442,Clothing,1153.57
3443,Product_3443,Office Supplies,1469.69
3444,Product_3444,Clothing,4011.15
3445,Product_3445,Furniture,2089.71
3446,Product_3446,Beauty,4617.55
3447,Product_3447,Office Supplies,1657.73
3448,Product_3448,Office Supplies,492.52
3449,Product_3449,Toys,2256.63
3450,Product_3450,Furniture,543.52
3451,Product_3451,Office Supplies,2653.67
3452,Product_3452,Electronics,3806.83
3453,Product_3453,Office Supplies,2544.56
3454,Product_3454,Home & Kitchen,1247.9
3455,Product_3455,Toys,1538.81
3456,Product_3456,Clothing,309.62
3457,Product_3457,Clothing,2377.43
3458,Product_3458,Sports,4809.41
3459,Product_3459,Home & Kitchen,4523.55
3460,Product_3460,Office Supplies,621.16
3461,Product_3461,Toys,3194.71
3462,Product_3462,Furniture,897.74
3463,Product_3463,Sports,1174.01
3464,Product_3464,Furniture,633.5
3465,Product_3465,Sports,751.3
3466,Product_3466,Clothing,1433.24
3467,Product_3467,Electronics,2306.06
3468,Product_3468,Beauty,4405.87
3469,Product_3469,Toys,815.45
3470,Product_3470,Beauty,3084.72
3471,Product_3471,Sports,1198.06
3472,Product_3472,Sports,1931.16
3473,Product_3473,Clothing,3557.72
3474,Product_3474,Clothing,1391.17
3475,Product_3475,Beauty,2242.08
3476,Product_3476,Beauty,661.94
3477,Product_3477,Beauty,3497.43
3478,Product_3478,Clothing,3197.43
3479,Product_3479,Toys,3993.53
3480,Product_3480,Home & Kitchen,689.84
3481,Product_3481,Furniture,1308.87
3482,Product_3482,Electronics,518.02
3483,Product_3483,Office Supplies,1165.52
3484,Product_3484,Furniture,2496.2
3485,Product_3485,Beauty,1342.32
3486,Product_3486,Electronics,1676.96
3487,Product_3487,Beauty,2263.22
3488,Product_3488,Home & Kitchen,2066.2
3489,Product_3489,Sports,3173.78
3490,Product_3490,Office Supplies,1265.45
3491,Product_3491,Sports,605.5
3492,Product_3492,Beauty,3895.09
3493,Product_3493,Home & Kitchen,1535.33
3494,Product_3494,Clothing,3656.74
3495,Product_3495,Beauty,1117.93
3496,Product_3496,Clothing,146.54
3497,Product_3497,Sports,1834.06
3498,Product_3498,Clothing,4634.42
3499,Product_3499,Clothing,3811.41
3500,Product_3500,Toys,4143.72
3501,Product_3501,Sports,4812.14
3502,Product_3502,Toys,2645.84
3503,Product_3503,Toys,1598.61
3504,Product_3504,Furniture,2853.67
3505,Product_3505,Home & Kitchen,1336.13
3506,Product_3506,Home & Kitchen,3696.8
3507,Product_3507,Furniture,1759.94
3508,Product_3508,Office Supplies,4363.58
3509,Product_3509,Clothing,949.54
3510,Product_3510,Clothing,2320.2
3511,Product_3511,Beauty,1390.87
3512,Product_3512,Beauty,3337.2
3513,Product_3513,Sports,360.95
3514,Product_3514,Electronics,1219.83
3515,Product_3515,Electronics,1769.16
3516,Product_3516,Clothing,2489.62
3517,Product_3517,Beauty,2493.33
3518,Product_3518,Home & Kitchen,1230.26
3519,Product_3519,Sports,2261.37
3520,Product_3520,Toys,1658.32
3521,Product_3521,Sports,3456.25
3522,Product_3522,Clothing,738.7
3523,Product_3523,Toys,4779.56
3524,Product_3524,Furniture,1100.8
3525,Product_3525,Electronics,1595.6
3526,Product_3526,Toys,3303.22
3527,Product_3527,Clothing,2403.64
3528,Product_3528,Sports,3322.85
3529,Product_3529,Beauty,4564.08
3530,Product_3530,Clothing,4168.87
3531,Product_3531,Toys,896.25
3532,Product_3532,Sports,1985.91
3533,Product_3533,Furniture,2385.76
3534,Product_3534,Beauty,441.14
3535,Product_3535,Office Supplies,3383.29
3536,Product_3536,Furniture,992.5
3537,Product_3537,Beauty,654.56
3538,Product_3538,Electronics,2226.98
3539,Product_3539,Electronics,4734.56
3540,Product_3540,Home & Kitchen,3273.04
3541,Product_3541,Beauty,3038.18
3542,Product_3542,Sports,4899.15
3543,Product_3543,Toys,4903.47
3544,Product_3544,Furniture,3933.64
3545,Product_3545,Beauty,1603.22
3546,Product_3546,Office Supplies,1304.68
3547,Product_3547,Sports,1705.04
3548,Product_3548,Home & Kitchen,2269.06
3549,Product_3549,Home & Kitchen,4859.69
3550,Product_3550,Furniture,1489.68
3551,Product_3551,Toys,3717.72
3552,Product_3552,Beauty,870.02
3553,Product_3553,Sports,3279.79
3554,Product_3554,Sports,3868.36
3555,Product_3555,Toys,1439.82
3556,Product_3556,Sports,2052.05
3557,Product_3557,Beauty,4141.76
3558,Product_3558,Toys,3854.39
3559,Product_3559,Toys,1620.69
3560,Product_3560,Sports,2660.74
3561,Product_3561,Furniture,1356.33
3562,Product_3562,Toys,2686.34
3563,Product_3563,Furniture,1241.92
3564,Product_3564,Electronics,4779.1
3565,Product_3565,Toys,1967.72
3566,Product_3566,Electronics,2952.21
3567,Product_3567,Home & Kitchen,950.59
3568,Product_3568,Electronics,576.3
3569,Product_3569,Office Supplies,2541.23
3570,Product_3570,Clothing,2364.08
3571,Product_3571,Sports,3559.76
3572,Product_3572,Sports,1299.41
3573,Product_3573,Beauty,715.77
3574,Product_3574,Furniture,2321.5
3575,Product_3575,Clothing,1315.81
3576,Product_3576,Electronics,4505.87
3577,Product_3577,Toys,1648.1
3578,Product_3578,Electronics,2227.02
3579,Product_3579,Beauty,4559.17
3580,Product_3580,Beauty,2554.65
3581,Product_3581,Beauty,1555.71
3582,Product_3582,Toys,1881.24
3583,Product_3583,Electronics,1976.69
3584,Product_3584,Clothing,3302.06
3585,Product_3585,Office Supplies,707.07
3586,Product_3586,Sports,2847.28
3587,Product_3587,Electronics,34.42
3588,Product_3588,Furniture,722.89
3589,Product_3589,Office Supplies,474.4
3590,Product_3590,Toys,1629.17
3591,Product_3591,Office Supplies,620.25
3592,Product_3592,Sports,4522.35
3593,Product_3593,Clothing,2122.28
3594,Product_3594,Sports,4791.32
3595,Product_3595,Electronics,3022.3
3596,Product_3596,Sports,1597.17
3597,Product_3597,Office Supplies,2272.37
3598,Product_3598,Toys,4667.31
3599,Product_3599,Toys,33.96
3600,Product_3600,Office Supplies,4743.36
3601,Product_3601,Electronics,625.83
3602,Product_3602,Sports,4111.72
3603,Product_3603,Electronics,4218.87
3604,Product_3604,Beauty,484.03
3605,Product_3605,Furniture,188.57
3606,Product_3606,Beauty,4795.45
3607,Product_3607,Office Supplies,790.22
3608,Product_3608,Home & Kitchen,4778.47
3609,Product_3609,Furniture,2764.2
3610,Product_3610,Beauty,767.16
3611,Product_3611,Office Supplies,2227.06
3612,Product_3612,Home & Kitchen,3025.17
3613,Product_3613,Electronics,139.03
3614,Product_3614,Sports,1812.15
3615,Product_3615,Home & Kitchen,2988.74
3616,Product_3616,Home & Kitchen,3959.92
3617,Product_3617,Beauty,34.76
3618,Product_3618,Beauty,4023.76
3619,Product_3619,Toys,2534.63
3620,Product_3620,Furniture,4178.15
3621,Product_3621,Home & Kitchen,2243.61
3622,Product_3622,Toys,326.44
3623,Product_3623,Clothing,1294.96
3624,Product_3624,Clothing,4408.68
3625,Product_3625,Office Supplies,1317.26
3626,Product_3626,Furniture,2014.61
3627,Product_3627,Home & Kitchen,4466.82
3628,Product_3628,Sports,2670.23
3629,Product_3629,Office Supplies,1622.28
3630,Product_3630,Sports,1291.35
3631,Product_3631,Home & Kitchen,1410.82
3632,Product_3632,Toys,1474.17
3633,Product_3633,Home & Kitchen,4116.08
3634,Product_3634,Clothing,1996.33
3635,Product_3635,Home & Kitchen,3985.6
3636,Product_3636,Home & Kitchen,4995.62
3637,Product_3637,Home & Kitchen,4987.62
3638,Product_3638,Beauty,4629.65
3639,Product_3639,Sports,4398.67
3640,Product_3640,Office Supplies,4059.06
3641,Product_3641,Toys,4476.94
3642,Product_3642,Toys,4098.44
3643,Product_3643,Clothing,2825.34
3644,Product_3644,Home & Kitchen,3844.59
3645,Product_3645,Office Supplies,2644.81
3646,Product_3646,Beauty,1702.94
3647,Product_3647,Clothing,3079.12
3648,Product_3648,Toys,3290.65
3649,Product_3649,Electronics,1548.47
3650,Product_3650,Furniture,3373.03
3651,Product_3651,Clothing,4946.15
3652,Product_3652,Electronics,129.55
3653,Product_3653,Beauty,2399.43
3654,Product_3654,Clothing,3756.53
3655,Product_3655,Toys,1795.21
3656,Product_3656,Home & Kitchen,3454.21
3657,Product_3657,Home & Kitchen,4517.09
3658,Product_3658,Toys,3389.37
3659,Product_3659,Electronics,2210.32
3660,Product_3660,Clothing,2281.94
3661,Product_3661,Sports,3555.91
3662,Product_3662,Beauty,4238.04
3663,Product_3663,Office Supplies,4461.67
3664,Product_3664,Furniture,1391.21
3665,Product_3665,Beauty,3395.39
3666,Product_3666,Clothing,3520.46
3667,Product_3667,Furniture,2673.93
3668,Product_3668,Home & Kitchen,1743.1
3669,Product_3669,Beauty,2391.41
3670,Product_3670,Furniture,3527.05
3671,Product_3671,Toys,1256.07
3672,Product_3672,Beauty,2552.21
3673,Product_3673,Office Supplies,3713.16
3674,Product_3674,Furniture,3022.61
3675,Product_3675,Electronics,1694.64
3676,Product_3676,Toys,4169.27
3677,Product_3677,Office Supplies,2675.41
3678,Product_3678,Toys,1071.93
3679,Product_3679,Toys,1326.2
3680,Product_3680,Office Supplies,4941.99
3681,Product_3681,Office Supplies,2150.8
3682,Product_3682,Clothing,319.27
3683,Product_3683,Beauty,2501.84
3684,Product_3684,Home & Kitchen,293.99
3685,Product_3685,Beauty,730.59
3686,Product_3686,Office Supplies,3210.76
3687,Product_3687,Sports,2395.64
3688,Product_3688,Clothing,941.46
3689,Product_3689,Furniture,2655.68
3690,Product_3690,Toys,760.28
3691,Product_3691,Furniture,2518.17
3692,Product_3692,Toys,4200.3
3693,Product_3693,Clothing,1075.6
3694,Product_3694,Office Supplies,4517.16
3695,Product_3695,Furniture,3253.63
3696,Product_3696,Home & Kitchen,4184.56
3697,Product_3697,Furniture,3809.2
3698,Product_3698,Sports,4974.52
3699,Product_3699,Home & Kitchen,2442.52
3700,Product_3700,Beauty,4867.7
3701,Product_3701,Clothing,3208.79
3702,Product_3702,Sports,687.2
3703,Product_3703,Home & Kitchen,3751.86
3704,Product_3704,Furniture,3212.24
3705,Product_3705,Office Supplies,2984.64
3706,Product_3706,Office Supplies,3510.08
3707,Product_3707,Home & Kitchen,2274.05
3708,Product_3708,Clothing,4675.7
3709,Product_3709,Sports,4098.7
3710,Product_3710,Electronics,684.1
3711,Product_3711,Office Supplies,4102.71
3712,Product_3712,Beauty,4313.56
3713,Product_3713,Clothing,3264.49
3714,Product_3714,Furniture,4538.79
3715,Product_3715,Sports,2756.13
3716,Product_3716,Clothing,1223.01
3717,Product_3717,Sports,3392.11
3718,Product_3718,Electronics,619.48
3719,Product_3719,Clothing,2034.93
3720,Product_3720,Electronics,4395.3
3721,Product_3721,Toys,1656.64
3722,Product_3722,Beauty,3697.55
3723,Product_3723,Home & Kitchen,4389.25
3724,Product_3724,Electronics,3041.49
3725,Product_3725,Home & Kitchen,2627.66
3726,Product_3726,Home & Kitchen,3813.88
3727,Product_3727,Furniture,3702.19
3728,Product_3728,Furniture,478.74
3729,Product_3729,Sports,3527.78
3730,Product_3730,Furniture,4582.69
3731,Product_3731,Furniture,3985.23
3732,Product_3732,Clothing,3823.29
3733,Product_3733,Clothing,1228.64
3734,Product_3734,Furniture,123.99
3735,Product_3735,Toys,2762.07
3736,Product_3736,Home & Kitchen,4463.41
3737,Product_3737,Beauty,659.13
3738,Product_3738,Toys,4245.93
3739,Product_3739,Home & Kitchen,145.7
3740,Product_3740,Furniture,702.25
3741,Product_3741,Toys,4950.74
3742,Product_3742,Clothing,3000.43
3743,Product_3743,Office Supplies,4914.38
3744,Product_3744,Electronics,1095.23
3745,Product_3745,Electronics,965.28
3746,Product_3746,Toys,3746.44
3747,Product_3747,Beauty,2723.25
3748,Product_3748,Home & Kitchen,1227.44
3749,Product_3749,Furniture,4280.8
3750,Product_3750,Electronics,4766.03
3751,Product_3751,Home & Kitchen,3796.7
3752,Product_3752,Toys,131.93
3753,Product_3753,Furniture,1251.31
3754,Product_3754,Electronics,4335.44
3755,Product_3755,Sports,776.09
3756,Product_3756,Toys,1540.2
3757,Product_3757,Office Supplies,2663.69
3758,Product_3758,Clothing,366.43
3759,Product_3759,Office Supplies,4249.15
3760,Product_3760,Office Supplies,1483.97
3761,Product_3761,Clothing,1352.1
3762,Product_3762,Toys,179.79
3763,Product_3763,Home & Kitchen,2767.31
3764,Product_3764,Toys,1309.22
3765,Product_3765,Home & Kitchen,2827.31
3766,Product_3766,Office Supplies,1417.36
3767,Product_3767,Beauty,3039.7
3768,Product_3768,Electronics,4641.06
3769,Product_3769,Beauty,3266.61
3770,Product_3770,Office Supplies,2743.84
3771,Product_3771,Furniture,1289.59
3772,Product_3772,Furniture,3173.41
3773,Product_3773,Home & Kitchen,3152.56
3774,Product_3774,Home & Kitchen,122.29
3775,Product_3775,Beauty,2417.66
3776,Product_3776,Furniture,2076.4
3777,Product_3777,Home & Kitchen,3907.96
3778,Product_3778,Toys,1354.79
3779,Product_3779,Office Supplies,1951.24
3780,Product_3780,Office Supplies,1501.09
3781,Product_3781,Office Supplies,615.1
3782,Product_3782,Home & Kitchen,2642.11
3783,Product_3783,Beauty,736.34
3784,Product_3784,Sports,290.92
3785,Product_3785,Furniture,4518.08
3786,Product_3786,Furniture,85.45
3787,Product_3787,Office Supplies,3793.91
3788,Product_3788,Furniture,940.28
3789,Product_3789,Furniture,2079.04
3790,Product_3790,Sports,2925.84
3791,Product_3791,Furniture,1426.95
3792,Product_3792,Clothing,4504.01
3793,Product_3793,Electronics,3125.56
3794,Product_3794,Clothing,1331.28
3795,Product_3795,Beauty,1214.99
3796,Product_3796,Office Supplies,1156.64
3797,Product_3797,Office Supplies,1311.02
3798,Product_3798,Office Supplies,839.45
3799,Product_3799,Sports,3208.97
3800,Product_3800,Furniture,363.28
3801,Product_3801,Electronics,4251.73
3802,Product_3802,Clothing,1293.01
3803,Product_3803,Sports,4004.69
3804,Product_3804,Toys,2489.62
3805,Product_3805,Sports,4075.07
3806,Product_3806,Electronics,4789.58
3807,Product_3807,Home & Kitchen,1044.38
3808,Product_3808,Furniture,2421.37
3809,Product_3809,Electronics,3005.67
3810,Product_3810,Sports,3486.91
3811,Product_3811,Electronics,1363.77
3812,Product_3812,Home & Kitchen,2782.3
3813,Product_3813,Beauty,1512.55
3814,Product_3814,Electronics,2453.32
3815,Product_3815,Office Supplies,2849.43
3816,Product_3816,Electronics,224.65
3817,Product_3817,Clothing,2191.47
3818,Product_3818,Electronics,1765.03
3819,Product_3819,Sports,4956.42
3820,Product_3820,Clothing,4764.88
3821,Product_3821,Office Supplies,2847.3
3822,Product_3822,Electronics,2022.85
3823,Product_3823,Beauty,4451.52
3824,Product_3824,Office Supplies,1967.7
3825,Product_3825,Home & Kitchen,4598.62
3826,Product_3826,Beauty,463.63
3827,Product_3827,Sports,1335.18
3828,Product_3828,Beauty,1028.53
3829,Product_3829,Electronics,824.24
3830,Product_3830,Office Supplies,294.14
3831,Product_3831,Home & Kitchen,514.78
3832,Product_3832,Sports,2782.08
3833,Product_3833,Clothing,3782.76
3834,Product_3834,Home & Kitchen,3134.54
3835,Product_3835,Electronics,2129.93
3836,Product_3836,Beauty,4734.36
3837,Product_3837,Home & Kitchen,3898.21
3838,Product_3838,Toys,266.15
3839,Product_3839,Sports,1361.14
3840,Product_3840,Home & Kitchen,4336.38
3841,Product_3841,Toys,3297.55
3842,Product_3842,Electronics,2320.06
3843,Product_3843,Home & Kitchen,2630.46
3844,Product_3844,Sports,881.09
3845,Product_3845,Office Supplies,3912.14
3846,Product_3846,Clothing,3165.66
3847,Product_3847,Electronics,821.36
3848,Product_3848,Toys,230.9
3849,Product_3849,Electronics,18.41
3850,Product_3850,Clothing,4011.98
3851,Product_3851,Clothing,4603.04
3852,Product_3852,Toys,648.3
3853,Product_3853,Office Supplies,511.16
3854,Product_3854,Sports,581.81
3855,Product_3855,Beauty,574.63
3856,Product_3856,Home & Kitchen,4971.14
3857,Product_3857,Sports,3734.46
3858,Product_3858,Beauty,1592.17
3859,Product_3859,Electronics,3153.72
3860,Product_3860,Beauty,3913.04
3861,Product_3861,Beauty,4006.47
3862,Product_3862,Home & Kitchen,4624.68
3863,Product_3863,Furniture,2338.55
3864,Product_3864,Toys,93.33
3865,Product_3865,Electronics,253.1
3866,Product_3866,Electronics,2547.69
3867,Product_3867,Furniture,1739.28
3868,Product_3868,Furniture,4728.26
3869,Product_3869,Furniture,4646.39
3870,Product_3870,Home & Kitchen,4556.92
3871,Product_3871,Beauty,1509.51
3872,Product_3872,Toys,3015.56
3873,Product_3873,Beauty,3221.72
3874,Product_3874,Electronics,3103.29
3875,Product_3875,Clothing,3019.45
3876,Product_3876,Furniture,1927.71
3877,Product_3877,Furniture,2061.89
3878,Product_3878,Beauty,1873.38
3879,Product_3879,Toys,2016.79
3880,Product_3880,Furniture,4885.48
3881,Product_3881,Electronics,4089.04
3882,Product_3882,Home & Kitchen,180.94
3883,Product_3883,Office Supplies,1906.55
3884,Product_3884,Home & Kitchen,3533.96
3885,Product_3885,Beauty,4541.78
3886,Product_3886,Clothing,2637.15
3887,Product_3887,Furniture,83.48
3888,Product_3888,Office Supplies,4625.61
3889,Product_3889,Sports,1302.78
3890,Product_3890,Sports,4216.74
3891,Product_3891,Clothing,1774.8
3892,Product_3892,Office Supplies,2835.34
3893,Product_3893,Office Supplies,719.75
3894,Product_3894,Beauty,1529.72
3895,Product_3895,Office Supplies,2431.73
3896,Product_3896,Clothing,2983.62
3897,Product_3897,Furniture,1592.31
3898,Product_3898,Home & Kitchen,482.18
3899,Product_3899,Sports,1197.16
3900,Product_3900,Toys,1391.61
3901,Product_3901,Electronics,1056.03
3902,Product_3902,Electronics,2986.04
3903,Product_3903,Electronics,2341.2
3904,Product_3904,Furniture,2990.4
3905,Product_3905,Electronics,925.41
3906,Product_3906,Clothing,203.64
3907,Product_3907,Toys,3945.87
3908,Product_3908,Toys,2004.19
3909,Product_3909,Toys,3521.9
3910,Product_3910,Electronics,1348.43
3911,Product_3911,Electronics,3977.09
3912,Product_3912,Toys,4248.93
3913,Product_3913,Electronics,323.84
3914,Product_3914,Furniture,188.9
3915,Product_3915,Beauty,2902.23
3916,Product_3916,Home & Kitchen,3423.14
3917,Product_3917,Beauty,1185.17
3918,Product_3918,Sports,4343.09
3919,Product_3919,Furniture,925.08
3920,Product_3920,Beauty,4009.51
3921,Product_3921,Furniture,3008.92
3922,Product_3922,Furniture,353.59
3923,Product_3923,Furniture,4156.82
3924,Product_3924,Home & Kitchen,2319.57
3925,Product_3925,Home & Kitchen,1980.42
3926,Product_3926,Furniture,3683.32
3927,Product_3927,Toys,3417.83
3928,Product_3928,Beauty,3227.44
3929,Product_3929,Home & Kitchen,3933.3
3930,Product_3930,Electronics,3347.76
3931,Product_3931,Furniture,3577.37
3932,Product_3932,Clothing,4025.66
3933,Product_3933,Furniture,3109.1
3934,Product_3934,Beauty,1192.21
3935,Product_3935,Sports,4792.98
3936,Product_3936,Toys,2861.6
3937,Product_3937,Sports,2512.25
3938,Product_3938,Electronics,1705.4
3939,Product_3939,Electronics,4404.68
3940,Product_3940,Home & Kitchen,2088.07
3941,Product_3941,Office Supplies,98.74
3942,Product_3942,Beauty,2049.79
3943,Product_3943,Office Supplies,703.89
3944,Product_3944,Electronics,3426.63
3945,Product_3945,Clothing,1256.86
3946,Product_3946,Office Supplies,1512.24
3947,Product_3947,Beauty,4039.98
3948,Product_3948,Electronics,1015.74
3949,Product_3949,Home & Kitchen,4195.98
3950,Product_3950,Electronics,3834.63
3951,Product_3951,Clothing,3039.46
3952,Product_3952,Furniture,2809.77
3953,Product_3953,Electronics,2341.58
3954,Product_3954,Home & Kitchen,153.63
3955,Product_3955,Clothing,4162.06
3956,Product_3956,Furniture,3445.3
3957,Product_3957,Clothing,2938.36
3958,Product_3958,Electronics,161.57
3959,Product_3959,Beauty,750.12
3960,Product_3960,Beauty,4121.1
3961,Product_3961,Beauty,4953.53
3962,Product_3962,Toys,1318.0
3963,Product_3963,Home & Kitchen,4393.3
3964,Product_3964,Electronics,3346.84
3965,Product_3965,Electronics,1693.42
3966,Product_3966,Clothing,2755.09
3967,Product_3967,Furniture,4040.22
3968,Product_3968,Sports,4642.32
3969,Product_3969,Furniture,146.39
3970,Product_3970,Sports,4550.21
3971,Product_3971,Sports,4211.86
3972,Product_3972,Clothing,198.4
3973,Product_3973,Toys,925.43
3974,Product_3974,Sports,4149.5
3975,Product_3975,Office Supplies,2332.2
3976,Product_3976,Office Supplies,1931.18
3977,Product_3977,Clothing,2515.92
3978,Product_3978,Toys,154.93
3979,Product_3979,Toys,515.84
3980,Product_3980,Toys,2206.78
3981,Product_3981,Beauty,3007.13
3982,Product_3982,Toys,4116.5
3983,Product_3983,Clothing,2205.6
3984,Product_3984,Clothing,266.82
3985,Product_3985,Furniture,542.63
3986,Product_3986,Clothing,2703.54
3987,Product_3987,Furniture,22.26
3988,Product_3988,Clothing,1300.12
3989,Product_3989,Sports,3134.39
3990,Product_3990,Office Supplies,397.98
3991,Product_3991,Furniture,1403.98
3992,Product_3992,Furniture,4149.38
3993,Product_3993,Office Supplies,4448.5
3994,Product_3994,Home & Kitchen,1171.32
3995,Product_3995,Beauty,2982.06
3996,Product_3996,Clothing,3008.4
3997,Product_3997,Clothing,2049.87
3998,Product_3998,Toys,3246.5
3999,Product_3999,Furniture,3287.93
4000,Product_4000,Beauty,2206.75
4001,Product_4001,Beauty,2000.06
4002,Product_4002,Beauty,1924.81
4003,Product_4003,Toys,777.78
4004,Product_4004,Home & Kitchen,262.95
4005,Product_4005,Clothing,2907.36
4006,Product_4006,Office Supplies,2707.67
4007,Product_4007,Electronics,2260.65
4008,Product_4008,Toys,1044.17
4009,Product_4009,Clothing,1850.37
4010,Product_4010,Furniture,1028.43
4011,Product_4011,Beauty,981.77
4012,Product_4012,Toys,2992.79
4013,Product_4013,Beauty,1580.42
4014,Product_4014,Toys,554.49
4015,Product_4015,Clothing,3185.06
4016,Product_4016,Toys,763.89
4017,Product_4017,Clothing,4790.65
4018,Product_4018,Home & Kitchen,4194.21
4019,Product_4019,Furniture,1786.94
4020,Product_4020,Sports,1180.03
4021,Product_4021,Beauty,2717.95
4022,Product_4022,Office Supplies,4652.73
4023,Product_4023,Clothing,2100.67
4024,Product_4024,Toys,4997.07
4025,Product_4025,Furniture,2062.01
4026,Product_4026,Beauty,2356.06
4027,Product_4027,Furniture,684.53
4028,Product_4028,Sports,1971.14
4029,Product_4029,Sports,2401.91
4030,Product_4030,Sports,445.94
4031,Product_4031,Beauty,3653.84
4032,Product_4032,Furniture,1426.97
4033,Product_4033,Toys,523.75
4034,Product_4034,Sports,3351.46
4035,Product_4035,Office Supplies,4728.01
4036,Product_4036,Electronics,3183.23
4037,Product_4037,Sports,917.41
4038,Product_4038,Office Supplies,1621.97
4039,Product_4039,Beauty,4968.58
4040,Product_4040,Home & Kitchen,1821.45
4041,Product_4041,Sports,3100.62
4042,Product_4042,Clothing,1846.55
4043,Product_4043,Sports,2373.58
4044,Product_4044,Toys,4778.1
4045,Product_4045,Home & Kitchen,1650.83
4046,Product_4046,Furniture,3714.5
4047,Product_4047,Toys,1548.82
4048,Product_4048,Clothing,4730.51
4049,Product_4049,Office Supplies,3066.28
4050,Product_4050,Home & Kitchen,4314.74
4051,Product_4051,Electronics,2485.75
4052,Product_4052,Home & Kitchen,2378.98
4053,Product_4053,Home & Kitchen,1919.45
4054,Product_4054,Home & Kitchen,2688.84
4055,Product_4055,Toys,2026.57
4056,Product_4056,Beauty,4000.44
4057,Product_4057,Electronics,2615.15
4058,Product_4058,Office Supplies,2099.79
4059,Product_4059,Home & Kitchen,4809.93
4060,Product_4060,Beauty,1592.81
4061,Product_4061,Clothing,1866.17
4062,Product_4062,Furniture,2176.53
4063,Product_4063,Sports,2614.98
4064,Product_4064,Beauty,2791.51
4065,Product_4065,Beauty,1448.63
4066,Product_4066,Office Supplies,540.1
4067,Product_4067,Furniture,2492.78
4068,Product_4068,Home & Kitchen,4345.31
4069,Product_4069,Office Supplies,4123.08
4070,Product_4070,Office Supplies,4996.55
4071,Product_4071,Clothing,4400.12
4072,Product_4072,Beauty,2238.72
4073,Product_4073,Home & Kitchen,3811.42
4074,Product_4074,Sports,3762.48
4075,Product_4075,Toys,2267.36
4076,Product_4076,Clothing,2576.4
4077,Product_4077,Electronics,1259.08
4078,Product_4078,Home & Kitchen,1657.97
4079,Product_4079,Toys,1203.9
4080,Product_4080,Office Supplies,2205.87
4081,Product_4081,Office Supplies,1187.75
4082,Product_4082,Toys,4271.22
4083,Product_4083,Electronics,3097.49
4084,Product_4084,Office Supplies,3878.23
4085,Product_4085,Toys,1754.76
4086,Product_4086,Toys,3296.7
4087,Product_4087,Clothing,2274.9
4088,Product_4088,Clothing,3717.21
4089,Product_4089,Electronics,2503.34
4090,Product_4090,Toys,1338.26
4091,Product_4091,Toys,1798.23
4092,Product_4092,Sports,4371.64
4093,Product_4093,Sports,1128.41
4094,Product_4094,Toys,340.2
4095,Product_4095,Electronics,1137.92
4096,Product_4096,Furniture,1076.12
4097,Product_4097,Office Supplies,1024.18
4098,Product_4098,Home & Kitchen,865.54
4099,Product_4099,Office Supplies,2028.91
4100,Product_4100,Office Supplies,3922.55
4101,Product_4101,Sports,449.24
4102,Product_4102,Toys,2667.03
4103,Product_4103,Beauty,2552.47
4104,Product_4104,Electronics,2726.95
4105,Product_4105,Clothing,4406.53
4106,Product_4106,Furniture,2434.06
4107,Product_4107,Clothing,756.79
4108,Product_4108,Clothing,531.64
4109,Product_4109,Office Supplies,4613.8
4110,Product_4110,Office Supplies,2598.51
4111,Product_4111,Toys,1104.22
4112,Product_4112,Beauty,2385.09
4113,Product_4113,Sports,3272.48
4114,Product_4114,Sports,1065.34
4115,Product_4115,Electronics,1799.8
4116,Product_4116,Sports,4522.1
4117,Product_4117,Furniture,3286.81
4118,Product_4118,Home & Kitchen,523.59
4119,Product_4119,Sports,3596.79
4120,Product_4120,Office Supplies,4958.26
4121,Product_4121,Home & Kitchen,1788.25
4122,Product_4122,Sports,4415.85
4123,Product_4123,Office Supplies,92.97
4124,Product_4124,Toys,3719.63
4125,Product_4125,Home & Kitchen,1450.03
4126,Product_4126,Toys,4156.97
4127,Product_4127,Office Supplies,21.91
4128,Product_4128,Office Supplies,4090.26
4129,Product_4129,Beauty,3250.37
4130,Product_4130,Sports,605.8
4131,Product_4131,Office Supplies,2908.93
4132,Product_4132,Beauty,2227.55
4133,Product_4133,Electronics,2932.99
4134,Product_4134,Sports,3791.65
4135,Product_4135,Clothing,4127.42
4136,Product_4136,Electronics,1522.57
4137,Product_4137,Home & Kitchen,3453.12
4138,Product_4138,Clothing,3267.89
4139,Product_4139,Clothing,379.23
4140,Product_4140,Office Supplies,1319.47
4141,Product_4141,Toys,601.84
4142,Product_4142,Home & Kitchen,3968.93
4143,Product_4143,Office Supplies,2616.6
4144,Product_4144,Sports,4085.52
4145,Product_4145,Sports,1658.58
4146,Product_4146,Electronics,3458.22
4147,Product_4147,Beauty,581.11
4148,Product_4148,Sports,3868.27
4149,Product_4149,Furniture,792.94
4150,Product_4150,Home & Kitchen,3491.66
4151,Product_4151,Sports,3075.89
4152,Product_4152,Toys,4479.97
4153,Product_4153,Toys,3196.54
4154,Product_4154,Electronics,771.34
4155,Product_4155,Furniture,2530.51
4156,Product_4156,Office Supplies,3273.0
4157,Product_4157,Beauty,113.18
4158,Product_4158,Furniture,2201.62
4159,Product_4159,Toys,4519.47
4160,Product_4160,Toys,1114.3
4161,Product_4161,Toys,3734.77
4162,Product_4162,Home & Kitchen,2424.84
4163,Product_4163,Home & Kitchen,4539.89
4164,Product_4164,Clothing,4299.75
4165,Product_4165,Electronics,1893.81
4166,Product_4166,Home & Kitchen,1610.76
4167,Product_4167,Toys,2404.29
4168,Product_4168,Sports,706.26
4169,Product_4169,Home & Kitchen,1138.1
4170,Product_4170,Clothing,2850.14
4171,Product_4171,Clothing,3703.7
4172,Product_4172,Furniture,844.17
4173,Product_4173,Furniture,467.11
4174,Product_4174,Office Supplies,529.77
4175,Product_4175,Beauty,197.53
4176,Product_4176,Home & Kitchen,2853.75
4177,Product_4177,Electronics,1479.32
4178,Product_4178,Home & Kitchen,3181.5
4179,Product_4179,Furniture,3637.72
4180,Product_4180,Home & Kitchen,4568.66
4181,Product_4181,Beauty,4947.33
4182,Product_4182,Clothing,4761.68
4183,Product_4183,Clothing,2379.7
4184,Product_4184,Clothing,4273.85
4185,Product_4185,Toys,2049.17
4186,Product_4186,Office Supplies,3286.96
4187,Product_4187,Electronics,3673.07
4188,Product_4188,Electronics,2530.29
4189,Product_4189,Furniture,174.05
4190,Product_4190,Clothing,2141.46
4191,Product_4191,Furniture,516.49
4192,Product_4192,Clothing,2330.21
4193,Product_4193,Clothing,1281.28
4194,Product_4194,Electronics,1659.9
4195,Product_4195,Toys,890.68
4196,Product_4196,Electronics,4904.38
4197,Product_4197,Toys,413.82
4198,Product_4198,Toys,464.38
4199,Product_4199,Sports,1199.42
4200,Product_4200,Furniture,1294.55
4201,Product_4201,Clothing,2745.87
4202,Product_4202,Toys,2895.08
4203,Product_4203,Beauty,651.49
4204,Product_4204,Sports,4111.23
4205,Product_4205,Office Supplies,982.82
4206,Product_4206,Clothing,1610.28
4207,Product_4207,Electronics,4970.03
4208,Product_4208,Home & Kitchen,3280.17
4209,Product_4209,Clothing,3322.74
4210,Product_4210,Furniture,4179.57
4211,Product_4211,Beauty,4356.36
4212,Product_4212,Sports,687.91
4213,Product_4213,Clothing,1783.5
4214,Product_4214,Clothing,3301.22
4215,Product_4215,Sports,2094.76
4216,Product_4216,Home & Kitchen,1584.55
4217,Product_4217,Home & Kitchen,2563.52
4218,Product_4218,Toys,4396.56
4219,Product_4219,Beauty,4206.23
4220,Product_4220,Beauty,4998.78
4221,Product_4221,Office Supplies,1214.09
4222,Product_4222,Home & Kitchen,2980.4
4223,Product_4223,Sports,1376.48
4224,Product_4224,Sports,3594.43
4225,Product_4225,Office Supplies,325.01
4226,Product_4226,Sports,3948.93
4227,Product_4227,Clothing,1115.85
4228,Product_4228,Clothing,902.42
4229,Product_4229,Sports,4997.46
4230,Product_4230,Beauty,3739.78
4231,Product_4231,Clothing,883.04
4232,Product_4232,Furniture,531.45
4233,Product_4233,Furniture,2185.99
4234,Product_4234,Home & Kitchen,3234.87
4235,Product_4235,Office Supplies,4929.18
4236,Product_4236,Furniture,3308.18
4237,Product_4237,Sports,3031.13
4238,Product_4238,Office Supplies,269.72
4239,Product_4239,Clothing,2339.46
4240,Product_4240,Furniture,3143.07
4241,Product_4241,Furniture,281.36
4242,Product_4242,Electronics,3961.66
4243,Product_4243,Furniture,1715.62
4244,Product_4244,Beauty,3483.37
4245,Product_4245,Furniture,27.95
4246,Product_4246,Office Supplies,191.31
4247,Product_4247,Clothing,1890.67
4248,Product_4248,Home & Kitchen,1026.53
4249,Product_4249,Sports,1054.13
4250,Product_4250,Furniture,188.22
4251,Product_4251,Beauty,1954.63
4252,Product_4252,Office Supplies,4436.46
4253,Product_4253,Beauty,2011.22
4254,Product_4254,Beauty,4751.56
4255,Product_4255,Furniture,2015.1
4256,Product_4256,Home & Kitchen,3912.96
4257,Product_4257,Beauty,2691.52
4258,Product_4258,Beauty,2623.18
4259,Product_4259,Clothing,4932.91
4260,Product_4260,Clothing,3917.38
4261,Product_4261,Clothing,4261.32
4262,Product_4262,Home & Kitchen,2439.7
4263,Product_4263,Beauty,4302.86
4264,Product_4264,Clothing,3647.55
4265,Product_4265,Beauty,317.48
4266,Product_4266,Beauty,1501.23
4267,Product_4267,Home & Kitchen,2583.89
4268,Product_4268,Electronics,4671.97
4269,Product_4269,Toys,4610.97
4270,Product_4270,Sports,3646.41
4271,Product_4271,Toys,3716.41
4272,Product_4272,Office Supplies,3978.22
4273,Product_4273,Toys,3208.48
4274,Product_4274,Electronics,3556.42
4275,Product_4275,Beauty,4347.42
4276,Product_4276,Beauty,2643.67
4277,Product_4277,Office Supplies,3364.95
4278,Product_4278,Furniture,3454.42
4279,Product_4279,Office Supplies,1922.04
4280,Product_4280,Toys,3720.43
4281,Product_4281,Beauty,3844.44
4282,Product_4282,Office Supplies,299.65
4283,Product_4283,Office Supplies,2770.23
4284,Product_4284,Home & Kitchen,348.22
4285,Product_4285,Office Supplies,3810.87
4286,Product_4286,Home & Kitchen,561.03
4287,Product_4287,Furniture,3975.04
4288,Product_4288,Toys,2893.76
4289,Product_4289,Furniture,3464.6
4290,Product_4290,Clothing,2111.66
4291,Product_4291,Toys,15.58
4292,Product_4292,Beauty,958.55
4293,Product_4293,Toys,2125.87
4294,Product_4294,Electronics,1732.5
4295,Product_4295,Sports,4835.81
4296,Product_4296,Beauty,4317.98
4297,Product_4297,Home & Kitchen,2609.75
4298,Product_4298,Clothing,1622.15
4299,Product_4299,Sports,401.32
4300,Product_4300,Home & Kitchen,3736.86
4301,Product_4301,Clothing,2543.05
4302,Product_4302,Home & Kitchen,677.7
4303,Product_4303,Office Supplies,4390.01
4304,Product_4304,Electronics,4489.97
4305,Product_4305,Toys,964.66
4306,Product_4306,Clothing,979.14
4307,Product_4307,Office Supplies,4884.52
4308,Product_4308,Clothing,665.66
4309,Product_4309,Office Supplies,4556.95
4310,Product_4310,Home & Kitchen,2405.96
4311,Product_4311,Sports,1838.29
4312,Product_4312,Electronics,1276.22
4313,Product_4313,Furniture,3879.35
4314,Product_4314,Office Supplies,4344.23
4315,Product_4315,Electronics,122.03
4316,Product_4316,Clothing,1184.1
4317,Product_4317,Office Supplies,2326.25
4318,Product_4318,Toys,358.7
4319,Product_4319,Electronics,536.21
4320,Product_4320,Office Supplies,2903.13
4321,Product_4321,Office Supplies,3970.47
4322,Product_4322,Furniture,4816.14
4323,Product_4323,Sports,3708.29
4324,Product_4324,Beauty,2814.6
4325,Product_4325,Home & Kitchen,1523.73
4326,Product_4326,Furniture,4702.06
4327,Product_4327,Office Supplies,4488.12
4328,Product_4328,Clothing,2191.87
4329,Product_4329,Home & Kitchen,4350.32
4330,Product_4330,Beauty,2416.26
4331,Product_4331,Furniture,4646.58
4332,Product_4332,Furniture,3906.44
4333,Product_4333,Toys,1706.02
4334,Product_4334,Beauty,3571.69
4335,Product_4335,Clothing,2839.38
4336,Product_4336,Office Supplies,919.49
4337,Product_4337,Toys,3919.65
4338,Product_4338,Office Supplies,528.31
4339,Product_4339,Sports,1040.21
4340,Product_4340,Home & Kitchen,3352.1
4341,Product_4341,Furniture,1591.36
4342,Product_4342,Toys,4925.1
4343,Product_4343,Sports,3848.29
4344,Product_4344,Clothing,1876.25
4345,Product_4345,Sports,2586.81
4346,Product_4346,Home & Kitchen,4191.71
4347,Product_4347,Electronics,3745.2
4348,Product_4348,Office Supplies,713.98
4349,Product_4349,Clothing,3649.48
4350,Product_4350,Electronics,4803.97
4351,Product_4351,Beauty,3831.25
4352,Product_4352,Home & Kitchen,2566.58
4353,Product_4353,Toys,533.82
4354,Product_4354,Office Supplies,1168.18
4355,Product_4355,Electronics,3458.75
4356,Product_4356,Electronics,4555.71
4357,Product_4357,Beauty,138.65
4358,Product_4358,Home & Kitchen,1757.56
4359,Product_4359,Beauty,4191.38
4360,Product_4360,Office Supplies,3276.18
4361,Product_4361,Furniture,2989.36
4362,Product_4362,Beauty,4077.2
4363,Product_4363,Electronics,709.26
4364,Product_4364,Toys,830.82
4365,Product_4365,Sports,1258.96
4366,Product_4366,Toys,2999.44
4367,Product_4367,Office Supplies,387.17
4368,Product_4368,Toys,631.27
4369,Product_4369,Office Supplies,1801.59
4370,Product_4370,Office Supplies,739.06
4371,Product_4371,Office Supplies,1584.75
4372,Product_4372,Toys,1726.78
4373,Product_4373,Toys,318.17
4374,Product_4374,Office Supplies,4557.74
4375,Product_4375,Office Supplies,1176.21
4376,Product_4376,Clothing,4556.44
4377,Product_4377,Electronics,3220.98
4378,Product_4378,Sports,3419.64
4379,Product_4379,Office Supplies,1716.14
4380,Product_4380,Office Supplies,1700.96
4381,Product_4381,Sports,4856.22
4382,Product_4382,Toys,192.93
4383,Product_4383,Office Supplies,477.32
4384,Product_4384,Furniture,2619.79
4385,Product_4385,Furniture,349.6
4386,Product_4386,Toys,4170.08
4387,Product_4387,Electronics,775.07
4388,Product_4388,Furniture,867.41
4389,Product_4389,Home & Kitchen,1080.44
4390,Product_4390,Beauty,2577.97
4391,Product_4391,Clothing,1369.12
4392,Product_4392,Furniture,377.31
4393,Product_4393,Electronics,3503.47
4394,Product_4394,Furniture,1902.41
4395,Product_4395,Beauty,4683.45
4396,Product_4396,Sports,2942.58
4397,Product_4397,Toys,2091.31
4398,Product_4398,Sports,3473.39
4399,Product_4399,Beauty,892.86
4400,Product_4400,Furniture,1280.01
4401,Product_4401,Home & Kitchen,2134.31
4402,Product_4402,Toys,4441.29
4403,Product_4403,Toys,2902.63
4404,Product_4404,Toys,688.91
4405,Product_4405,Toys,2650.52
4406,Product_4406,Office Supplies,2214.28
4407,Product_4407,Clothing,4195.67
4408,Product_4408,Beauty,3459.43
4409,Product_4409,Furniture,373.45
4410,Product_4410,Furniture,3459.84
4411,Product_4411,Furniture,1452.8
4412,Product_4412,Sports,1255.1
4413,Product_4413,Sports,2026.97
4414,Product_4414,Beauty,759.02
4415,Product_4415,Office Supplies,839.61
4416,Product_4416,Office Supplies,1466.3
4417,Product_4417,Beauty,1145.01
4418,Product_4418,Sports,3229.66
4419,Product_4419,Office Supplies,534.3
4420,Product_4420,Furniture,1046.63
4421,Product_4421,Toys,1868.79
4422,Product_4422,Toys,3784.19
4423,Product_4423,Office Supplies,4290.65
4424,Product_4424,Clothing,1694.04
4425,Product_4425,Furniture,2661.57
4426,Product_4426,Office Supplies,1717.05
4427,Product_4427,Furniture,1347.18
4428,Product_4428,Clothing,2585.87
4429,Product_4429,Home & Kitchen,601.79
4430,Product_4430,Toys,3431.89
4431,Product_4431,Home & Kitchen,4660.94
4432,Product_4432,Home & Kitchen,23.53
4433,Product_4433,Electronics,3189.6
4434,Product_4434,Home & Kitchen,4823.68
4435,Product_4435,Toys,4450.24
4436,Product_4436,Furniture,234.26
4437,Product_4437,Office Supplies,2400.23
4438,Product_4438,Toys,292.14
4439,Product_4439,Furniture,2298.99
4440,Product_4440,Sports,4130.95
4441,Product_4441,Furniture,3659.22
4442,Product_4442,Sports,4648.98
4443,Product_4443,Beauty,2006.93
4444,Product_4444,Home & Kitchen,847.81
4445,Product_4445,Electronics,2796.26
4446,Product_4446,Furniture,774.88
4447,Product_4447,Home & Kitchen,4618.75
4448,Product_4448,Electronics,2913.1
4449,Product_4449,Electronics,1968.39
4450,Product_4450,Office Supplies,4126.92
4451,Product_4451,Sports,4589.85
4452,Product_4452,Electronics,4382.4
4453,Product_4453,Clothing,3185.84
4454,Product_4454,Home & Kitchen,2598.11
4455,Product_4455,Home & Kitchen,1980.26
4456,Product_4456,Clothing,4734.78
4457,Product_4457,Clothing,1565.45
4458,Product_4458,Furniture,3409.33
4459,Product_4459,Electronics,1736.5
4460,Product_4460,Beauty,2667.51
4461,Product_4461,Clothing,3904.47
4462,Product_4462,Beauty,2094.21
4463,Product_4463,Furniture,3448.16
4464,Product_4464,Sports,1949.17
4465,Product_4465,Furniture,3333.54
4466,Product_4466,Office Supplies,1367.51
4467,Product_4467,Electronics,3572.51
4468,Product_4468,Beauty,4749.33
4469,Product_4469,Beauty,3449.81
4470,Product_4470,Toys,1559.37
4471,Product_4471,Electronics,1781.35
4472,Product_4472,Home & Kitchen,3754.93
4473,Product_4473,Clothing,2614.21
4474,Product_4474,Sports,2374.55
4475,Product_4475,Clothing,2903.9
4476,Product_4476,Electronics,3664.22
4477,Product_4477,Clothing,1948.47
4478,Product_4478,Sports,1641.89
4479,Product_4479,Furniture,2558.13
4480,Product_4480,Toys,826.68
4481,Product_4481,Office Supplies,2181.34
4482,Product_4482,Furniture,3790.18
4483,Product_4483,Electronics,3875.91
4484,Product_4484,Toys,635.59
4485,Product_4485,Clothing,3971.32
4486,Product_4486,Sports,2959.86
4487,Product_4487,Beauty,2490.44
4488,Product_4488,Electronics,47.08
4489,Product_4489,Furniture,3342.64
4490,Product_4490,Office Supplies,2883.15
4491,Product_4491,Home & Kitchen,2896.14
4492,Product_4492,Office Supplies,4931.34
4493,Product_4493,Electronics,2634.79
4494,Product_4494,Beauty,4950.16
4495,Product_4495,Clothing,2095.47
4496,Product_4496,Electronics,1822.67
4497,Product_4497,Sports,1406.25
4498,Product_4498,Office Supplies,4767.26
4499,Product_4499,Beauty,1292.02
4500,Product_4500,Electronics,4246.25
4501,Product_4501,Beauty,686.4
4502,Product_4502,Home & Kitchen,2894.57
4503,Product_4503,Furniture,762.8
4504,Product_4504,Electronics,886.0
4505,Product_4505,Toys,2574.32
4506,Product_4506,Home & Kitchen,4941.74
4507,Product_4507,Clothing,4607.93
4508,Product_4508,Clothing,451.55
4509,Product_4509,Furniture,3284.76
4510,Product_4510,Toys,4420.96
4511,Product_4511,Office Supplies,875.77
4512,Product_4512,Electronics,1002.87
4513,Product_4513,Beauty,1077.57
4514,Product_4514,Clothing,4475.58
4515,Product_4515,Home & Kitchen,48.95
4516,Product_4516,Beauty,2980.06
4517,Product_4517,Clothing,4119.81
4518,Product_4518,Toys,4702.25
4519,Product_4519,Office Supplies,3277.06
4520,Product_4520,Home & Kitchen,1956.43
4521,Product_4521,Electronics,1212.83
4522,Product_4522,Electronics,1745.77
4523,Product_4523,Clothing,3831.87
4524,Product_4524,Sports,4998.28
4525,Product_4525,Electronics,3517.01
4526,Product_4526,Beauty,1594.11
4527,Product_4527,Sports,818.58
4528,Product_4528,Electronics,2535.32
4529,Product_4529,Furniture,2444.03
4530,Product_4530,Clothing,1831.11
4531,Product_4531,Electronics,1150.1
4532,Product_4532,Home & Kitchen,3442.61
4533,Product_4533,Furniture,1193.15
4534,Product_4534,Beauty,666.11
4535,Product_4535,Electronics,2690.32
4536,Product_4536,Toys,1384.53
4537,Product_4537,Toys,3343.79
4538,Product_4538,Beauty,2895.48
4539,Product_4539,Toys,3730.0
4540,Product_4540,Furniture,1934.51
4541,Product_4541,Office Supplies,19.86
4542,Product_4542,Electronics,482.67
4543,Product_4543,Beauty,4981.06
4544,Product_4544,Electronics,3645.14
4545,Product_4545,Furniture,1376.67
4546,Product_4546,Clothing,3142.82
4547,Product_4547,Sports,1436.93
4548,Product_4548,Electronics,301.9
4549,Product_4549,Toys,2370.55
4550,Product_4550,Furniture,3847.53
4551,Product_4551,Sports,2639.92
4552,Product_4552,Toys,1565.25
4553,Product_4553,Toys,765.99
4554,Product_4554,Home & Kitchen,2316.93
4555,Product_4555,Furniture,4887.09
4556,Product_4556,Furniture,2615.68
4557,Product_4557,Clothing,2461.51
4558,Product_4558,Home & Kitchen,2711.21
4559,Product_4559,Furniture,4469.85
4560,Product_4560,Electronics,4627.73
4561,Product_4561,Furniture,3898.25
4562,Product_4562,Furniture,1709.17
4563,Product_4563,Sports,1641.39
4564,Product_4564,Office Supplies,3522.4
4565,Product_4565,Sports,4608.08
4566,Product_4566,Furniture,1362.85
4567,Product_4567,Beauty,2835.49
4568,Product_4568,Beauty,1943.86
4569,Product_4569,Sports,4588.45
4570,Product_4570,Furniture,2220.49
4571,Product_4571,Toys,312.87
4572,Product_4572,Clothing,1980.88
4573,Product_4573,Beauty,1116.32
4574,Product_4574,Electronics,885.69
4575,Product_4575,Furniture,2730.87
4576,Product_4576,Toys,1226.45
4577,Product_4577,Toys,4895.36
4578,Product_4578,Furniture,4673.32
4579,Product_4579,Sports,221.35
4580,Product_4580,Office Supplies,1760.57
4581,Product_4581,Office Supplies,2601.03
4582,Product_4582,Home & Kitchen,3971.65
4583,Product_4583,Furniture,949.61
4584,Product_4584,Home & Kitchen,4259.74
4585,Product_4585,Sports,1132.48
4586,Product_4586,Office Supplies,3882.69
4587,Product_4587,Beauty,228.92
4588,Product_4588,Office Supplies,1112.66
4589,Product_4589,Electronics,190.48
4590,Product_4590,Beauty,2142.55
4591,Product_4591,Home & Kitchen,2720.67
4592,Product_4592,Beauty,4877.09
4593,Product_4593,Furniture,2196.14
4594,Product_4594,Sports,1426.53
4595,Product_4595,Toys,4435.5
4596,Product_4596,Sports,952.29
4597,Product_4597,Electronics,452.94
4598,Product_4598,Toys,1824.75
4599,Product_4599,Furniture,3722.38
4600,Product_4600,Electronics,282.87
4601,Product_4601,Toys,2705.28
4602,Product_4602,Home & Kitchen,252.16
4603,Product_4603,Electronics,146.68
4604,Product_4604,Home & Kitchen,740.84
4605,Product_4605,Electronics,323.73
4606,Product_4606,Office Supplies,4540.23
4607,Product_4607,Clothing,3462.22
4608,Product_4608,Toys,1886.74
4609,Product_4609,Beauty,2218.75
4610,Product_4610,Toys,2449.54
4611,Product_4611,Furniture,2329.21
4612,Product_4612,Furniture,4191.27
4613,Product_4613,Clothing,1432.96
4614,Product_4614,Toys,4126.92
4615,Product_4615,Electronics,1252.05
4616,Product_4616,Sports,4927.05
4617,Product_4617,Furniture,1425.49
4618,Product_4618,Sports,3470.46
4619,Product_4619,Home & Kitchen,718.81
4620,Product_4620,Electronics,1164.01
4621,Product_4621,Clothing,1108.59
4622,Product_4622,Furniture,4545.18
4623,Product_4623,Electronics,2881.93
4624,Product_4624,Electronics,2549.88
4625,Product_4625,Toys,4709.12
4626,Product_4626,Office Supplies,561.99
4627,Product_4627,Electronics,1409.58
4628,Product_4628,Beauty,4334.93
4629,Product_4629,Toys,4635.71
4630,Product_4630,Electronics,2593.26
4631,Product_4631,Electronics,4655.51
4632,Product_4632,Home & Kitchen,3648.93
4633,Product_4633,Home & Kitchen,2200.27
4634,Product_4634,Toys,2330.71
4635,Product_4635,Beauty,1192.61
4636,Product_4636,Furniture,4631.79
4637,Product_4637,Home & Kitchen,3918.31
4638,Product_4638,Electronics,348.24
4639,Product_4639,Electronics,1716.75
4640,Product_4640,Clothing,1335.82
4641,Product_4641,Home & Kitchen,1543.86
4642,Product_4642,Toys,4985.51
4643,Product_4643,Electronics,2008.37
4644,Product_4644,Electronics,1672.57
4645,Product_4645,Electronics,3611.19
4646,Product_4646,Toys,4978.02
4647,Product_4647,Furniture,1443.78
4648,Product_4648,Clothing,600.24
4649,Product_4649,Clothing,4315.76
4650,Product_4650,Clothing,138.19
4651,Product_4651,Electronics,793.39
4652,Product_4652,Electronics,3234.61
4653,Product_4653,Toys,2339.38
4654,Product_4654,Toys,1527.58
4655,Product_4655,Beauty,689.33
4656,Product_4656,Clothing,1342.86
4657,Product_4657,Clothing,4872.7
4658,Product_4658,Office Supplies,3104.08
4659,Product_4659,Beauty,2092.16
4660,Product_4660,Home & Kitchen,1359.15
4661,Product_4661,Toys,1097.26
4662,Product_4662,Sports,4550.07
4663,Product_4663,Beauty,990.54
4664,Product_4664,Beauty,632.24
4665,Product_4665,Furniture,1134.38
4666,Product_4666,Office Supplies,1599.68
4667,Product_4667,Office Supplies,2665.92
4668,Product_4668,Beauty,252.55
4669,Product_4669,Electronics,1764.08
4670,Product_4670,Clothing,2120.12
4671,Product_4671,Home & Kitchen,4210.67
4672,Product_4672,Toys,4005.11
4673,Product_4673,Home & Kitchen,49.84
4674,Product_4674,Furniture,1208.05
4675,Product_4675,Home & Kitchen,3722.1
4676,Product_4676,Beauty,4484.25
4677,Product_4677,Office Supplies,284.38
4678,Product_4678,Clothing,1501.49
4679,Product_4679,Home & Kitchen,4557.33
4680,Product_4680,Clothing,371.08
4681,Product_4681,Clothing,1250.54
4682,Product_4682,Furniture,1782.81
4683,Product_4683,Electronics,3341.24
4684,Product_4684,Sports,913.33
4685,Product_4685,Toys,1638.76
4686,Product_4686,Furniture,1774.02
4687,Product_4687,Electronics,2235.74
4688,Product_4688,Sports,4374.99
4689,Product_4689,Furniture,238.69
4690,Product_4690,Electronics,261.13
4691,Product_4691,Toys,3337.53
4692,Product_4692,Office Supplies,302.57
4693,Product_4693,Office Supplies,4041.62
4694,Product_4694,Home & Kitchen,3954.39
4695,Product_4695,Sports,4883.68
4696,Product_4696,Beauty,4274.73
4697,Product_4697,Toys,3384.05
4698,Product_4698,Electronics,3814.32
4699,Product_4699,Clothing,2518.43
4700,Product_4700,Clothing,1886.78
4701,Product_4701,Beauty,830.57
4702,Product_4702,Clothing,926.09
4703,Product_4703,Furniture,1939.67
4704,Product_4704,Beauty,3122.42
4705,Product_4705,Home & Kitchen,1573.46
4706,Product_4706,Beauty,3007.74
4707,Product_4707,Clothing,4697.61
4708,Product_4708,Electronics,3794.96
4709,Product_4709,Home & Kitchen,273.61
4710,Product_4710,Sports,4202.31
4711,Product_4711,Electronics,1048.9
4712,Product_4712,Furniture,553.4
4713,Product_4713,Office Supplies,1416.41
4714,Product_4714,Electronics,716.0
4715,Product_4715,Office Supplies,3636.94
4716,Product_4716,Furniture,4072.5
4717,Product_4717,Clothing,1766.43
4718,Product_4718,Clothing,2583.81
4719,Product_4719,Electronics,4933.13
4720,Product_4720,Office Supplies,822.07
4721,Product_4721,Clothing,252.88
4722,Product_4722,Clothing,2145.01
4723,Product_4723,Electronics,1748.53
4724,Product_4724,Sports,1229.89
4725,Product_4725,Office Supplies,1287.95
4726,Product_4726,Furniture,3817.69
4727,Product_4727,Clothing,647.66
4728,Product_4728,Furniture,2754.69
4729,Product_4729,Office Supplies,871.32
4730,Product_4730,Office Supplies,3984.06
4731,Product_4731,Clothing,375.83
4732,Product_4732,Home & Kitchen,597.5
4733,Product_4733,Furniture,912.48
4734,Product_4734,Furniture,4270.34
4735,Product_4735,Home & Kitchen,153.61
4736,Product_4736,Beauty,4624.5
4737,Product_4737,Electronics,4343.99
4738,Product_4738,Office Supplies,4318.75
4739,Product_4739,Beauty,3339.84
4740,Product_4740,Home & Kitchen,977.92
4741,Product_4741,Furniture,4134.53
4742,Product_4742,Beauty,1717.54
4743,Product_4743,Toys,1428.99
4744,Product_4744,Home & Kitchen,1650.24
4745,Product_4745,Office Supplies,186.43
4746,Product_4746,Furniture,4691.51
4747,Product_4747,Office Supplies,2657.95
4748,Product_4748,Office Supplies,1034.22
4749,Product_4749,Office Supplies,1463.64
4750,Product_4750,Furniture,2859.95
4751,Product_4751,Beauty,598.02
4752,Product_4752,Home & Kitchen,1811.5
4753,Product_4753,Toys,4620.26
4754,Product_4754,Beauty,315.83
4755,Product_4755,Home & Kitchen,3502.65
4756,Product_4756,Toys,1607.11
4757,Product_4757,Toys,3046.43
4758,Product_4758,Toys,1309.6
4759,Product_4759,Clothing,1827.69
4760,Product_4760,Home & Kitchen,633.47
4761,Product_4761,Sports,137.57
4762,Product_4762,Home & Kitchen,4846.58
4763,Product_4763,Sports,3344.3
4764,Product_4764,Home & Kitchen,1840.69
4765,Product_4765,Furniture,3460.58
4766,Product_4766,Toys,977.94
4767,Product_4767,Furniture,3497.86
4768,Product_4768,Home & Kitchen,3191.23
4769,Product_4769,Home & Kitchen,4718.23
4770,Product_4770,Sports,2982.3
4771,Product_4771,Electronics,475.77
4772,Product_4772,Electronics,3162.52
4773,Product_4773,Electronics,4947.89
4774,Product_4774,Beauty,2488.69
4775,Product_4775,Clothing,3025.93
4776,Product_4776,Office Supplies,3367.52
4777,Product_4777,Beauty,3591.7
4778,Product_4778,Beauty,2463.31
4779,Product_4779,Toys,2071.93
4780,Product_4780,Sports,4084.7
4781,Product_4781,Electronics,4508.17
4782,Product_4782,Clothing,3794.87
4783,Product_4783,Home & Kitchen,2599.77
4784,Product_4784,Office Supplies,3228.01
4785,Product_4785,Beauty,1365.51
4786,Product_4786,Home & Kitchen,1752.54
4787,Product_4787,Home & Kitchen,4853.4
4788,Product_4788,Office Supplies,1545.97
4789,Product_4789,Clothing,1938.74
4790,Product_4790,Office Supplies,91.21
4791,Product_4791,Toys,4049.26
4792,Product_4792,Clothing,1932.08
4793,Product_4793,Clothing,1146.56
4794,Product_4794,Electronics,206.47
4795,Product_4795,Sports,2154.73
4796,Product_4796,Electronics,2752.41
4797,Product_4797,Furniture,2334.23
4798,Product_4798,Beauty,904.35
4799,Product_4799,Clothing,412.51
4800,Product_4800,Clothing,4138.91
4801,Product_4801,Sports,406.56
4802,Product_4802,Home & Kitchen,1835.73
4803,Product_4803,Sports,2555.26
4804,Product_4804,Toys,4042.22
4805,Product_4805,Beauty,1885.72
4806,Product_4806,Sports,1692.88
4807,Product_4807,Clothing,4627.57
4808,Product_4808,Electronics,3049.83
4809,Product_4809,Electronics,3820.01
4810,Product_4810,Sports,2200.98
4811,Product_4811,Furniture,834.38
4812,Product_4812,Electronics,2210.24
4813,Product_4813,Clothing,2872.72
4814,Product_4814,Sports,233.54
4815,Product_4815,Beauty,4858.84
4816,Product_4816,Home & Kitchen,2813.15
4817,Product_4817,Toys,1108.43
4818,Product_4818,Toys,3696.05
4819,Product_4819,Beauty,3052.97
4820,Product_4820,Clothing,207.8
4821,Product_4821,Clothing,692.82
4822,Product_4822,Home & Kitchen,4854.08
4823,Product_4823,Beauty,2571.63
4824,Product_4824,Furniture,2563.09
4825,Product_4825,Electronics,14.41
4826,Product_4826,Clothing,2161.42
4827,Product_4827,Electronics,2215.29
4828,Product_4828,Clothing,2030.8
4829,Product_4829,Furniture,3092.65
4830,Product_4830,Home & Kitchen,2709.6
4831,Product_4831,Furniture,112.78
4832,Product_4832,Toys,4028.45
4833,Product_4833,Clothing,2013.28
4834,Product_4834,Electronics,4645.1
4835,Product_4835,Electronics,2182.03
4836,Product_4836,Toys,3952.25
4837,Product_4837,Beauty,3000.02
4838,Product_4838,Beauty,4268.23
4839,Product_4839,Office Supplies,4061.37
4840,Product_4840,Sports,3505.27
4841,Product_4841,Furniture,2579.01
4842,Product_4842,Home & Kitchen,4657.99
4843,Product_4843,Home & Kitchen,634.67
4844,Product_4844,Sports,3074.03
4845,Product_4845,Sports,2392.64
4846,Product_4846,Toys,3255.04
4847,Product_4847,Home & Kitchen,3225.84
4848,Product_4848,Toys,3875.96
4849,Product_4849,Toys,2349.83
4850,Product_4850,Furniture,1643.8
4851,Product_4851,Office Supplies,23.16
4852,Product_4852,Office Supplies,1689.91
4853,Product_4853,Furniture,4306.05
4854,Product_4854,Home & Kitchen,3562.67
4855,Product_4855,Clothing,465.04
4856,Product_4856,Sports,3885.14
4857,Product_4857,Toys,1924.11
4858,Product_4858,Beauty,3222.18
4859,Product_4859,Furniture,2798.81
4860,Product_4860,Toys,2442.96
4861,Product_4861,Clothing,147.36
4862,Product_4862,Beauty,901.98
4863,Product_4863,Clothing,173.54
4864,Product_4864,Office Supplies,1538.4
4865,Product_4865,Office Supplies,3913.09
4866,Product_4866,Furniture,4909.68
4867,Product_4867,Furniture,3726.1
4868,Product_4868,Clothing,4042.56
4869,Product_4869,Sports,654.15
4870,Product_4870,Furniture,3591.11
4871,Product_4871,Toys,3112.09
4872,Product_4872,Office Supplies,1514.14
4873,Product_4873,Electronics,1982.8
4874,Product_4874,Sports,3003.26
4875,Product_4875,Office Supplies,387.89
4876,Product_4876,Sports,2252.4
4877,Product_4877,Toys,2353.24
4878,Product_4878,Office Supplies,3611.73
4879,Product_4879,Sports,1003.52
4880,Product_4880,Sports,982.57
4881,Product_4881,Sports,1966.79
4882,Product_4882,Office Supplies,1300.42
4883,Product_4883,Clothing,3311.91
4884,Product_4884,Home & Kitchen,815.48
4885,Product_4885,Home & Kitchen,3529.48
4886,Product_4886,Clothing,4331.08
4887,Product_4887,Beauty,4142.37
4888,Product_4888,Toys,1754.62
4889,Product_4889,Sports,2013.51
4890,Product_4890,Clothing,4307.07
4891,Product_4891,Office Supplies,4739.49
4892,Product_4892,Office Supplies,1171.19
4893,Product_4893,Toys,1708.72
4894,Product_4894,Sports,4903.14
4895,Product_4895,Office Supplies,4370.82
4896,Product_4896,Furniture,3904.09
4897,Product_4897,Office Supplies,3681.7
4898,Product_4898,Furniture,430.15
4899,Product_4899,Furniture,2768.66
4900,Product_4900,Sports,4813.01
4901,Product_4901,Clothing,1075.1
4902,Product_4902,Beauty,820.98
4903,Product_4903,Home & Kitchen,31.55
4904,Product_4904,Office Supplies,3834.29
4905,Product_4905,Clothing,4623.41
4906,Product_4906,Beauty,108.93
4907,Product_4907,Beauty,1386.58
4908,Product_4908,Furniture,1004.51
4909,Product_4909,Office Supplies,45.43
4910,Product_4910,Clothing,470.92
4911,Product_4911,Home & Kitchen,1090.35
4912,Product_4912,Home & Kitchen,944.42
4913,Product_4913,Clothing,1653.46
4914,Product_4914,Sports,430.84
4915,Product_4915,Home & Kitchen,2493.87
4916,Product_4916,Toys,1838.48
4917,Product_4917,Clothing,3215.02
4918,Product_4918,Furniture,1487.36
4919,Product_4919,Electronics,1320.3
4920,Product_4920,Sports,683.11
4921,Product_4921,Office Supplies,4370.56
4922,Product_4922,Beauty,2349.39
4923,Product_4923,Clothing,2613.62
4924,Product_4924,Electronics,2409.24
4925,Product_4925,Toys,1546.42
4926,Product_4926,Home & Kitchen,896.02
4927,Product_4927,Clothing,3664.02
4928,Product_4928,Office Supplies,3633.23
4929,Product_4929,Toys,1100.22
4930,Product_4930,Toys,2092.08
4931,Product_4931,Home & Kitchen,2845.01
4932,Product_4932,Office Supplies,2837.78
4933,Product_4933,Home & Kitchen,4435.95
4934,Product_4934,Toys,4458.43
4935,Product_4935,Sports,2668.81
4936,Product_4936,Clothing,3034.38
4937,Product_4937,Office Supplies,405.49
4938,Product_4938,Office Supplies,1984.11
4939,Product_4939,Furniture,2135.23
4940,Product_4940,Beauty,1780.08
4941,Product_4941,Furniture,4176.44
4942,Product_4942,Beauty,1825.91
4943,Product_4943,Sports,844.2
4944,Product_4944,Office Supplies,2259.04
4945,Product_4945,Clothing,3257.12
4946,Product_4946,Home & Kitchen,1202.66
4947,Product_4947,Clothing,4177.01
4948,Product_4948,Home & Kitchen,1873.9
4949,Product_4949,Sports,4939.35
4950,Product_4950,Furniture,1402.36
4951,Product_4951,Home & Kitchen,2225.63
4952,Product_4952,Office Supplies,2976.8
4953,Product_4953,Sports,1398.0
4954,Product_4954,Electronics,3869.56
4955,Product_4955,Beauty,4723.48
4956,Product_4956,Electronics,127.93
4957,Product_4957,Home & Kitchen,4150.89
4958,Product_4958,Clothing,4451.68
4959,Product_4959,Home & Kitchen,1136.61
4960,Product_4960,Toys,411.79
4961,Product_4961,Office Supplies,3072.6
4962,Product_4962,Office Supplies,900.48
4963,Product_4963,Clothing,2608.62
4964,Product_4964,Clothing,336.41
4965,Product_4965,Office Supplies,4598.6
4966,Product_4966,Furniture,3831.49
4967,Product_4967,Home & Kitchen,2542.28
4968,Product_4968,Furniture,817.43
4969,Product_4969,Beauty,3628.65
4970,Product_4970,Toys,3606.47
4971,Product_4971,Sports,3078.81
4972,Product_4972,Electronics,4257.13
4973,Product_4973,Furniture,1761.37
4974,Product_4974,Office Supplies,158.0
4975,Product_4975,Clothing,2214.85
4976,Product_4976,Clothing,1283.2
4977,Product_4977,Home & Kitchen,1618.73
4978,Product_4978,Clothing,34.45
4979,Product_4979,Home & Kitchen,3705.97
4980,Product_4980,Beauty,2081.45
4981,Product_4981,Beauty,2150.74
4982,Product_4982,Office Supplies,1324.9
4983,Product_4983,Furniture,3359.78
4984,Product_4984,Electronics,568.23
4985,Product_4985,Beauty,3824.53
4986,Product_4986,Clothing,375.89
4987,Product_4987,Beauty,992.09
4988,Product_4988,Beauty,1542.85
4989,Product_4989,Office Supplies,3396.84
4990,Product_4990,Beauty,976.47
4991,Product_4991,Beauty,1095.7
4992,Product_4992,Furniture,1121.47
4993,Product_4993,Sports,1377.18
4994,Product_4994,Home & Kitchen,2201.29
4995,Product_4995,Home & Kitchen,3977.79
4996,Product_4996,Clothing,740.61
4997,Product_4997,Beauty,966.92
4998,Product_4998,Sports,3532.26
4999,Product_4999,Sports,2559.33
5000,Product_5000,Clothing,287.99
5001,Product_5001,Furniture,2413.46
5002,Product_5002,Toys,558.33
5003,Product_5003,Toys,1191.76
5004,Product_5004,Clothing,2737.08
5005,Product_5005,Office Supplies,338.52
5006,Product_5006,Toys,4321.33
5007,Product_5007,Electronics,4749.32
5008,Product_5008,Electronics,4081.66
5009,Product_5009,Electronics,4357.51
5010,Product_5010,Electronics,2917.18
5011,Product_5011,Furniture,12.0
5012,Product_5012,Clothing,3510.33
5013,Product_5013,Beauty,4805.18
5014,Product_5014,Sports,170.31
5015,Product_5015,Clothing,1824.17
5016,Product_5016,Toys,882.98
5017,Product_5017,Electronics,3712.34
5018,Product_5018,Toys,2548.13
5019,Product_5019,Home & Kitchen,2841.07
5020,Product_5020,Sports,2403.45
5021,Product_5021,Electronics,1488.54
5022,Product_5022,Electronics,3570.26
5023,Product_5023,Furniture,3048.51
5024,Product_5024,Home & Kitchen,4790.32
5025,Product_5025,Clothing,2352.31
5026,Product_5026,Clothing,626.32
5027,Product_5027,Sports,2625.04
5028,Product_5028,Furniture,1205.24
5029,Product_5029,Beauty,2248.78
5030,Product_5030,Clothing,1302.82
5031,Product_5031,Office Supplies,2835.49
5032,Product_5032,Furniture,2461.87
5033,Product_5033,Office Supplies,4949.82
5034,Product_5034,Electronics,2834.86
5035,Product_5035,Beauty,4529.1
5036,Product_5036,Office Supplies,4439.15
5037,Product_5037,Clothing,2009.27
5038,Product_5038,Furniture,1695.26
5039,Product_5039,Sports,3529.77
5040,Product_5040,Furniture,4224.57
5041,Product_5041,Beauty,2423.5
5042,Product_5042,Toys,494.81
5043,Product_5043,Electronics,4494.97
5044,Product_5044,Electronics,553.01
5045,Product_5045,Home & Kitchen,3001.0
5046,Product_5046,Home & Kitchen,4599.19
5047,Product_5047,Home & Kitchen,3738.55
5048,Product_5048,Home & Kitchen,15.54
5049,Product_5049,Furniture,1362.06
5050,Product_5050,Beauty,1905.93
5051,Product_5051,Furniture,376.45
5052,Product_5052,Office Supplies,2498.08
5053,Product_5053,Electronics,739.72
5054,Product_5054,Clothing,2519.52
5055,Product_5055,Clothing,4262.84
5056,Product_5056,Office Supplies,3073.01
5057,Product_5057,Electronics,4464.42
5058,Product_5058,Clothing,1566.35
5059,Product_5059,Home & Kitchen,1488.44
5060,Product_5060,Toys,4648.62
5061,Product_5061,Toys,972.52
5062,Product_5062,Toys,3387.39
5063,Product_5063,Electronics,20.37
5064,Product_5064,Toys,2389.89
5065,Product_5065,Home & Kitchen,3074.42
5066,Product_5066,Office Supplies,4514.07
5067,Product_5067,Home & Kitchen,2150.91
5068,Product_5068,Furniture,392.66
5069,Product_5069,Sports,680.7
5070,Product_5070,Toys,1630.18
5071,Product_5071,Furniture,3963.76
5072,Product_5072,Office Supplies,2880.82
5073,Product_5073,Home & Kitchen,4119.99
5074,Product_5074,Home & Kitchen,36.84
5075,Product_5075,Toys,1691.8
5076,Product_5076,Clothing,1296.67
5077,Product_5077,Furniture,345.61
5078,Product_5078,Furniture,847.01
5079,Product_5079,Clothing,621.65
5080,Product_5080,Home & Kitchen,1479.75
5081,Product_5081,Sports,3019.16
5082,Product_5082,Sports,4234.58
5083,Product_5083,Toys,1881.2
5084,Product_5084,Home & Kitchen,2126.04
5085,Product_5085,Office Supplies,1137.19
5086,Product_5086,Furniture,3241.11
5087,Product_5087,Clothing,3541.04
5088,Product_5088,Sports,4858.81
5089,Product_5089,Toys,607.93
5090,Product_5090,Beauty,1746.18
5091,Product_5091,Sports,4446.0
5092,Product_5092,Clothing,2356.64
5093,Product_5093,Home & Kitchen,1082.35
5094,Product_5094,Toys,3917.14
5095,Product_5095,Home & Kitchen,2233.36
5096,Product_5096,Electronics,1466.35
5097,Product_5097,Furniture,4941.55
5098,Product_5098,Clothing,1446.39
5099,Product_5099,Furniture,73.43
5100,Product_5100,Toys,308.18
5101,Product_5101,Furniture,4097.87
5102,Product_5102,Furniture,107.48
5103,Product_5103,Electronics,2799.48
5104,Product_5104,Beauty,707.44
5105,Product_5105,Toys,3972.58
5106,Product_5106,Furniture,1413.46
5107,Product_5107,Office Supplies,1550.87
5108,Product_5108,Toys,3207.95
5109,Product_5109,Toys,81.34
5110,Product_5110,Beauty,806.6
5111,Product_5111,Toys,4451.35
5112,Product_5112,Furniture,1039.75
5113,Product_5113,Sports,4621.95
5114,Product_5114,Electronics,1568.77
5115,Product_5115,Clothing,2086.67
5116,Product_5116,Toys,1544.74
5117,Product_5117,Office Supplies,2251.01
5118,Product_5118,Furniture,908.62
5119,Product_5119,Furniture,4881.43
5120,Product_5120,Electronics,1574.74
5121,Product_5121,Clothing,2661.12
5122,Product_5122,Clothing,1086.36
5123,Product_5123,Sports,407.33
5124,Product_5124,Sports,2894.8
5125,Product_5125,Clothing,3880.36
5126,Product_5126,Electronics,1289.6
5127,Product_5127,Sports,99.68
5128,Product_5128,Beauty,2752.28
5129,Product_5129,Furniture,2048.73
5130,Product_5130,Sports,2720.61
5131,Product_5131,Beauty,2658.16
5132,Product_5132,Clothing,4607.1
5133,Product_5133,Clothing,4957.15
5134,Product_5134,Sports,3684.09
5135,Product_5135,Beauty,1594.37
5136,Product_5136,Electronics,3476.08
5137,Product_5137,Furniture,143.18
5138,Product_5138,Furniture,3672.24
5139,Product_5139,Home & Kitchen,4801.99
5140,Product_5140,Electronics,322.06
5141,Product_5141,Furniture,4824.32
5142,Product_5142,Beauty,2859.43
5143,Product_5143,Beauty,3961.07
5144,Product_5144,Furniture,2781.88
5145,Product_5145,Beauty,301.6
5146,Product_5146,Beauty,4612.52
5147,Product_5147,Furniture,4277.13
5148,Product_5148,Beauty,3059.32
5149,Product_5149,Furniture,1512.57
5150,Product_5150,Furniture,4609.24
5151,Product_5151,Office Supplies,3940.92
5152,Product_5152,Home & Kitchen,525.1
5153,Product_5153,Office Supplies,589.18
5154,Product_5154,Home & Kitchen,429.13
5155,Product_5155,Clothing,977.06
5156,Product_5156,Electronics,2207.51
5157,Product_5157,Furniture,3625.87
5158,Product_5158,Toys,1760.54
5159,Product_5159,Beauty,3683.96
5160,Product_5160,Electronics,2811.71
5161,Product_5161,Beauty,2999.18
5162,Product_5162,Clothing,4568.14
5163,Product_5163,Clothing,537.23
5164,Product_5164,Furniture,1764.94
5165,Product_5165,Clothing,3839.74
5166,Product_5166,Home & Kitchen,169.44
5167,Product_5167,Sports,1871.78
5168,Product_5168,Furniture,2838.86
5169,Product_5169,Clothing,1063.92
5170,Product_5170,Beauty,2491.9
5171,Product_5171,Sports,3374.62
5172,Product_5172,Office Supplies,2354.73
5173,Product_5173,Office Supplies,4348.91
5174,Product_5174,Office Supplies,467.63
5175,Product_5175,Home & Kitchen,1622.53
5176,Product_5176,Toys,1669.54
5177,Product_5177,Beauty,474.36
5178,Product_5178,Furniture,668.24
5179,Product_5179,Furniture,4092.1
5180,Product_5180,Home & Kitchen,2852.78
5181,Product_5181,Clothing,3446.18
5182,Product_5182,Office Supplies,3159.14
5183,Product_5183,Clothing,588.08
5184,Product_5184,Furniture,2534.3
5185,Product_5185,Home & Kitchen,4730.99
5186,Product_5186,Beauty,4836.79
5187,Product_5187,Sports,4744.39
5188,Product_5188,Toys,1117.74
5189,Product_5189,Furniture,3687.79
5190,Product_5190,Home & Kitchen,433.22
5191,Product_5191,Electronics,3304.59
5192,Product_5192,Clothing,3667.29
5193,Product_5193,Office Supplies,4997.39
5194,Product_5194,Furniture,1001.07
5195,Product_5195,Sports,3580.35
5196,Product_5196,Clothing,1729.2
5197,Product_5197,Clothing,308.42
5198,Product_5198,Office Supplies,2525.68
5199,Product_5199,Sports,4087.79
5200,Product_5200,Office Supplies,4400.31
5201,Product_5201,Clothing,4745.54
5202,Product_5202,Beauty,427.19
5203,Product_5203,Beauty,942.14
5204,Product_5204,Toys,1597.71
5205,Product_5205,Toys,1632.51
5206,Product_5206,Furniture,2336.4
5207,Product_5207,Sports,530.13
5208,Product_5208,Office Supplies,671.91
5209,Product_5209,Beauty,3150.43
5210,Product_5210,Furniture,3620.62
5211,Product_5211,Clothing,3898.55
5212,Product_5212,Beauty,4313.77
5213,Product_5213,Sports,4470.77
5214,Product_5214,Office Supplies,4867.57
5215,Product_5215,Sports,4911.28
5216,Product_5216,Sports,3157.28
5217,Product_5217,Toys,1283.06
5218,Product_5218,Office Supplies,3938.56
5219,Product_5219,Sports,2962.01
5220,Product_5220,Office Supplies,2737.75
5221,Product_5221,Electronics,3037.27
5222,Product_5222,Electronics,3840.87
5223,Product_5223,Furniture,708.47
5224,Product_5224,Electronics,1602.23
5225,Product_5225,Electronics,3147.04
5226,Product_5226,Home & Kitchen,2185.24
5227,Product_5227,Clothing,2987.63
5228,Product_5228,Toys,831.34
5229,Product_5229,Sports,3949.85
5230,Product_5230,Sports,3672.45
5231,Product_5231,Clothing,1700.87
5232,Product_5232,Home & Kitchen,2749.63
5233,Product_5233,Beauty,1706.3
5234,Product_5234,Electronics,4181.3
5235,Product_5235,Electronics,238.92
5236,Product_5236,Beauty,3619.42
5237,Product_5237,Sports,1858.29
5238,Product_5238,Home & Kitchen,592.0
5239,Product_5239,Electronics,634.43
5240,Product_5240,Home & Kitchen,2182.42
5241,Product_5241,Home & Kitchen,2638.5
5242,Product_5242,Beauty,4308.89
5243,Product_5243,Clothing,4918.16
5244,Product_5244,Home & Kitchen,2840.83
5245,Product_5245,Toys,1512.39
5246,Product_5246,Home & Kitchen,165.6
5247,Product_5247,Beauty,1162.78
5248,Product_5248,Home & Kitchen,4659.18
5249,Product_5249,Furniture,579.09
5250,Product_5250,Electronics,2369.12
5251,Product_5251,Toys,4009.66
5252,Product_5252,Sports,4547.49
5253,Product_5253,Furniture,1143.38
5254,Product_5254,Home & Kitchen,315.42
5255,Product_5255,Home & Kitchen,1780.12
5256,Product_5256,Furniture,3020.78
5257,Product_5257,Electronics,3196.45
5258,Product_5258,Electronics,4144.09
5259,Product_5259,Electronics,4979.45
5260,Product_5260,Office Supplies,3190.41
5261,Product_5261,Home & Kitchen,3464.96
5262,Product_5262,Beauty,1173.2
5263,Product_5263,Electronics,3736.14
5264,Product_5264,Furniture,4156.63
5265,Product_5265,Office Supplies,1552.05
5266,Product_5266,Furniture,3794.93
5267,Product_5267,Beauty,463.79
5268,Product_5268,Furniture,1193.3
5269,Product_5269,Office Supplies,4505.18
5270,Product_5270,Clothing,4466.35
5271,Product_5271,Sports,2968.29
5272,Product_5272,Beauty,504.74
5273,Product_5273,Furniture,1969.42
5274,Product_5274,Sports,741.88
5275,Product_5275,Office Supplies,1535.73
5276,Product_5276,Home & Kitchen,740.48
5277,Product_5277,Beauty,4695.63
5278,Product_5278,Beauty,3712.16
5279,Product_5279,Sports,947.29
5280,Product_5280,Home & Kitchen,3005.95
5281,Product_5281,Home & Kitchen,4063.01
5282,Product_5282,Office Supplies,4534.54
5283,Product_5283,Home & Kitchen,473.6
5284,Product_5284,Beauty,838.35
5285,Product_5285,Office Supplies,2120.48
5286,Product_5286,Electronics,4911.94
5287,Product_5287,Furniture,4810.12
5288,Product_5288,Furniture,1551.72
5289,Product_5289,Beauty,808.71
5290,Product_5290,Clothing,65.47
5291,Product_5291,Beauty,1307.64
5292,Product_5292,Clothing,4421.87
5293,Product_5293,Clothing,3319.11
5294,Product_5294,Clothing,4582.39
5295,Product_5295,Office Supplies,1958.62
5296,Product_5296,Beauty,3307.62
5297,Product_5297,Sports,435.94
5298,Product_5298,Electronics,4766.35
5299,Product_5299,Furniture,72.39
5300,Product_5300,Toys,3003.41
5301,Product_5301,Home & Kitchen,1930.21
5302,Product_5302,Beauty,2190.28
5303,Product_5303,Beauty,1655.98
5304,Product_5304,Clothing,2038.76
5305,Product_5305,Beauty,4589.96
5306,Product_5306,Toys,4242.35
5307,Product_5307,Clothing,891.53
5308,Product_5308,Furniture,30.57
5309,Product_5309,Clothing,4165.68
5310,Product_5310,Office Supplies,1826.71
5311,Product_5311,Home & Kitchen,3799.08
5312,Product_5312,Toys,4873.6
5313,Product_5313,Clothing,3363.67
5314,Product_5314,Home & Kitchen,997.67
5315,Product_5315,Clothing,1698.08
5316,Product_5316,Clothing,2904.26
5317,Product_5317,Electronics,1243.19
5318,Product_5318,Home & Kitchen,285.5
5319,Product_5319,Electronics,3426.65
5320,Product_5320,Home & Kitchen,156.0
5321,Product_5321,Home & Kitchen,3459.71
5322,Product_5322,Sports,685.53
5323,Product_5323,Home & Kitchen,4298.63
5324,Product_5324,Office Supplies,1863.08
5325,Product_5325,Beauty,705.44
5326,Product_5326,Toys,2906.71
5327,Product_5327,Electronics,3568.2
5328,Product_5328,Toys,4769.65
5329,Product_5329,Office Supplies,694.76
5330,Product_5330,Clothing,3352.84
5331,Product_5331,Beauty,4803.11
5332,Product_5332,Sports,3902.49
5333,Product_5333,Sports,3367.04
5334,Product_5334,Furniture,2205.68
5335,Product_5335,Beauty,2579.28
5336,Product_5336,Sports,4946.05
5337,Product_5337,Toys,1149.66
5338,Product_5338,Toys,4958.1
5339,Product_5339,Electronics,4484.13
5340,Product_5340,Electronics,3423.89
5341,Product_5341,Furniture,341.24
5342,Product_5342,Furniture,1884.79
5343,Product_5343,Clothing,4824.32
5344,Product_5344,Clothing,3298.49
5345,Product_5345,Clothing,1267.38
5346,Product_5346,Office Supplies,3325.98
5347,Product_5347,Sports,4126.78
5348,Product_5348,Furniture,3880.85
5349,Product_5349,Home & Kitchen,746.45
5350,Product_5350,Toys,4167.72
5351,Product_5351,Toys,3654.85
5352,Product_5352,Clothing,2138.0
5353,Product_5353,Toys,1735.25
5354,Product_5354,Sports,3884.47
5355,Product_5355,Home & Kitchen,3099.62
5356,Product_5356,Furniture,4707.14
5357,Product_5357,Toys,2451.24
5358,Product_5358,Sports,4906.29
5359,Product_5359,Clothing,1637.66
5360,Product_5360,Toys,2965.1
5361,Product_5361,Clothing,1705.03
5362,Product_5362,Furniture,1238.28
5363,Product_5363,Furniture,4543.18
5364,Product_5364,Office Supplies,4503.17
5365,Product_5365,Furniture,2469.87
5366,Product_5366,Furniture,771.93
5367,Product_5367,Electronics,909.56
5368,Product_5368,Home & Kitchen,392.85
5369,Product_5369,Sports,4562.09
5370,Product_5370,Electronics,4471.37
5371,Product_5371,Clothing,3088.1
5372,Product_5372,Sports,4586.21
5373,Product_5373,Office Supplies,2100.28
5374,Product_5374,Home & Kitchen,1861.48
5375,Product_5375,Office Supplies,2791.66
5376,Product_5376,Clothing,2716.29
5377,Product_5377,Electronics,1238.89
5378,Product_5378,Clothing,3669.92
5379,Product_5379,Office Supplies,4868.84
5380,Product_5380,Clothing,22.02
5381,Product_5381,Home & Kitchen,807.26
5382,Product_5382,Toys,4264.45
5383,Product_5383,Clothing,4643.44
5384,Product_5384,Toys,4565.94
5385,Product_5385,Clothing,646.11
5386,Product_5386,Furniture,4928.06
5387,Product_5387,Furniture,4920.33
5388,Product_5388,Toys,4913.63
5389,Product_5389,Home & Kitchen,379.19
5390,Product_5390,Toys,2820.56
5391,Product_5391,Beauty,3253.5
5392,Product_5392,Clothing,3282.2
5393,Product_5393,Toys,4350.96
5394,Product_5394,Sports,3672.79
5395,Product_5395,Clothing,2687.07
5396,Product_5396,Sports,2881.7
5397,Product_5397,Clothing,3916.67
5398,Product_5398,Beauty,1327.06
5399,Product_5399,Home & Kitchen,3694.87
5400,Product_5400,Toys,4726.53
5401,Product_5401,Furniture,1538.62
5402,Product_5402,Sports,2559.39
5403,Product_5403,Clothing,3546.86
5404,Product_5404,Clothing,1864.59
5405,Product_5405,Home & Kitchen,80.02
5406,Product_5406,Beauty,1829.37
5407,Product_5407,Office Supplies,4480.32
5408,Product_5408,Office Supplies,2671.09
5409,Product_5409,Toys,3037.09
5410,Product_5410,Electronics,1266.83
5411,Product_5411,Home & Kitchen,1299.36
5412,Product_5412,Electronics,4956.82
5413,Product_5413,Furniture,1957.94
5414,Product_5414,Office Supplies,3515.48
5415,Product_5415,Beauty,3927.97
5416,Product_5416,Office Supplies,2150.68
5417,Product_5417,Furniture,863.22
5418,Product_5418,Home & Kitchen,45.47
5419,Product_5419,Electronics,2472.82
5420,Product_5420,Sports,712.21
5421,Product_5421,Sports,2846.6
5422,Product_5422,Beauty,4875.69
5423,Product_5423,Office Supplies,4308.46
5424,Product_5424,Sports,3378.88
5425,Product_5425,Beauty,1479.99
5426,Product_5426,Electronics,4211.09
5427,Product_5427,Office Supplies,3651.12
5428,Product_5428,Clothing,1298.71
5429,Product_5429,Home & Kitchen,481.99
5430,Product_5430,Office Supplies,845.03
5431,Product_5431,Electronics,3826.58
5432,Product_5432,Clothing,3968.41
5433,Product_5433,Electronics,537.34
5434,Product_5434,Office Supplies,1216.28
5435,Product_5435,Toys,2177.0
5436,Product_5436,Electronics,300.79
5437,Product_5437,Furniture,2811.47
5438,Product_5438,Clothing,2656.56
5439,Product_5439,Clothing,4780.06
5440,Product_5440,Sports,4297.5
5441,Product_5441,Home & Kitchen,1615.47
5442,Product_5442,Toys,3204.22
5443,Product_5443,Beauty,603.45
5444,Product_5444,Office Supplies,2299.35
5445,Product_5445,Beauty,2476.8
5446,Product_5446,Sports,1027.2
5447,Product_5447,Electronics,1921.59
5448,Product_5448,Furniture,1066.99
5449,Product_5449,Furniture,1064.31
5450,Product_5450,Beauty,3319.13
5451,Product_5451,Clothing,964.61
5452,Product_5452,Toys,3907.76
5453,Product_5453,Furniture,3303.36
5454,Product_5454,Home & Kitchen,2509.14
5455,Product_5455,Home & Kitchen,956.13
5456,Product_5456,Sports,3328.44
5457,Product_5457,Office Supplies,1650.11
5458,Product_5458,Furniture,3506.72
5459,Product_5459,Sports,2620.54
5460,Product_5460,Furniture,428.5
5461,Product_5461,Office Supplies,4615.4
5462,Product_5462,Toys,773.0
5463,Product_5463,Furniture,4135.72
5464,Product_5464,Electronics,394.19
5465,Product_5465,Clothing,4148.73
5466,Product_5466,Office Supplies,4150.16
5467,Product_5467,Home & Kitchen,4433.49
5468,Product_5468,Sports,1522.75
5469,Product_5469,Beauty,271.62
5470,Product_5470,Beauty,4444.9
5471,Product_5471,Furniture,2383.76
5472,Product_5472,Clothing,2625.16
5473,Product_5473,Toys,3638.84
5474,Product_5474,Home & Kitchen,4337.32
5475,Product_5475,Furniture,3598.17
5476,Product_5476,Home & Kitchen,279.62
5477,Product_5477,Home & Kitchen,1272.35
5478,Product_5478,Electronics,2583.92
5479,Product_5479,Home & Kitchen,1292.8
5480,Product_5480,Toys,565.06
5481,Product_5481,Home & Kitchen,2966.34
5482,Product_5482,Furniture,4404.82
5483,Product_5483,Office Supplies,2052.73
5484,Product_5484,Beauty,2294.86
5485,Product_5485,Office Supplies,1530.55
5486,Product_5486,Electronics,2948.39
5487,Product_5487,Office Supplies,4393.71
5488,Product_5488,Sports,4873.75
5489,Product_5489,Sports,1133.6
5490,Product_5490,Clothing,2463.71
5491,Product_5491,Office Supplies,2706.32
5492,Product_5492,Toys,443.4
5493,Product_5493,Beauty,2760.14
5494,Product_5494,Clothing,4246.17
5495,Product_5495,Furniture,3350.31
5496,Product_5496,Beauty,976.73
5497,Product_5497,Electronics,2438.76
5498,Product_5498,Office Supplies,2053.53
5499,Product_5499,Furniture,4178.92
5500,Product_5500,Electronics,766.4
5501,Product_5501,Sports,515.02
5502,Product_5502,Clothing,42.96
5503,Product_5503,Office Supplies,2991.62
5504,Product_5504,Beauty,1551.47
5505,Product_5505,Beauty,1849.01
5506,Product_5506,Beauty,3165.16
5507,Product_5507,Beauty,388.0
5508,Product_5508,Office Supplies,2143.24
5509,Product_5509,Furniture,4860.97
5510,Product_5510,Office Supplies,3000.04
5511,Product_5511,Sports,4814.22
5512,Product_5512,Electronics,4720.63
5513,Product_5513,Sports,273.09
5514,Product_5514,Furniture,162.61
5515,Product_5515,Furniture,4558.4
5516,Product_5516,Beauty,4267.1
5517,Product_5517,Toys,2795.58
5518,Product_5518,Beauty,4139.22
5519,Product_5519,Beauty,3281.93
5520,Product_5520,Beauty,4261.57
5521,Product_5521,Toys,391.68
5522,Product_5522,Electronics,1987.52
5523,Product_5523,Sports,197.13
5524,Product_5524,Furniture,2658.06
5525,Product_5525,Electronics,1125.71
5526,Product_5526,Toys,4009.9
5527,Product_5527,Toys,2774.64
5528,Product_5528,Home & Kitchen,4372.74
5529,Product_5529,Electronics,3854.35
5530,Product_5530,Electronics,2493.47
5531,Product_5531,Furniture,2305.27
5532,Product_5532,Clothing,4402.59
5533,Product_5533,Home & Kitchen,2855.6
5534,Product_5534,Toys,4876.41
5535,Product_5535,Beauty,3818.17
5536,Product_5536,Sports,3438.68
5537,Product_5537,Beauty,694.02
5538,Product_5538,Sports,2222.78
5539,Product_5539,Home & Kitchen,2180.7
5540,Product_5540,Sports,2033.64
5541,Product_5541,Sports,240.88
5542,Product_5542,Sports,25.68
5543,Product_5543,Electronics,1464.89
5544,Product_5544,Home & Kitchen,1425.01
5545,Product_5545,Clothing,242.18
5546,Product_5546,Sports,3237.78
5547,Product_5547,Home & Kitchen,2774.8
5548,Product_5548,Toys,3255.91
5549,Product_5549,Clothing,1449.52
5550,Product_5550,Electronics,496.79
5551,Product_5551,Toys,4483.0
5552,Product_5552,Office Supplies,274.46
5553,Product_5553,Toys,222.2
5554,Product_5554,Toys,3649.19
5555,Product_5555,Sports,686.09
5556,Product_5556,Furniture,391.95
5557,Product_5557,Beauty,4736.38
5558,Product_5558,Furniture,1705.58
5559,Product_5559,Office Supplies,1170.62
5560,Product_5560,Electronics,3402.37
5561,Product_5561,Electronics,1402.15
5562,Product_5562,Toys,3613.55
5563,Product_5563,Clothing,236.06
5564,Product_5564,Furniture,2653.87
5565,Product_5565,Beauty,2163.11
5566,Product_5566,Electronics,1521.6
5567,Product_5567,Clothing,3834.62
5568,Product_5568,Sports,2817.37
5569,Product_5569,Home & Kitchen,4705.16
5570,Product_5570,Furniture,3262.88
5571,Product_5571,Furniture,3784.79
5572,Product_5572,Toys,3469.43
5573,Product_5573,Beauty,1781.13
5574,Product_5574,Toys,2353.76
5575,Product_5575,Home & Kitchen,1799.39
5576,Product_5576,Clothing,4874.74
5577,Product_5577,Toys,884.03
5578,Product_5578,Beauty,1758.48
5579,Product_5579,Furniture,1607.25
5580,Product_5580,Clothing,437.21
5581,Product_5581,Beauty,2852.39
5582,Product_5582,Toys,1345.77
5583,Product_5583,Furniture,22.97
5584,Product_5584,Toys,4098.11
5585,Product_5585,Office Supplies,3622.08
5586,Product_5586,Clothing,2429.95
5587,Product_5587,Home & Kitchen,2860.21
5588,Product_5588,Clothing,2515.08
5589,Product_5589,Toys,3230.9
5590,Product_5590,Toys,2895.75
5591,Product_5591,Sports,2927.51
5592,Product_5592,Sports,2566.3
5593,Product_5593,Office Supplies,3261.68
5594,Product_5594,Sports,4681.8
5595,Product_5595,Office Supplies,2240.66
5596,Product_5596,Home & Kitchen,4746.51
5597,Product_5597,Beauty,3842.61
5598,Product_5598,Furniture,2924.7
5599,Product_5599,Clothing,3552.64
5600,Product_5600,Beauty,3601.3
5601,Product_5601,Toys,1579.75
5602,Product_5602,Furniture,2910.49
5603,Product_5603,Office Supplies,2657.3
5604,Product_5604,Clothing,911.8
5605,Product_5605,Electronics,662.2
5606,Product_5606,Home & Kitchen,1262.44
5607,Product_5607,Furniture,2261.55
5608,Product_5608,Sports,2777.35
5609,Product_5609,Home & Kitchen,932.91
5610,Product_5610,Furniture,3455.72
5611,Product_5611,Sports,4457.76
5612,Product_5612,Home & Kitchen,1741.96
5613,Product_5613,Clothing,2206.02
5614,Product_5614,Furniture,3106.34
5615,Product_5615,Clothing,1291.37
5616,Product_5616,Beauty,3024.16
5617,Product_5617,Furniture,3862.84
5618,Product_5618,Furniture,4825.48
5619,Product_5619,Office Supplies,2340.03
5620,Product_5620,Office Supplies,2161.92
5621,Product_5621,Clothing,2884.34
5622,Product_5622,Sports,3290.16
5623,Product_5623,Home & Kitchen,3561.23
5624,Product_5624,Electronics,198.52
5625,Product_5625,Electronics,204.7
5626,Product_5626,Home & Kitchen,4665.12
5627,Product_5627,Electronics,1802.05
5628,Product_5628,Toys,1375.29
5629,Product_5629,Electronics,3094.15
5630,Product_5630,Electronics,3820.21
5631,Product_5631,Toys,112.87
5632,Product_5632,Electronics,4716.36
5633,Product_5633,Office Supplies,663.52
5634,Product_5634,Electronics,4660.12
5635,Product_5635,Sports,823.15
5636,Product_5636,Sports,4548.8
5637,Product_5637,Toys,1961.11
5638,Product_5638,Electronics,3383.28
5639,Product_5639,Sports,527.78
5640,Product_5640,Toys,4011.06
5641,Product_5641,Toys,3164.77
5642,Product_5642,Beauty,4172.88
5643,Product_5643,Toys,106.14
5644,Product_5644,Home & Kitchen,4809.68
5645,Product_5645,Beauty,1208.44
5646,Product_5646,Furniture,4367.23
5647,Product_5647,Home & Kitchen,4319.05
5648,Product_5648,Toys,2466.9
5649,Product_5649,Clothing,3727.47
5650,Product_5650,Toys,4661.71
5651,Product_5651,Office Supplies,4535.84
5652,Product_5652,Toys,3575.02
5653,Product_5653,Furniture,4382.93
5654,Product_5654,Home & Kitchen,1983.66
5655,Product_5655,Office Supplies,1849.15
5656,Product_5656,Office Supplies,4996.83
5657,Product_5657,Electronics,2443.74
5658,Product_5658,Clothing,3231.46
5659,Product_5659,Furniture,2968.43
5660,Product_5660,Home & Kitchen,1833.0
5661,Product_5661,Toys,2374.33
5662,Product_5662,Sports,2607.53
5663,Product_5663,Furniture,2471.7
5664,Product_5664,Electronics,972.23
5665,Product_5665,Office Supplies,3205.35
5666,Product_5666,Clothing,3832.79
5667,Product_5667,Furniture,4721.76
5668,Product_5668,Sports,3602.73
5669,Product_5669,Clothing,2520.46
5670,Product_5670,Toys,3888.72
5671,Product_5671,Toys,1610.37
5672,Product_5672,Beauty,3364.15
5673,Product_5673,Beauty,1518.07
5674,Product_5674,Toys,4584.82
5675,Product_5675,Sports,1943.14
5676,Product_5676,Beauty,3936.19
5677,Product_5677,Clothing,1718.49
5678,Product_5678,Home & Kitchen,3937.72
5679,Product_5679,Home & Kitchen,3927.43
5680,Product_5680,Office Supplies,3442.47
5681,Product_5681,Toys,1994.26
5682,Product_5682,Sports,3189.06
5683,Product_5683,Toys,1399.31
5684,Product_5684,Clothing,4835.11
5685,Product_5685,Clothing,3802.61
5686,Product_5686,Home & Kitchen,4171.51
5687,Product_5687,Electronics,1672.54
5688,Product_5688,Electronics,1842.06
5689,Product_5689,Electronics,2259.86
5690,Product_5690,Furniture,4849.74
5691,Product_5691,Sports,1416.87
5692,Product_5692,Home & Kitchen,3564.55
5693,Product_5693,Clothing,2304.18
5694,Product_5694,Toys,4826.5
5695,Product_5695,Toys,1174.01
5696,Product_5696,Electronics,4955.63
5697,Product_5697,Sports,3249.15
5698,Product_5698,Office Supplies,1582.34
5699,Product_5699,Sports,1000.39
5700,Product_5700,Home & Kitchen,3617.45
5701,Product_5701,Electronics,1426.71
5702,Product_5702,Clothing,1473.52
5703,Product_5703,Electronics,4894.87
5704,Product_5704,Electronics,2843.4
5705,Product_5705,Home & Kitchen,504.15
5706,Product_5706,Toys,1460.59
5707,Product_5707,Sports,3983.23
5708,Product_5708,Office Supplies,3787.94
5709,Product_5709,Clothing,2120.93
5710,Product_5710,Furniture,23.91
5711,Product_5711,Home & Kitchen,1405.75
5712,Product_5712,Clothing,773.84
5713,Product_5713,Clothing,3908.02
5714,Product_5714,Toys,2559.25
5715,Product_5715,Clothing,3573.38
5716,Product_5716,Electronics,1505.32
5717,Product_5717,Home & Kitchen,1394.6
5718,Product_5718,Clothing,324.96
5719,Product_5719,Home & Kitchen,4252.66
5720,Product_5720,Furniture,4667.05
5721,Product_5721,Home & Kitchen,4998.66
5722,Product_5722,Office Supplies,2140.79
5723,Product_5723,Office Supplies,2804.45
5724,Product_5724,Beauty,155.52
5725,Product_5725,Office Supplies,3528.1
5726,Product_5726,Beauty,417.99
5727,Product_5727,Beauty,3247.33
5728,Product_5728,Sports,369.4
5729,Product_5729,Electronics,3918.13
5730,Product_5730,Toys,1936.42
5731,Product_5731,Electronics,4665.46
5732,Product_5732,Beauty,147.09
5733,Product_5733,Toys,1882.85
5734,Product_5734,Home & Kitchen,1172.74
5735,Product_5735,Electronics,2025.19
5736,Product_5736,Office Supplies,4244.02
5737,Product_5737,Electronics,2599.91
5738,Product_5738,Clothing,1588.22
5739,Product_5739,Office Supplies,4509.23
5740,Product_5740,Home & Kitchen,4420.6
5741,Product_5741,Home & Kitchen,771.25
5742,Product_5742,Furniture,3529.75
5743,Product_5743,Furniture,1249.03
5744,Product_5744,Clothing,1034.46
5745,Product_5745,Office Supplies,1688.68
5746,Product_5746,Beauty,2964.79
5747,Product_5747,Furniture,1585.52
5748,Product_5748,Office Supplies,2600.17
5749,Product_5749,Beauty,1460.68
5750,Product_5750,Office Supplies,3059.38
5751,Product_5751,Office Supplies,3909.45
5752,Product_5752,Beauty,3731.22
5753,Product_5753,Home & Kitchen,3098.96
5754,Product_5754,Beauty,2118.72
5755,Product_5755,Sports,2548.17
5756,Product_5756,Electronics,2755.66
5757,Product_5757,Home & Kitchen,3828.66
5758,Product_5758,Sports,4977.48
5759,Product_5759,Sports,395.03
5760,Product_5760,Furniture,2984.26
5761,Product_5761,Toys,3507.31
5762,Product_5762,Clothing,2104.58
5763,Product_5763,Sports,2202.83
5764,Product_5764,Clothing,1366.24
5765,Product_5765,Home & Kitchen,1941.5
5766,Product_5766,Clothing,131.33
5767,Product_5767,Office Supplies,3783.01
5768,Product_5768,Furniture,1132.59
5769,Product_5769,Home & Kitchen,1659.52
5770,Product_5770,Beauty,3771.15
5771,Product_5771,Furniture,1003.95
5772,Product_5772,Toys,2798.43
5773,Product_5773,Clothing,2305.6
5774,Product_5774,Sports,1157.89
5775,Product_5775,Toys,3556.17
5776,Product_5776,Electronics,1005.7
5777,Product_5777,Beauty,1945.07
5778,Product_5778,Electronics,730.85
5779,Product_5779,Sports,2892.48
5780,Product_5780,Sports,4983.18
5781,Product_5781,Home & Kitchen,3464.55
5782,Product_5782,Electronics,1275.76
5783,Product_5783,Office Supplies,373.81
5784,Product_5784,Furniture,4380.24
5785,Product_5785,Office Supplies,1233.8
5786,Product_5786,Toys,1757.63
5787,Product_5787,Home & Kitchen,1904.44
5788,Product_5788,Office Supplies,3693.04
5789,Product_5789,Beauty,4310.3
5790,Product_5790,Sports,2696.8
5791,Product_5791,Toys,2666.63
5792,Product_5792,Sports,561.46
5793,Product_5793,Electronics,4675.84
5794,Product_5794,Toys,2226.54
5795,Product_5795,Beauty,971.84
5796,Product_5796,Beauty,4229.88
5797,Product_5797,Beauty,1371.44
5798,Product_5798,Beauty,4209.95
5799,Product_5799,Electronics,1307.22
5800,Product_5800,Electronics,4534.55
5801,Product_5801,Sports,3547.46
5802,Product_5802,Toys,1723.04
5803,Product_5803,Sports,2201.61
5804,Product_5804,Office Supplies,4546.68
5805,Product_5805,Sports,4615.37
5806,Product_5806,Electronics,4413.59
5807,Product_5807,Sports,4107.55
5808,Product_5808,Furniture,3585.55
5809,Product_5809,Beauty,4804.41
5810,Product_5810,Office Supplies,975.99
5811,Product_5811,Office Supplies,228.64
5812,Product_5812,Office Supplies,3129.55
5813,Product_5813,Toys,3491.02
5814,Product_5814,Electronics,2426.65
5815,Product_5815,Electronics,3054.05
5816,Product_5816,Electronics,4124.79
5817,Product_5817,Electronics,601.33
5818,Product_5818,Beauty,2990.04
5819,Product_5819,Office Supplies,418.03
5820,Product_5820,Electronics,2746.59
5821,Product_5821,Sports,188.9
5822,Product_5822,Beauty,2188.43
5823,Product_5823,Beauty,3644.08
5824,Product_5824,Sports,4647.54
5825,Product_5825,Beauty,2050.59
5826,Product_5826,Clothing,2450.66
5827,Product_5827,Furniture,340.39
5828,Product_5828,Sports,2181.4
5829,Product_5829,Beauty,1939.18
5830,Product_5830,Furniture,3978.09
5831,Product_5831,Beauty,2226.97
5832,Product_5832,Electronics,3862.18
5833,Product_5833,Toys,3900.01
5834,Product_5834,Beauty,3138.27
5835,Product_5835,Clothing,1664.02
5836,Product_5836,Beauty,451.88
5837,Product_5837,Home & Kitchen,1259.06
5838,Product_5838,Clothing,20.64
5839,Product_5839,Furniture,4063.92
5840,Product_5840,Office Supplies,2853.11
5841,Product_5841,Office Supplies,343.94
5842,Product_5842,Clothing,1181.97
5843,Product_5843,Beauty,4907.3
5844,Product_5844,Electronics,3828.72
5845,Product_5845,Toys,4414.73
5846,Product_5846,Beauty,3705.5
5847,Product_5847,Electronics,370.39
5848,Product_5848,Clothing,1978.41
5849,Product_5849,Office Supplies,458.76
5850,Product_5850,Clothing,2373.83
5851,Product_5851,Electronics,1160.78
5852,Product_5852,Furniture,3199.1
5853,Product_5853,Toys,3447.27
5854,Product_5854,Beauty,2312.8
5855,Product_5855,Beauty,3043.71
5856,Product_5856,Furniture,1511.55
5857,Product_5857,Toys,2338.36
5858,Product_5858,Office Supplies,4554.39
5859,Product_5859,Clothing,1968.09
5860,Product_5860,Sports,3338.09
5861,Product_5861,Electronics,2420.18
5862,Product_5862,Sports,2638.44
5863,Product_5863,Sports,1349.67
5864,Product_5864,Clothing,1042.67
5865,Product_5865,Furniture,4738.44
5866,Product_5866,Clothing,4454.36
5867,Product_5867,Toys,3889.84
5868,Product_5868,Clothing,2969.11
5869,Product_5869,Toys,326.43
5870,Product_5870,Electronics,998.27
5871,Product_5871,Toys,4609.29
5872,Product_5872,Clothing,3438.06
5873,Product_5873,Furniture,1549.83
5874,Product_5874,Home & Kitchen,2599.41
5875,Product_5875,Sports,1255.54
5876,Product_5876,Home & Kitchen,1642.43
5877,Product_5877,Furniture,592.83
5878,Product_5878,Toys,2058.02
5879,Product_5879,Home & Kitchen,1995.84
5880,Product_5880,Sports,59.18
5881,Product_5881,Furniture,3781.55
5882,Product_5882,Office Supplies,4276.62
5883,Product_5883,Home & Kitchen,3883.99
5884,Product_5884,Beauty,3805.86
5885,Product_5885,Electronics,847.81
5886,Product_5886,Beauty,1397.18
5887,Product_5887,Sports,1025.11
5888,Product_5888,Office Supplies,966.59
5889,Product_5889,Furniture,3311.61
5890,Product_5890,Home & Kitchen,4330.66
5891,Product_5891,Toys,2329.14
5892,Product_5892,Furniture,1552.65
5893,Product_5893,Furniture,3376.76
5894,Product_5894,Home & Kitchen,3602.19
5895,Product_5895,Sports,4503.13
5896,Product_5896,Sports,4721.97
5897,Product_5897,Electronics,3690.07
5898,Product_5898,Electronics,1365.92
5899,Product_5899,Sports,2700.76
5900,Product_5900,Home & Kitchen,3324.5
5901,Product_5901,Sports,795.48
5902,Product_5902,Beauty,3483.78
5903,Product_5903,Furniture,1046.29
5904,Product_5904,Toys,2427.42
5905,Product_5905,Furniture,4476.61
5906,Product_5906,Electronics,948.16
5907,Product_5907,Sports,846.95
5908,Product_5908,Furniture,3689.45
5909,Product_5909,Clothing,2648.71
5910,Product_5910,Beauty,2268.46
5911,Product_5911,Office Supplies,3676.31
5912,Product_5912,Office Supplies,1576.2
5913,Product_5913,Home & Kitchen,372.95
5914,Product_5914,Home & Kitchen,4460.4
5915,Product_5915,Sports,2737.74
5916,Product_5916,Electronics,904.97
5917,Product_5917,Office Supplies,3019.96
5918,Product_5918,Electronics,2405.92
5919,Product_5919,Home & Kitchen,3123.04
5920,Product_5920,Sports,1000.56
5921,Product_5921,Home & Kitchen,1503.29
5922,Product_5922,Beauty,2768.56
5923,Product_5923,Home & Kitchen,3790.63
5924,Product_5924,Clothing,4895.23
5925,Product_5925,Home & Kitchen,1385.22
5926,Product_5926,Office Supplies,3426.39
5927,Product_5927,Home & Kitchen,3036.97
5928,Product_5928,Beauty,3682.51
5929,Product_5929,Sports,2342.88
5930,Product_5930,Beauty,3693.81
5931,Product_5931,Electronics,3103.73
5932,Product_5932,Sports,3644.24
5933,Product_5933,Furniture,2864.21
5934,Product_5934,Sports,2391.97
5935,Product_5935,Clothing,3826.9
5936,Product_5936,Clothing,1298.91
5937,Product_5937,Home & Kitchen,606.04
5938,Product_5938,Toys,3194.98
5939,Product_5939,Home & Kitchen,856.59
5940,Product_5940,Electronics,406.5
5941,Product_5941,Electronics,129.27
5942,Product_5942,Furniture,2291.74
5943,Product_5943,Clothing,2349.53
5944,Product_5944,Home & Kitchen,1321.4
5945,Product_5945,Beauty,1153.95
5946,Product_5946,Furniture,4152.07
5947,Product_5947,Clothing,1803.66
5948,Product_5948,Home & Kitchen,3257.57
5949,Product_5949,Toys,2086.42
5950,Product_5950,Beauty,17.62
5951,Product_5951,Home & Kitchen,2983.44
5952,Product_5952,Beauty,205.3
5953,Product_5953,Office Supplies,2015.87
5954,Product_5954,Electronics,4278.78
5955,Product_5955,Home & Kitchen,2589.8
5956,Product_5956,Office Supplies,3969.7
5957,Product_5957,Home & Kitchen,870.46
5958,Product_5958,Home & Kitchen,3982.3
5959,Product_5959,Furniture,295.19
5960,Product_5960,Beauty,1729.19
5961,Product_5961,Toys,4018.6
5962,Product_5962,Sports,2093.17
5963,Product_5963,Clothing,1896.11
5964,Product_5964,Beauty,4313.58
5965,Product_5965,Sports,1086.53
5966,Product_5966,Furniture,3435.42
5967,Product_5967,Home & Kitchen,2052.93
5968,Product_5968,Sports,4435.64
5969,Product_5969,Sports,1105.55
5970,Product_5970,Home & Kitchen,2822.42
5971,Product_5971,Toys,36.65
5972,Product_5972,Beauty,836.68
5973,Product_5973,Beauty,3209.14
5974,Product_5974,Furniture,4819.13
5975,Product_5975,Clothing,3206.2
5976,Product_5976,Home & Kitchen,1739.54
5977,Product_5977,Sports,2541.86
5978,Product_5978,Toys,1316.96
5979,Product_5979,Office Supplies,1693.67
5980,Product_5980,Sports,826.06
5981,Product_5981,Home & Kitchen,2045.09
5982,Product_5982,Office Supplies,170.5
5983,Product_5983,Toys,1505.19
5984,Product_5984,Clothing,3917.49
5985,Product_5985,Electronics,1351.64
5986,Product_5986,Office Supplies,2065.31
5987,Product_5987,Sports,1116.98
5988,Product_5988,Toys,806.89
5989,Product_5989,Furniture,1615.57
5990,Product_5990,Beauty,4736.17
5991,Product_5991,Office Supplies,4341.28
5992,Product_5992,Clothing,4032.21
5993,Product_5993,Toys,4974.35
5994,Product_5994,Home & Kitchen,3743.44
5995,Product_5995,Clothing,1732.09
5996,Product_5996,Home & Kitchen,4995.49
5997,Product_5997,Furniture,2809.58
5998,Product_5998,Home & Kitchen,2666.94
5999,Product_5999,Clothing,1106.72
6000,Product_6000,Home & Kitchen,4806.25
6001,Product_6001,Sports,3578.11
6002,Product_6002,Toys,1752.59
6003,Product_6003,Sports,3207.35
6004,Product_6004,Clothing,1266.74
6005,Product_6005,Electronics,2327.35
6006,Product_6006,Beauty,4996.93
6007,Product_6007,Home & Kitchen,4191.62
6008,Product_6008,Furniture,1199.76
6009,Product_6009,Furniture,2357.02
6010,Product_6010,Electronics,4113.62
6011,Product_6011,Beauty,421.16
6012,Product_6012,Beauty,3713.46
6013,Product_6013,Clothing,209.03
6014,Product_6014,Clothing,2226.56
6015,Product_6015,Sports,2583.21
6016,Product_6016,Clothing,589.58
6017,Product_6017,Office Supplies,759.41
6018,Product_6018,Home & Kitchen,562.1
6019,Product_6019,Home & Kitchen,2748.17
6020,Product_6020,Toys,2373.08
6021,Product_6021,Furniture,2025.46
6022,Product_6022,Clothing,2101.46
6023,Product_6023,Beauty,2947.45
6024,Product_6024,Sports,1908.47
6025,Product_6025,Office Supplies,4392.15
6026,Product_6026,Home & Kitchen,995.28
6027,Product_6027,Clothing,2410.56
6028,Product_6028,Furniture,4609.93
6029,Product_6029,Sports,1470.41
6030,Product_6030,Furniture,3754.53
6031,Product_6031,Office Supplies,3870.67
6032,Product_6032,Clothing,1630.89
6033,Product_6033,Office Supplies,4294.17
6034,Product_6034,Sports,3811.07
6035,Product_6035,Toys,4536.01
6036,Product_6036,Electronics,4785.66
6037,Product_6037,Furniture,272.42
6038,Product_6038,Furniture,3255.16
6039,Product_6039,Sports,2292.72
6040,Product_6040,Office Supplies,4857.17
6041,Product_6041,Furniture,135.16
6042,Product_6042,Beauty,2491.28
6043,Product_6043,Clothing,161.68
6044,Product_6044,Clothing,169.49
6045,Product_6045,Beauty,3108.64
6046,Product_6046,Office Supplies,4766.55
6047,Product_6047,Office Supplies,2733.26
6048,Product_6048,Clothing,2057.79
6049,Product_6049,Home & Kitchen,1288.53
6050,Product_6050,Electronics,2194.72
6051,Product_6051,Furniture,329.5
6052,Product_6052,Furniture,2675.52
6053,Product_6053,Clothing,169.73
6054,Product_6054,Toys,2204.17
6055,Product_6055,Furniture,801.19
6056,Product_6056,Furniture,2475.72
6057,Product_6057,Home & Kitchen,1193.05
6058,Product_6058,Furniture,4726.91
6059,Product_6059,Clothing,4094.19
6060,Product_6060,Office Supplies,2611.9
6061,Product_6061,Home & Kitchen,733.03
6062,Product_6062,Sports,3658.28
6063,Product_6063,Electronics,2589.08
6064,Product_6064,Electronics,2903.44
6065,Product_6065,Office Supplies,87.35
6066,Product_6066,Toys,3754.17
6067,Product_6067,Electronics,4543.12
6068,Product_6068,Office Supplies,1192.39
6069,Product_6069,Clothing,3751.57
6070,Product_6070,Office Supplies,71.64
6071,Product_6071,Furniture,171.56
6072,Product_6072,Electronics,305.85
6073,Product_6073,Home & Kitchen,3351.6
6074,Product_6074,Clothing,310.29
6075,Product_6075,Beauty,105.58
6076,Product_6076,Beauty,3690.37
6077,Product_6077,Toys,1334.72
6078,Product_6078,Electronics,3232.4
6079,Product_6079,Toys,809.75
6080,Product_6080,Office Supplies,2100.28
6081,Product_6081,Beauty,3593.27
6082,Product_6082,Clothing,3329.52
6083,Product_6083,Furniture,2483.44
6084,Product_6084,Sports,15.54
6085,Product_6085,Sports,1665.99
6086,Product_6086,Beauty,3745.94
6087,Product_6087,Office Supplies,457.4
6088,Product_6088,Office Supplies,3422.17
6089,Product_6089,Furniture,3497.71
6090,Product_6090,Office Supplies,4155.51
6091,Product_6091,Home & Kitchen,255.07
6092,Product_6092,Sports,3939.76
6093,Product_6093,Home & Kitchen,1312.54
6094,Product_6094,Furniture,68.84
6095,Product_6095,Electronics,3766.51
6096,Product_6096,Office Supplies,875.4
6097,Product_6097,Home & Kitchen,669.27
6098,Product_6098,Office Supplies,2106.22
6099,Product_6099,Sports,129.42
6100,Product_6100,Furniture,2586.66
6101,Product_6101,Furniture,4556.55
6102,Product_6102,Beauty,433.1
6103,Product_6103,Office Supplies,2266.48
6104,Product_6104,Toys,1269.61
6105,Product_6105,Home & Kitchen,4807.76
6106,Product_6106,Beauty,2073.74
6107,Product_6107,Electronics,822.75
6108,Product_6108,Sports,1899.97
6109,Product_6109,Home & Kitchen,891.78
6110,Product_6110,Clothing,1625.05
6111,Product_6111,Electronics,4783.23
6112,Product_6112,Home & Kitchen,2038.26
6113,Product_6113,Electronics,3330.17
6114,Product_6114,Electronics,2907.1
6115,Product_6115,Furniture,3490.32
6116,Product_6116,Electronics,2845.54
6117,Product_6117,Beauty,4870.94
6118,Product_6118,Toys,2732.42
6119,Product_6119,Sports,2107.15
6120,Product_6120,Electronics,1727.67
6121,Product_6121,Toys,2618.51
6122,Product_6122,Beauty,4321.5
6123,Product_6123,Clothing,3919.21
6124,Product_6124,Home & Kitchen,4107.65
6125,Product_6125,Clothing,2710.65
6126,Product_6126,Furniture,206.71
6127,Product_6127,Beauty,1534.51
6128,Product_6128,Furniture,4273.9
6129,Product_6129,Beauty,3966.63
6130,Product_6130,Office Supplies,4067.14
6131,Product_6131,Furniture,4939.14
6132,Product_6132,Sports,2376.53
6133,Product_6133,Sports,662.73
6134,Product_6134,Office Supplies,2606.45
6135,Product_6135,Furniture,2903.25
6136,Product_6136,Toys,4603.04
6137,Product_6137,Toys,435.38
6138,Product_6138,Clothing,2533.07
6139,Product_6139,Beauty,2246.31
6140,Product_6140,Home & Kitchen,4978.53
6141,Product_6141,Clothing,3238.01
6142,Product_6142,Electronics,4704.9
6143,Product_6143,Beauty,2399.41
6144,Product_6144,Electronics,4990.92
6145,Product_6145,Office Supplies,4325.99
6146,Product_6146,Furniture,3359.65
6147,Product_6147,Clothing,2192.36
6148,Product_6148,Beauty,2164.28
6149,Product_6149,Clothing,1001.95
6150,Product_6150,Home & Kitchen,3837.51
6151,Product_6151,Toys,2151.56
6152,Product_6152,Clothing,3924.23
6153,Product_6153,Toys,1808.31
6154,Product_6154,Beauty,1493.25
6155,Product_6155,Sports,4577.5
6156,Product_6156,Furniture,2257.25
6157,Product_6157,Toys,21.35
6158,Product_6158,Clothing,1548.19
6159,Product_6159,Office Supplies,3549.68
6160,Product_6160,Electronics,1270.36
6161,Product_6161,Office Supplies,1254.62
6162,Product_6162,Clothing,4121.88
6163,Product_6163,Toys,1396.22
6164,Product_6164,Office Supplies,3968.83
6165,Product_6165,Office Supplies,1430.8
6166,Product_6166,Toys,4592.35
6167,Product_6167,Clothing,2671.02
6168,Product_6168,Clothing,23.13
6169,Product_6169,Beauty,782.44
6170,Product_6170,Office Supplies,3602.1
6171,Product_6171,Beauty,3158.43
6172,Product_6172,Office Supplies,1637.72
6173,Product_6173,Sports,1280.43
6174,Product_6174,Electronics,251.13
6175,Product_6175,Toys,3584.5
6176,Product_6176,Furniture,2024.57
6177,Product_6177,Toys,2899.67
6178,Product_6178,Toys,355.93
6179,Product_6179,Electronics,4925.3
6180,Product_6180,Beauty,3547.59
6181,Product_6181,Toys,2566.57
6182,Product_6182,Clothing,2257.19
6183,Product_6183,Furniture,1135.41
6184,Product_6184,Beauty,3305.27
6185,Product_6185,Electronics,694.69
6186,Product_6186,Clothing,2662.18
6187,Product_6187,Beauty,2170.48
6188,Product_6188,Clothing,3655.71
6189,Product_6189,Office Supplies,4432.5
6190,Product_6190,Clothing,1363.06
6191,Product_6191,Beauty,1601.21
6192,Product_6192,Furniture,1464.38
6193,Product_6193,Toys,4930.42
6194,Product_6194,Clothing,3349.1
6195,Product_6195,Toys,848.8
6196,Product_6196,Office Supplies,4789.08
6197,Product_6197,Electronics,310.32
6198,Product_6198,Clothing,4268.3
6199,Product_6199,Furniture,4891.39
6200,Product_6200,Office Supplies,519.84
6201,Product_6201,Toys,621.32
6202,Product_6202,Furniture,554.52
6203,Product_6203,Furniture,3424.14
6204,Product_6204,Clothing,2375.15
6205,Product_6205,Clothing,4413.64
6206,Product_6206,Toys,3270.36
6207,Product_6207,Electronics,3948.67
6208,Product_6208,Office Supplies,2314.56
6209,Product_6209,Furniture,4783.4
6210,Product_6210,Office Supplies,415.03
6211,Product_6211,Home & Kitchen,2147.0
6212,Product_6212,Toys,1574.65
6213,Product_6213,Sports,2899.97
6214,Product_6214,Furniture,845.53
6215,Product_6215,Toys,3929.72
6216,Product_6216,Furniture,2193.15
6217,Product_6217,Toys,1907.54
6218,Product_6218,Sports,2985.01
6219,Product_6219,Home & Kitchen,944.78
6220,Product_6220,Electronics,1642.36
6221,Product_6221,Electronics,3606.99
6222,Product_6222,Toys,3870.79
6223,Product_6223,Toys,1487.31
6224,Product_6224,Beauty,4722.36
6225,Product_6225,Home & Kitchen,4097.14
6226,Product_6226,Furniture,4374.06
6227,Product_6227,Beauty,4422.03
6228,Product_6228,Electronics,280.35
6229,Product_6229,Office Supplies,3790.5
6230,Product_6230,Home & Kitchen,2153.41
6231,Product_6231,Beauty,3723.34
6232,Product_6232,Clothing,2990.1
6233,Product_6233,Sports,738.12
6234,Product_6234,Furniture,2283.27
6235,Product_6235,Electronics,65.45
6236,Product_6236,Office Supplies,2599.39
6237,Product_6237,Sports,806.51
6238,Product_6238,Toys,356.57
6239,Product_6239,Home & Kitchen,248.91
6240,Product_6240,Clothing,1026.24
6241,Product_6241,Electronics,1054.29
6242,Product_6242,Office Supplies,699.22
6243,Product_6243,Clothing,1444.31
6244,Product_6244,Office Supplies,1737.48
6245,Product_6245,Electronics,3993.82
6246,Product_6246,Electronics,1533.02
6247,Product_6247,Home & Kitchen,3779.1
6248,Product_6248,Sports,1416.58
6249,Product_6249,Sports,1419.46
6250,Product_6250,Electronics,3155.4
6251,Product_6251,Home & Kitchen,2891.69
6252,Product_6252,Electronics,4309.04
6253,Product_6253,Clothing,2964.95
6254,Product_6254,Sports,961.66
6255,Product_6255,Toys,4111.55
6256,Product_6256,Beauty,4260.8
6257,Product_6257,Toys,2890.92
6258,Product_6258,Electronics,461.79
6259,Product_6259,Clothing,3922.07
6260,Product_6260,Home & Kitchen,2503.58
6261,Product_6261,Clothing,1275.08
6262,Product_6262,Beauty,4695.36
6263,Product_6263,Clothing,4441.45
6264,Product_6264,Toys,1546.44
6265,Product_6265,Sports,3577.75
6266,Product_6266,Sports,1661.95
6267,Product_6267,Sports,4510.06
6268,Product_6268,Home & Kitchen,1639.16
6269,Product_6269,Furniture,2660.55
6270,Product_6270,Beauty,3184.86
6271,Product_6271,Electronics,3273.87
6272,Product_6272,Sports,3778.98
6273,Product_6273,Sports,1860.27
6274,Product_6274,Office Supplies,1172.19
6275,Product_6275,Furniture,896.73
6276,Product_6276,Toys,2113.12
6277,Product_6277,Clothing,3047.42
6278,Product_6278,Toys,1722.67
6279,Product_6279,Furniture,1871.66
6280,Product_6280,Sports,744.74
6281,Product_6281,Clothing,1081.07
6282,Product_6282,Electronics,4183.62
6283,Product_6283,Furniture,4452.57
6284,Product_6284,Beauty,2180.97
6285,Product_6285,Home & Kitchen,3349.81
6286,Product_6286,Home & Kitchen,2962.88
6287,Product_6287,Electronics,868.84
6288,Product_6288,Beauty,4978.92
6289,Product_6289,Office Supplies,427.26
6290,Product_6290,Toys,260.71
6291,Product_6291,Office Supplies,3084.8
6292,Product_6292,Home & Kitchen,2160.13
6293,Product_6293,Furniture,4221.18
6294,Product_6294,Electronics,205.46
6295,Product_6295,Home & Kitchen,2718.88
6296,Product_6296,Office Supplies,3140.24
6297,Product_6297,Home & Kitchen,684.51
6298,Product_6298,Toys,971.47
6299,Product_6299,Furniture,1437.78
6300,Product_6300,Furniture,4204.26
6301,Product_6301,Electronics,226.1
6302,Product_6302,Clothing,438.1
6303,Product_6303,Electronics,1665.77
6304,Product_6304,Electronics,3674.02
6305,Product_6305,Office Supplies,4915.53
6306,Product_6306,Toys,3568.07
6307,Product_6307,Sports,4785.88
6308,Product_6308,Sports,2901.73
6309,Product_6309,Sports,4304.85
6310,Product_6310,Furniture,3765.56
6311,Product_6311,Home & Kitchen,2619.96
6312,Product_6312,Electronics,1443.99
6313,Product_6313,Furniture,2379.09
6314,Product_6314,Beauty,1152.64
6315,Product_6315,Furniture,157.02
6316,Product_6316,Furniture,3821.59
6317,Product_6317,Beauty,856.84
6318,Product_6318,Furniture,4107.18
6319,Product_6319,Home & Kitchen,599.52
6320,Product_6320,Electronics,2555.17
6321,Product_6321,Sports,3087.3
6322,Product_6322,Sports,608.99
6323,Product_6323,Home & Kitchen,365.57
6324,Product_6324,Beauty,1851.43
6325,Product_6325,Home & Kitchen,3173.05
6326,Product_6326,Beauty,3319.47
6327,Product_6327,Home & Kitchen,2200.77
6328,Product_6328,Home & Kitchen,3451.49
6329,Product_6329,Office Supplies,267.05
6330,Product_6330,Office Supplies,4705.99
6331,Product_6331,Furniture,1977.24
6332,Product_6332,Clothing,1075.84
6333,Product_6333,Furniture,2796.25
6334,Product_6334,Clothing,2124.86
6335,Product_6335,Beauty,3256.34
6336,Product_6336,Furniture,266.51
6337,Product_6337,Office Supplies,971.13
6338,Product_6338,Clothing,2112.25
6339,Product_6339,Furniture,4464.0
6340,Product_6340,Furniture,3826.66
6341,Product_6341,Furniture,3405.44
6342,Product_6342,Furniture,3719.09
6343,Product_6343,Clothing,1163.19
6344,Product_6344,Toys,3836.16
6345,Product_6345,Toys,3328.26
6346,Product_6346,Sports,1087.58
6347,Product_6347,Home & Kitchen,50.67
6348,Product_6348,Beauty,4588.07
6349,Product_6349,Office Supplies,3453.99
6350,Product_6350,Office Supplies,2083.84
6351,Product_6351,Sports,781.87
6352,Product_6352,Beauty,4803.24
6353,Product_6353,Sports,4797.02
6354,Product_6354,Clothing,795.75
6355,Product_6355,Toys,4692.98
6356,Product_6356,Clothing,3507.42
6357,Product_6357,Toys,3476.84
6358,Product_6358,Home & Kitchen,3590.78
6359,Product_6359,Clothing,251.47
6360,Product_6360,Home & Kitchen,752.3
6361,Product_6361,Clothing,2469.25
6362,Product_6362,Toys,3405.5
6363,Product_6363,Office Supplies,2359.66
6364,Product_6364,Beauty,4544.83
6365,Product_6365,Office Supplies,3601.7
6366,Product_6366,Clothing,3430.73
6367,Product_6367,Toys,1533.4
6368,Product_6368,Clothing,1098.61
6369,Product_6369,Furniture,986.56
6370,Product_6370,Clothing,4622.82
6371,Product_6371,Office Supplies,483.16
6372,Product_6372,Toys,4671.5
6373,Product_6373,Toys,3111.59
6374,Product_6374,Beauty,4101.26
6375,Product_6375,Beauty,2437.71
6376,Product_6376,Clothing,1789.38
6377,Product_6377,Home & Kitchen,3636.89
6378,Product_6378,Office Supplies,418.09
6379,Product_6379,Clothing,3304.59
6380,Product_6380,Sports,2670.15
6381,Product_6381,Toys,2011.34
6382,Product_6382,Clothing,2097.34
6383,Product_6383,Beauty,19.47
6384,Product_6384,Office Supplies,431.26
6385,Product_6385,Furniture,2576.93
6386,Product_6386,Sports,274.98
6387,Product_6387,Clothing,3799.58
6388,Product_6388,Sports,2130.34
6389,Product_6389,Office Supplies,55.67
6390,Product_6390,Home & Kitchen,755.61
6391,Product_6391,Toys,2977.43
6392,Product_6392,Home & Kitchen,2398.43
6393,Product_6393,Clothing,862.17
6394,Product_6394,Sports,3988.72
6395,Product_6395,Beauty,1611.78
6396,Product_6396,Beauty,4413.96
6397,Product_6397,Office Supplies,2989.3
6398,Product_6398,Clothing,3938.81
6399,Product_6399,Home & Kitchen,3717.57
6400,Product_6400,Sports,2521.78
6401,Product_6401,Furniture,3563.68
6402,Product_6402,Furniture,2493.25
6403,Product_6403,Clothing,2670.98
6404,Product_6404,Electronics,93.3
6405,Product_6405,Beauty,3076.25
6406,Product_6406,Clothing,276.86
6407,Product_6407,Sports,2995.68
6408,Product_6408,Beauty,4111.64
6409,Product_6409,Home & Kitchen,130.27
6410,Product_6410,Beauty,1300.35
6411,Product_6411,Toys,2744.48
6412,Product_6412,Clothing,2626.3
6413,Product_6413,Clothing,1022.86
6414,Product_6414,Electronics,4266.48
6415,Product_6415,Beauty,705.58
6416,Product_6416,Office Supplies,430.25
6417,Product_6417,Clothing,3176.16
6418,Product_6418,Electronics,2199.58
6419,Product_6419,Electronics,1670.77
6420,Product_6420,Sports,1674.46
6421,Product_6421,Furniture,1391.12
6422,Product_6422,Beauty,4952.08
6423,Product_6423,Home & Kitchen,2369.06
6424,Product_6424,Furniture,1341.89
6425,Product_6425,Home & Kitchen,2703.13
6426,Product_6426,Sports,316.26
6427,Product_6427,Clothing,2376.71
6428,Product_6428,Clothing,991.85
6429,Product_6429,Clothing,3753.27
6430,Product_6430,Electronics,4381.5
6431,Product_6431,Office Supplies,1200.28
6432,Product_6432,Electronics,1040.51
6433,Product_6433,Toys,921.03
6434,Product_6434,Toys,907.95
6435,Product_6435,Clothing,1406.58
6436,Product_6436,Toys,4949.56
6437,Product_6437,Electronics,4787.4
6438,Product_6438,Electronics,4765.76
6439,Product_6439,Beauty,4083.87
6440,Product_6440,Electronics,1741.14
6441,Product_6441,Office Supplies,4117.27
6442,Product_6442,Office Supplies,1789.67
6443,Product_6443,Beauty,232.2
6444,Product_6444,Toys,1847.24
6445,Product_6445,Clothing,4672.4
6446,Product_6446,Clothing,2003.58
6447,Product_6447,Furniture,3343.52
6448,Product_6448,Furniture,1482.63
6449,Product_6449,Clothing,1752.02
6450,Product_6450,Sports,2328.32
6451,Product_6451,Toys,4239.67
6452,Product_6452,Sports,4361.94
6453,Product_6453,Home & Kitchen,3332.85
6454,Product_6454,Furniture,2861.33
6455,Product_6455,Toys,729.79
6456,Product_6456,Furniture,1095.33
6457,Product_6457,Sports,816.04
6458,Product_6458,Clothing,4933.87
6459,Product_6459,Home & Kitchen,2454.08
6460,Product_6460,Toys,3391.19
6461,Product_6461,Toys,3565.46
6462,Product_6462,Furniture,3697.44
6463,Product_6463,Beauty,840.55
6464,Product_6464,Clothing,4614.1
6465,Product_6465,Toys,1263.6
6466,Product_6466,Clothing,2345.88
6467,Product_6467,Toys,1092.07
6468,Product_6468,Sports,809.89
6469,Product_6469,Office Supplies,1560.7
6470,Product_6470,Electronics,3017.4
6471,Product_6471,Sports,3779.81
6472,Product_6472,Electronics,1913.0
6473,Product_6473,Sports,1024.89
6474,Product_6474,Beauty,3420.71
6475,Product_6475,Office Supplies,3693.61
6476,Product_6476,Office Supplies,3412.92
6477,Product_6477,Office Supplies,4119.26
6478,Product_6478,Furniture,3669.11
6479,Product_6479,Toys,4974.19
6480,Product_6480,Furniture,2081.58
6481,Product_6481,Office Supplies,1069.21
6482,Product_6482,Home & Kitchen,4621.62
6483,Product_6483,Clothing,4912.86
6484,Product_6484,Beauty,4000.26
6485,Product_6485,Beauty,3249.06
6486,Product_6486,Furniture,4858.08
6487,Product_6487,Electronics,278.1
6488,Product_6488,Home & Kitchen,2197.04
6489,Product_6489,Furniture,3462.7
6490,Product_6490,Electronics,113.62
6491,Product_6491,Furniture,3266.95
6492,Product_6492,Clothing,4154.24
6493,Product_6493,Home & Kitchen,3888.03
6494,Product_6494,Furniture,1821.15
6495,Product_6495,Furniture,240.36
6496,Product_6496,Clothing,315.95
6497,Product_6497,Beauty,812.39
6498,Product_6498,Office Supplies,1780.02
6499,Product_6499,Furniture,199.5
6500,Product_6500,Office Supplies,1254.76
6501,Product_6501,Beauty,4950.23
6502,Product_6502,Clothing,181.03
6503,Product_6503,Furniture,73.28
6504,Product_6504,Furniture,1196.32
6505,Product_6505,Sports,624.8
6506,Product_6506,Home & Kitchen,4828.48
6507,Product_6507,Furniture,4448.91
6508,Product_6508,Beauty,1267.89
6509,Product_6509,Home & Kitchen,3620.94
6510,Product_6510,Electronics,2431.95
6511,Product_6511,Beauty,4512.46
6512,Product_6512,Electronics,918.07
6513,Product_6513,Electronics,1581.59
6514,Product_6514,Beauty,2658.11
6515,Product_6515,Beauty,4066.49
6516,Product_6516,Sports,1548.63
6517,Product_6517,Office Supplies,33.17
6518,Product_6518,Sports,1577.78
6519,Product_6519,Beauty,4380.68
6520,Product_6520,Office Supplies,3414.01
6521,Product_6521,Clothing,2814.58
6522,Product_6522,Beauty,4994.46
6523,Product_6523,Clothing,3555.4
6524,Product_6524,Beauty,3878.88
6525,Product_6525,Home & Kitchen,1608.0
6526,Product_6526,Clothing,766.98
6527,Product_6527,Home & Kitchen,681.21
6528,Product_6528,Clothing,3801.17
6529,Product_6529,Sports,3145.55
6530,Product_6530,Office Supplies,2117.72
6531,Product_6531,Electronics,3758.82
6532,Product_6532,Toys,2962.62
6533,Product_6533,Sports,1021.46
6534,Product_6534,Sports,753.96
6535,Product_6535,Toys,2823.92
6536,Product_6536,Toys,4837.79
6537,Product_6537,Electronics,874.61
6538,Product_6538,Toys,2021.9
6539,Product_6539,Office Supplies,2867.17
6540,Product_6540,Clothing,638.42
6541,Product_6541,Beauty,421.61
6542,Product_6542,Furniture,3936.95
6543,Product_6543,Home & Kitchen,2380.02
6544,Product_6544,Home & Kitchen,2148.83
6545,Product_6545,Sports,2544.83
6546,Product_6546,Clothing,825.25
6547,Product_6547,Sports,4087.03
6548,Product_6548,Office Supplies,2996.93
6549,Product_6549,Beauty,3574.58
6550,Product_6550,Electronics,3545.65
6551,Product_6551,Office Supplies,3081.88
6552,Product_6552,Office Supplies,1977.3
6553,Product_6553,Clothing,984.97
6554,Product_6554,Electronics,251.94
6555,Product_6555,Sports,575.54
6556,Product_6556,Clothing,2698.95
6557,Product_6557,Beauty,1251.07
6558,Product_6558,Furniture,3425.28
6559,Product_6559,Electronics,4490.74
6560,Product_6560,Office Supplies,750.75
6561,Product_6561,Toys,2397.43
6562,Product_6562,Toys,1881.42
6563,Product_6563,Furniture,3331.27
6564,Product_6564,Sports,4268.38
6565,Product_6565,Furniture,1657.8
6566,Product_6566,Home & Kitchen,3682.49
6567,Product_6567,Toys,3445.24
6568,Product_6568,Toys,1957.57
6569,Product_6569,Office Supplies,3717.91
6570,Product_6570,Office Supplies,3888.52
6571,Product_6571,Clothing,645.95
6572,Product_6572,Toys,1726.19
6573,Product_6573,Clothing,4620.55
6574,Product_6574,Furniture,3431.15
6575,Product_6575,Furniture,4629.18
6576,Product_6576,Clothing,2567.58
6577,Product_6577,Electronics,3248.02
6578,Product_6578,Home & Kitchen,4210.66
6579,Product_6579,Sports,2271.23
6580,Product_6580,Electronics,1854.62
6581,Product_6581,Home & Kitchen,1864.28
6582,Product_6582,Furniture,2287.92
6583,Product_6583,Sports,4578.89
6584,Product_6584,Home & Kitchen,4023.19
6585,Product_6585,Furniture,1531.11
6586,Product_6586,Office Supplies,4692.39
6587,Product_6587,Furniture,2141.72
6588,Product_6588,Sports,1666.48
6589,Product_6589,Office Supplies,1388.12
6590,Product_6590,Home & Kitchen,67.85
6591,Product_6591,Toys,2708.87
6592,Product_6592,Office Supplies,3900.88
6593,Product_6593,Home & Kitchen,4556.85
6594,Product_6594,Electronics,4406.71
6595,Product_6595,Electronics,3064.15
6596,Product_6596,Furniture,489.19
6597,Product_6597,Electronics,4060.16
6598,Product_6598,Clothing,2707.11
6599,Product_6599,Home & Kitchen,3991.81
6600,Product_6600,Furniture,1546.92
6601,Product_6601,Home & Kitchen,1115.28
6602,Product_6602,Sports,3826.71
6603,Product_6603,Electronics,398.21
6604,Product_6604,Sports,588.15
6605,Product_6605,Toys,796.39
6606,Product_6606,Beauty,2746.24
6607,Product_6607,Electronics,107.85
6608,Product_6608,Toys,3926.5
6609,Product_6609,Toys,2925.83
6610,Product_6610,Beauty,356.12
6611,Product_6611,Electronics,1889.95
6612,Product_6612,Office Supplies,793.27
6613,Product_6613,Home & Kitchen,3606.82
6614,Product_6614,Electronics,1426.3
6615,Product_6615,Sports,3108.39
6616,Product_6616,Electronics,1741.48
6617,Product_6617,Office Supplies,1821.08
6618,Product_6618,Furniture,1135.11
6619,Product_6619,Office Supplies,2745.92
6620,Product_6620,Beauty,4025.16
6621,Product_6621,Sports,3180.0
6622,Product_6622,Electronics,4268.22
6623,Product_6623,Office Supplies,2037.67
6624,Product_6624,Beauty,592.6
6625,Product_6625,Clothing,4450.5
6626,Product_6626,Toys,2415.6
6627,Product_6627,Toys,4492.0
6628,Product_6628,Toys,633.4
6629,Product_6629,Furniture,3642.67
6630,Product_6630,Office Supplies,3703.58
6631,Product_6631,Home & Kitchen,1927.92
6632,Product_6632,Clothing,2517.08
6633,Product_6633,Electronics,1877.13
6634,Product_6634,Sports,1733.09
6635,Product_6635,Electronics,3534.2
6636,Product_6636,Toys,3299.7
6637,Product_6637,Office Supplies,4394.51
6638,Product_6638,Furniture,792.83
6639,Product_6639,Clothing,1261.02
6640,Product_6640,Furniture,3340.3
6641,Product_6641,Electronics,3289.45
6642,Product_6642,Clothing,4015.67
6643,Product_6643,Sports,1970.91
6644,Product_6644,Office Supplies,3948.67
6645,Product_6645,Toys,3565.23
6646,Product_6646,Sports,3438.73
6647,Product_6647,Sports,3465.8
6648,Product_6648,Sports,228.46
6649,Product_6649,Toys,3863.52
6650,Product_6650,Sports,4029.66
6651,Product_6651,Office Supplies,1754.57
6652,Product_6652,Office Supplies,2238.1
6653,Product_6653,Electronics,2232.11
6654,Product_6654,Toys,2220.55
6655,Product_6655,Sports,1187.85
6656,Product_6656,Sports,891.91
6657,Product_6657,Clothing,1455.81
6658,Product_6658,Office Supplies,1772.89
6659,Product_6659,Beauty,1293.09
6660,Product_6660,Home & Kitchen,695.77
6661,Product_6661,Electronics,2536.12
6662,Product_6662,Office Supplies,3472.53
6663,Product_6663,Clothing,1215.37
6664,Product_6664,Electronics,3515.89
6665,Product_6665,Office Supplies,4823.93
6666,Product_6666,Furniture,722.26
6667,Product_6667,Sports,3705.33
6668,Product_6668,Clothing,4285.27
6669,Product_6669,Electronics,4519.55
6670,Product_6670,Beauty,265.3
6671,Product_6671,Office Supplies,651.98
6672,Product_6672,Furniture,2921.47
6673,Product_6673,Home & Kitchen,747.93
6674,Product_6674,Clothing,3051.51
6675,Product_6675,Beauty,1794.37
6676,Product_6676,Toys,3820.67
6677,Product_6677,Clothing,4882.26
6678,Product_6678,Clothing,4143.39
6679,Product_6679,Sports,2756.02
6680,Product_6680,Office Supplies,1890.49
6681,Product_6681,Electronics,652.94
6682,Product_6682,Clothing,1409.54
6683,Product_6683,Clothing,2555.15
6684,Product_6684,Beauty,495.73
6685,Product_6685,Electronics,791.93
6686,Product_6686,Electronics,2031.56
6687,Product_6687,Office Supplies,116.64
6688,Product_6688,Sports,3353.51
6689,Product_6689,Toys,1089.37
6690,Product_6690,Office Supplies,4075.3
6691,Product_6691,Toys,426.61
6692,Product_6692,Electronics,836.06
6693,Product_6693,Furniture,2052.58
6694,Product_6694,Toys,867.59
6695,Product_6695,Beauty,2232.52
6696,Product_6696,Office Supplies,35.93
6697,Product_6697,Furniture,2338.33
6698,Product_6698,Sports,4968.12
6699,Product_6699,Electronics,596.3
6700,Product_6700,Furniture,3406.81
6701,Product_6701,Office Supplies,2957.22
6702,Product_6702,Office Supplies,1111.99
6703,Product_6703,Beauty,4961.87
6704,Product_6704,Sports,1138.88
6705,Product_6705,Toys,3810.81
6706,Product_6706,Sports,3045.18
6707,Product_6707,Furniture,2661.54
6708,Product_6708,Beauty,696.56
6709,Product_6709,Sports,405.82
6710,Product_6710,Furniture,1123.84
6711,Product_6711,Home & Kitchen,3525.43
6712,Product_6712,Office Supplies,1162.1
6713,Product_6713,Sports,4820.58
6714,Product_6714,Furniture,3424.17
6715,Product_6715,Office Supplies,157.33
6716,Product_6716,Toys,3709.42
6717,Product_6717,Furniture,968.95
6718,Product_6718,Toys,1066.46
6719,Product_6719,Home & Kitchen,3558.03
6720,Product_6720,Beauty,4489.39
6721,Product_6721,Clothing,2352.02
6722,Product_6722,Furniture,623.73
6723,Product_6723,Toys,2791.5
6724,Product_6724,Sports,3795.71
6725,Product_6725,Clothing,2245.23
6726,Product_6726,Beauty,2833.23
6727,Product_6727,Sports,4491.23
6728,Product_6728,Sports,302.92
6729,Product_6729,Sports,2942.88
6730,Product_6730,Home & Kitchen,2537.66
6731,Product_6731,Furniture,2987.99
6732,Product_6732,Electronics,1118.45
6733,Product_6733,Beauty,49.52
6734,Product_6734,Furniture,2389.8
6735,Product_6735,Electronics,121.7
6736,Product_6736,Toys,1695.79
6737,Product_6737,Furniture,3962.74
6738,Product_6738,Electronics,3973.79
6739,Product_6739,Toys,1403.7
6740,Product_6740,Sports,12.0
6741,Product_6741,Clothing,1181.82
6742,Product_6742,Furniture,1766.84
6743,Product_6743,Electronics,3483.6
6744,Product_6744,Clothing,1070.9
6745,Product_6745,Toys,4695.01
6746,Product_6746,Office Supplies,3341.27
6747,Product_6747,Beauty,4261.9
6748,Product_6748,Beauty,2255.63
6749,Product_6749,Toys,2932.31
6750,Product_6750,Toys,1672.77
6751,Product_6751,Sports,2125.46
6752,Product_6752,Office Supplies,1584.96
6753,Product_6753,Home & Kitchen,3421.55
6754,Product_6754,Beauty,87.86
6755,Product_6755,Office Supplies,2353.01
6756,Product_6756,Home & Kitchen,474.28
6757,Product_6757,Home & Kitchen,1158.75
6758,Product_6758,Electronics,51.59
6759,Product_6759,Toys,1035.05
6760,Product_6760,Furniture,4108.09
6761,Product_6761,Electronics,154.29
6762,Product_6762,Sports,45.11
6763,Product_6763,Furniture,4764.66
6764,Product_6764,Furniture,728.01
6765,Product_6765,Toys,1204.9
6766,Product_6766,Sports,386.25
6767,Product_6767,Toys,3938.05
6768,Product_6768,Home & Kitchen,2004.43
6769,Product_6769,Office Supplies,1063.71
6770,Product_6770,Toys,2674.67
6771,Product_6771,Beauty,2990.52
6772,Product_6772,Furniture,2433.21
6773,Product_6773,Electronics,4875.34
6774,Product_6774,Sports,4018.75
6775,Product_6775,Sports,3219.52
6776,Product_6776,Furniture,4871.35
6777,Product_6777,Clothing,635.05
6778,Product_6778,Clothing,2340.46
6779,Product_6779,Clothing,4040.41
6780,Product_6780,Office Supplies,1090.47
6781,Product_6781,Home & Kitchen,3250.11
6782,Product_6782,Home & Kitchen,2740.89
6783,Product_6783,Furniture,1783.56
6784,Product_6784,Electronics,3336.37
6785,Product_6785,Furniture,959.84
6786,Product_6786,Toys,327.51
6787,Product_6787,Beauty,728.13
6788,Product_6788,Furniture,1109.42
6789,Product_6789,Clothing,3428.65
6790,Product_6790,Office Supplies,2623.6
6791,Product_6791,Furniture,4256.74
6792,Product_6792,Home & Kitchen,3209.77
6793,Product_6793,Office Supplies,321.28
6794,Product_6794,Furniture,4659.35
6795,Product_6795,Toys,3036.3
6796,Product_6796,Furniture,4272.13
6797,Product_6797,Office Supplies,3420.83
6798,Product_6798,Furniture,3660.71
6799,Product_6799,Office Supplies,2567.14
6800,Product_6800,Sports,3361.55
6801,Product_6801,Beauty,2815.34
6802,Product_6802,Clothing,2241.31
6803,Product_6803,Home & Kitchen,2607.44
6804,Product_6804,Beauty,3055.93
6805,Product_6805,Toys,3981.89
6806,Product_6806,Clothing,2922.04
6807,Product_6807,Beauty,2340.21
6808,Product_6808,Beauty,4342.95
6809,Product_6809,Electronics,4371.35
6810,Product_6810,Clothing,1305.37
6811,Product_6811,Toys,1978.5
6812,Product_6812,Office Supplies,1122.68
6813,Product_6813,Furniture,2158.32
6814,Product_6814,Electronics,1346.81
6815,Product_6815,Electronics,2044.64
6816,Product_6816,Beauty,3818.98
6817,Product_6817,Electronics,534.71
6818,Product_6818,Electronics,1590.14
6819,Product_6819,Beauty,2398.19
6820,Product_6820,Beauty,3634.67
6821,Product_6821,Office Supplies,4147.01
6822,Product_6822,Clothing,2222.39
6823,Product_6823,Office Supplies,666.47
6824,Product_6824,Toys,1632.83
6825,Product_6825,Clothing,4369.67
6826,Product_6826,Office Supplies,756.23
6827,Product_6827,Electronics,1340.8
6828,Product_6828,Clothing,4199.38
6829,Product_6829,Home & Kitchen,281.27
6830,Product_6830,Office Supplies,4822.52
6831,Product_6831,Home & Kitchen,4152.63
6832,Product_6832,Toys,3066.91
6833,Product_6833,Beauty,4191.78
6834,Product_6834,Furniture,2688.29
6835,Product_6835,Toys,4800.51
6836,Product_6836,Toys,917.81
6837,Product_6837,Sports,4466.35
6838,Product_6838,Beauty,82.76
6839,Product_6839,Toys,4387.71
6840,Product_6840,Furniture,236.06
6841,Product_6841,Electronics,917.31
6842,Product_6842,Office Supplies,40.17
6843,Product_6843,Toys,700.64
6844,Product_6844,Clothing,3693.53
6845,Product_6845,Beauty,194.88
6846,Product_6846,Clothing,3606.12
6847,Product_6847,Electronics,3750.42
6848,Product_6848,Sports,4963.62
6849,Product_6849,Home & Kitchen,2385.39
6850,Product_6850,Toys,383.22
6851,Product_6851,Beauty,2183.45
6852,Product_6852,Clothing,1812.42
6853,Product_6853,Electronics,245.36
6854,Product_6854,Sports,1556.55
6855,Product_6855,Home & Kitchen,4536.18
6856,Product_6856,Electronics,2083.82
6857,Product_6857,Home & Kitchen,3970.28
6858,Product_6858,Toys,3010.39
6859,Product_6859,Beauty,2262.9
6860,Product_6860,Electronics,485.97
6861,Product_6861,Clothing,641.48
6862,Product_6862,Toys,1847.23
6863,Product_6863,Sports,599.59
6864,Product_6864,Electronics,4044.72
6865,Product_6865,Office Supplies,3385.87
6866,Product_6866,Toys,671.41
6867,Product_6867,Home & Kitchen,4584.26
6868,Product_6868,Beauty,2365.74
6869,Product_6869,Electronics,1761.71
6870,Product_6870,Beauty,1933.67
6871,Product_6871,Beauty,2227.96
6872,Product_6872,Electronics,3703.1
6873,Product_6873,Furniture,3686.33
6874,Product_6874,Sports,4046.45
6875,Product_6875,Furniture,2915.15
6876,Product_6876,Toys,3383.9
6877,Product_6877,Home & Kitchen,3047.41
6878,Product_6878,Furniture,2767.91
6879,Product_6879,Furniture,585.64
6880,Product_6880,Office Supplies,4999.82
6881,Product_6881,Office Supplies,4150.08
6882,Product_6882,Toys,2902.04
6883,Product_6883,Toys,4499.7
6884,Product_6884,Furniture,546.61
6885,Product_6885,Home & Kitchen,3578.02
6886,Product_6886,Furniture,4455.93
6887,Product_6887,Sports,3238.31
6888,Product_6888,Beauty,3120.37
6889,Product_6889,Electronics,4677.3
6890,Product_6890,Toys,546.59
6891,Product_6891,Beauty,2564.93
6892,Product_6892,Home & Kitchen,1441.86
6893,Product_6893,Toys,370.58
6894,Product_6894,Furniture,3740.27
6895,Product_6895,Toys,127.52
6896,Product_6896,Clothing,82.81
6897,Product_6897,Beauty,2452.11
6898,Product_6898,Furniture,3514.29
6899,Product_6899,Toys,4994.13
6900,Product_6900,Furniture,4184.92
6901,Product_6901,Clothing,1499.81
6902,Product_6902,Sports,2578.1
6903,Product_6903,Beauty,903.63
6904,Product_6904,Office Supplies,1419.99
6905,Product_6905,Furniture,81.32
6906,Product_6906,Electronics,2837.31
6907,Product_6907,Home & Kitchen,3398.91
6908,Product_6908,Clothing,3242.74
6909,Product_6909,Office Supplies,1102.34
6910,Product_6910,Electronics,1501.56
6911,Product_6911,Toys,2468.99
6912,Product_6912,Clothing,2856.73
6913,Product_6913,Beauty,2967.09
6914,Product_6914,Home & Kitchen,2649.1
6915,Product_6915,Electronics,2027.63
6916,Product_6916,Office Supplies,4438.42
6917,Product_6917,Furniture,1128.53
6918,Product_6918,Electronics,3095.85
6919,Product_6919,Sports,4904.69
6920,Product_6920,Office Supplies,201.77
6921,Product_6921,Office Supplies,1603.4
6922,Product_6922,Beauty,876.1
6923,Product_6923,Electronics,1819.99
6924,Product_6924,Clothing,3867.33
6925,Product_6925,Electronics,1102.3
6926,Product_6926,Office Supplies,2500.09
6927,Product_6927,Home & Kitchen,195.59
6928,Product_6928,Beauty,1796.87
6929,Product_6929,Office Supplies,4601.55
6930,Product_6930,Furniture,3621.49
6931,Product_6931,Beauty,4286.33
6932,Product_6932,Home & Kitchen,1658.39
6933,Product_6933,Sports,4079.73
6934,Product_6934,Electronics,3792.63
6935,Product_6935,Home & Kitchen,3258.38
6936,Product_6936,Furniture,368.0
6937,Product_6937,Home & Kitchen,2749.55
6938,Product_6938,Sports,4946.13
6939,Product_6939,Electronics,84.4
6940,Product_6940,Clothing,4690.42
6941,Product_6941,Electronics,2965.16
6942,Product_6942,Toys,1892.82
6943,Product_6943,Clothing,3325.46
6944,Product_6944,Furniture,4876.22
6945,Product_6945,Furniture,52.75
6946,Product_6946,Clothing,340.74
6947,Product_6947,Office Supplies,2133.67
6948,Product_6948,Sports,4727.08
6949,Product_6949,Clothing,1947.6
6950,Product_6950,Furniture,3361.77
6951,Product_6951,Furniture,162.05
6952,Product_6952,Clothing,1806.91
6953,Product_6953,Home & Kitchen,942.77
6954,Product_6954,Office Supplies,1238.52
6955,Product_6955,Furniture,3646.41
6956,Product_6956,Home & Kitchen,69.45
6957,Product_6957,Office Supplies,4038.49
6958,Product_6958,Sports,4755.35
6959,Product_6959,Toys,1543.1
6960,Product_6960,Electronics,396.77
6961,Product_6961,Toys,3346.52
6962,Product_6962,Furniture,3206.82
6963,Product_6963,Sports,4776.78
6964,Product_6964,Home & Kitchen,1156.96
6965,Product_6965,Furniture,2292.42
6966,Product_6966,Furniture,4035.97
6967,Product_6967,Furniture,4067.37
6968,Product_6968,Beauty,2583.49
6969,Product_6969,Electronics,3235.91
6970,Product_6970,Toys,2078.13
6971,Product_6971,Furniture,4407.02
6972,Product_6972,Home & Kitchen,3381.35
6973,Product_6973,Beauty,2463.18
6974,Product_6974,Clothing,3117.7
6975,Product_6975,Clothing,1098.83
6976,Product_6976,Home & Kitchen,4156.09
6977,Product_6977,Electronics,3829.74
6978,Product_6978,Office Supplies,191.24
6979,Product_6979,Furniture,1161.69
6980,Product_6980,Sports,1305.34
6981,Product_6981,Office Supplies,3879.85
6982,Product_6982,Beauty,1749.95
6983,Product_6983,Electronics,1873.99
6984,Product_6984,Toys,60.67
6985,Product_6985,Clothing,2224.73
6986,Product_6986,Clothing,4750.74
6987,Product_6987,Office Supplies,2100.52
6988,Product_6988,Beauty,2627.47
6989,Product_6989,Toys,527.36
6990,Product_6990,Beauty,3246.03
6991,Product_6991,Furniture,2034.88
6992,Product_6992,Beauty,3940.65
6993,Product_6993,Electronics,177.2
6994,Product_6994,Home & Kitchen,2121.55
6995,Product_6995,Clothing,2932.91
6996,Product_6996,Toys,2155.48
6997,Product_6997,Clothing,3220.7
6998,Product_6998,Sports,1904.08
6999,Product_6999,Furniture,4257.37
7000,Product_7000,Furniture,3511.7
7001,Product_7001,Home & Kitchen,4546.72
7002,Product_7002,Beauty,877.45
7003,Product_7003,Electronics,3919.65
7004,Product_7004,Beauty,976.12
7005,Product_7005,Home & Kitchen,243.06
7006,Product_7006,Sports,1389.24
7007,Product_7007,Electronics,3935.82
7008,Product_7008,Office Supplies,4923.11
7009,Product_7009,Furniture,1000.1
7010,Product_7010,Home & Kitchen,4864.96
7011,Product_7011,Home & Kitchen,4594.12
7012,Product_7012,Beauty,1403.17
7013,Product_7013,Office Supplies,4168.09
7014,Product_7014,Sports,2518.7
7015,Product_7015,Electronics,1870.02
7016,Product_7016,Electronics,484.16
7017,Product_7017,Electronics,2522.86
7018,Product_7018,Electronics,3865.14
7019,Product_7019,Beauty,4154.43
7020,Product_7020,Electronics,2908.46
7021,Product_7021,Home & Kitchen,3697.73
7022,Product_7022,Clothing,1296.06
7023,Product_7023,Toys,396.88
7024,Product_7024,Beauty,2815.56
7025,Product_7025,Furniture,4072.92
7026,Product_7026,Toys,1169.5
7027,Product_7027,Home & Kitchen,523.11
7028,Product_7028,Electronics,3844.27
7029,Product_7029,Home & Kitchen,3151.48
7030,Product_7030,Office Supplies,18.81
7031,Product_7031,Home & Kitchen,3829.7
7032,Product_7032,Home & Kitchen,3251.86
7033,Product_7033,Electronics,3680.01
7034,Product_7034,Toys,4848.98
7035,Product_7035,Clothing,1283.23
7036,Product_7036,Home & Kitchen,3672.16
7037,Product_7037,Office Supplies,3397.55
7038,Product_7038,Electronics,2900.04
7039,Product_7039,Furniture,1145.07
7040,Product_7040,Sports,4763.37
7041,Product_7041,Sports,1135.55
7042,Product_7042,Home & Kitchen,1725.13
7043,Product_7043,Office Supplies,1526.52
7044,Product_7044,Clothing,696.15
7045,Product_7045,Sports,431.17
7046,Product_7046,Clothing,1046.89
7047,Product_7047,Sports,512.87
7048,Product_7048,Sports,2286.16
7049,Product_7049,Office Supplies,4544.0
7050,Product_7050,Toys,813.56
7051,Product_7051,Clothing,681.91
7052,Product_7052,Sports,3389.69
7053,Product_7053,Electronics,4881.52
7054,Product_7054,Furniture,527.42
7055,Product_7055,Beauty,4483.17
7056,Product_7056,Toys,4546.45
7057,Product_7057,Office Supplies,2801.64
7058,Product_7058,Beauty,2949.9
7059,Product_7059,Beauty,1750.3
7060,Product_7060,Home & Kitchen,4400.28
7061,Product_7061,Beauty,3424.18
7062,Product_7062,Sports,4703.4
7063,Product_7063,Furniture,4393.74
7064,Product_7064,Toys,3413.59
7065,Product_7065,Furniture,4842.09
7066,Product_7066,Toys,662.95
7067,Product_7067,Electronics,4447.76
7068,Product_7068,Sports,4623.02
7069,Product_7069,Clothing,124.02
7070,Product_7070,Clothing,2488.81
7071,Product_7071,Sports,65.45
7072,Product_7072,Home & Kitchen,4587.22
7073,Product_7073,Electronics,1132.24
7074,Product_7074,Electronics,2648.98
7075,Product_7075,Sports,4995.28
7076,Product_7076,Electronics,418.06
7077,Product_7077,Home & Kitchen,2492.9
7078,Product_7078,Toys,2218.56
7079,Product_7079,Electronics,221.66
7080,Product_7080,Clothing,4758.64
7081,Product_7081,Home & Kitchen,1277.16
7082,Product_7082,Electronics,943.63
7083,Product_7083,Furniture,4476.48
7084,Product_7084,Electronics,2841.81
7085,Product_7085,Electronics,1952.81
7086,Product_7086,Clothing,3084.02
7087,Product_7087,Toys,3830.94
7088,Product_7088,Clothing,3621.15
7089,Product_7089,Beauty,151.39
7090,Product_7090,Home & Kitchen,1607.92
7091,Product_7091,Beauty,4910.15
7092,Product_7092,Toys,3178.52
7093,Product_7093,Toys,3917.13
7094,Product_7094,Sports,4430.76
7095,Product_7095,Furniture,220.11
7096,Product_7096,Sports,482.32
7097,Product_7097,Electronics,1103.32
7098,Product_7098,Electronics,4012.53
7099,Product_7099,Home & Kitchen,1076.82
7100,Product_7100,Clothing,1108.3
7101,Product_7101,Electronics,2020.73
7102,Product_7102,Beauty,2625.49
7103,Product_7103,Home & Kitchen,741.57
7104,Product_7104,Furniture,1197.99
7105,Product_7105,Clothing,3655.88
7106,Product_7106,Sports,1125.07
7107,Product_7107,Clothing,3132.42
7108,Product_7108,Electronics,504.57
7109,Product_7109,Beauty,331.66
7110,Product_7110,Clothing,3285.06
7111,Product_7111,Beauty,4658.32
7112,Product_7112,Furniture,4726.65
7113,Product_7113,Furniture,4948.47
7114,Product_7114,Office Supplies,423.62
7115,Product_7115,Toys,2509.12
7116,Product_7116,Sports,1950.52
7117,Product_7117,Toys,1883.46
7118,Product_7118,Clothing,3730.25
7119,Product_7119,Electronics,3403.51
7120,Product_7120,Office Supplies,4277.24
7121,Product_7121,Office Supplies,947.42
7122,Product_7122,Furniture,1100.75
7123,Product_7123,Home & Kitchen,923.39
7124,Product_7124,Clothing,1368.22
7125,Product_7125,Clothing,966.27
7126,Product_7126,Clothing,1777.32
7127,Product_7127,Furniture,3473.33
7128,Product_7128,Office Supplies,4892.09
7129,Product_7129,Toys,3504.79
7130,Product_7130,Furniture,2168.63
7131,Product_7131,Toys,2344.02
7132,Product_7132,Electronics,4386.99
7133,Product_7133,Sports,104.8
7134,Product_7134,Toys,3832.12
7135,Product_7135,Clothing,4957.57
7136,Product_7136,Toys,4234.3
7137,Product_7137,Home & Kitchen,3882.24
7138,Product_7138,Beauty,941.92
7139,Product_7139,Clothing,1635.32
7140,Product_7140,Furniture,4398.15
7141,Product_7141,Office Supplies,126.12
7142,Product_7142,Office Supplies,4914.36
7143,Product_7143,Clothing,2028.11
7144,Product_7144,Toys,4339.11
7145,Product_7145,Toys,652.72
7146,Product_7146,Office Supplies,385.64
7147,Product_7147,Beauty,2802.17
7148,Product_7148,Furniture,3381.19
7149,Product_7149,Home & Kitchen,3943.61
7150,Product_7150,Electronics,3406.6
7151,Product_7151,Office Supplies,2618.91
7152,Product_7152,Electronics,3766.88
7153,Product_7153,Clothing,1332.56
7154,Product_7154,Furniture,2119.78
7155,Product_7155,Toys,4280.63
7156,Product_7156,Electronics,1483.57
7157,Product_7157,Beauty,4669.61
7158,Product_7158,Furniture,2247.88
7159,Product_7159,Furniture,4502.49
7160,Product_7160,Electronics,4070.08
7161,Product_7161,Toys,262.11
7162,Product_7162,Toys,1151.32
7163,Product_7163,Home & Kitchen,2932.78
7164,Product_7164,Home & Kitchen,1746.89
7165,Product_7165,Sports,2667.24
7166,Product_7166,Furniture,4805.58
7167,Product_7167,Clothing,3788.49
7168,Product_7168,Electronics,2503.11
7169,Product_7169,Office Supplies,379.85
7170,Product_7170,Sports,2973.46
7171,Product_7171,Office Supplies,3042.06
7172,Product_7172,Office Supplies,1335.85
7173,Product_7173,Office Supplies,1613.59
7174,Product_7174,Toys,2969.77
7175,Product_7175,Electronics,3621.75
7176,Product_7176,Home & Kitchen,881.54
7177,Product_7177,Toys,2190.91
7178,Product_7178,Office Supplies,1172.55
7179,Product_7179,Clothing,747.41
7180,Product_7180,Home & Kitchen,4553.02
7181,Product_7181,Sports,4403.75
7182,Product_7182,Toys,747.42
7183,Product_7183,Electronics,3047.08
7184,Product_7184,Toys,1109.24
7185,Product_7185,Clothing,3224.19
7186,Product_7186,Home & Kitchen,3957.5
7187,Product_7187,Office Supplies,178.33
7188,Product_7188,Beauty,4922.55
7189,Product_7189,Office Supplies,758.65
7190,Product_7190,Electronics,936.22
7191,Product_7191,Beauty,4081.75
7192,Product_7192,Furniture,1601.63
7193,Product_7193,Toys,4931.0
7194,Product_7194,Home & Kitchen,3783.12
7195,Product_7195,Furniture,3135.81
7196,Product_7196,Beauty,3232.16
7197,Product_7197,Furniture,861.65
7198,Product_7198,Beauty,2577.52
7199,Product_7199,Sports,940.57
7200,Product_7200,Beauty,1227.19
7201,Product_7201,Clothing,1499.65
7202,Product_7202,Clothing,3049.84
7203,Product_7203,Furniture,1838.88
7204,Product_7204,Toys,4238.48
7205,Product_7205,Home & Kitchen,674.69
7206,Product_7206,Toys,2442.17
7207,Product_7207,Electronics,398.08
7208,Product_7208,Office Supplies,3709.25
7209,Product_7209,Home & Kitchen,309.74
7210,Product_7210,Office Supplies,177.34
7211,Product_7211,Sports,1755.64
7212,Product_7212,Toys,2067.31
7213,Product_7213,Beauty,2540.43
7214,Product_7214,Office Supplies,80.74
7215,Product_7215,Office Supplies,1085.14
7216,Product_7216,Toys,3904.4
7217,Product_7217,Home & Kitchen,3147.06
7218,Product_7218,Clothing,72.15
7219,Product_7219,Office Supplies,1442.21
7220,Product_7220,Clothing,1998.56
7221,Product_7221,Home & Kitchen,2239.06
7222,Product_7222,Clothing,2318.69
7223,Product_7223,Clothing,1511.87
7224,Product_7224,Toys,2601.62
7225,Product_7225,Sports,1155.68
7226,Product_7226,Toys,1264.01
7227,Product_7227,Toys,3089.34
7228,Product_7228,Furniture,4930.06
7229,Product_7229,Beauty,2944.79
7230,Product_7230,Sports,2231.3
7231,Product_7231,Clothing,2402.71
7232,Product_7232,Toys,4031.38
7233,Product_7233,Office Supplies,1098.38
7234,Product_7234,Office Supplies,2361.08
7235,Product_7235,Beauty,3697.66
7236,Product_7236,Electronics,176.12
7237,Product_7237,Sports,2278.26
7238,Product_7238,Beauty,3848.7
7239,Product_7239,Home & Kitchen,672.66
7240,Product_7240,Toys,3472.0
7241,Product_7241,Furniture,3531.64
7242,Product_7242,Toys,73.17
7243,Product_7243,Electronics,92.72
7244,Product_7244,Toys,3979.39
7245,Product_7245,Furniture,2701.99
7246,Product_7246,Beauty,4549.5
7247,Product_7247,Home & Kitchen,4024.74
7248,Product_7248,Toys,1463.45
7249,Product_7249,Electronics,3147.66
7250,Product_7250,Clothing,4032.04
7251,Product_7251,Furniture,24.26
7252,Product_7252,Beauty,3129.87
7253,Product_7253,Clothing,651.58
7254,Product_7254,Furniture,4028.25
7255,Product_7255,Toys,4427.2
7256,Product_7256,Sports,1932.62
7257,Product_7257,Toys,2217.01
7258,Product_7258,Home & Kitchen,3911.65
7259,Product_7259,Sports,3926.75
7260,Product_7260,Beauty,2235.25
7261,Product_7261,Clothing,2438.19
7262,Product_7262,Home & Kitchen,4583.32
7263,Product_7263,Clothing,4996.62
7264,Product_7264,Electronics,1791.75
7265,Product_7265,Home & Kitchen,3638.87
7266,Product_7266,Sports,2269.99
7267,Product_7267,Home & Kitchen,2391.07
7268,Product_7268,Home & Kitchen,816.1
7269,Product_7269,Furniture,3307.19
7270,Product_7270,Sports,2490.86
7271,Product_7271,Electronics,4406.91
7272,Product_7272,Clothing,2215.26
7273,Product_7273,Home & Kitchen,2557.65
7274,Product_7274,Beauty,2861.18
7275,Product_7275,Sports,4582.57
7276,Product_7276,Electronics,1345.72
7277,Product_7277,Sports,995.29
7278,Product_7278,Sports,4192.87
7279,Product_7279,Office Supplies,1463.41
7280,Product_7280,Toys,2411.61
7281,Product_7281,Furniture,465.23
7282,Product_7282,Electronics,901.67
7283,Product_7283,Toys,3636.13
7284,Product_7284,Clothing,954.96
7285,Product_7285,Office Supplies,3575.07
7286,Product_7286,Clothing,3435.44
7287,Product_7287,Toys,2615.52
7288,Product_7288,Clothing,3348.57
7289,Product_7289,Clothing,1036.16
7290,Product_7290,Clothing,387.75
7291,Product_7291,Furniture,2386.48
7292,Product_7292,Sports,3926.3
7293,Product_7293,Office Supplies,561.41
7294,Product_7294,Furniture,444.8
7295,Product_7295,Home & Kitchen,4257.34
7296,Product_7296,Beauty,3520.98
7297,Product_7297,Office Supplies,2903.16
7298,Product_7298,Beauty,2930.31
7299,Product_7299,Clothing,2414.37
7300,Product_7300,Toys,2014.15
7301,Product_7301,Home & Kitchen,2204.37
7302,Product_7302,Home & Kitchen,2128.99
7303,Product_7303,Home & Kitchen,209.9
7304,Product_7304,Furniture,1836.37
7305,Product_7305,Clothing,1759.74
7306,Product_7306,Beauty,1142.25
7307,Product_7307,Home & Kitchen,4063.68
7308,Product_7308,Toys,3921.45
7309,Product_7309,Clothing,4745.64
7310,Product_7310,Home & Kitchen,4974.25
7311,Product_7311,Sports,303.55
7312,Product_7312,Sports,391.87
7313,Product_7313,Toys,1242.58
7314,Product_7314,Beauty,50.15
7315,Product_7315,Furniture,860.7
7316,Product_7316,Home & Kitchen,92.26
7317,Product_7317,Office Supplies,3173.43
7318,Product_7318,Home & Kitchen,1877.02
7319,Product_7319,Office Supplies,2108.32
7320,Product_7320,Furniture,4667.96
7321,Product_7321,Clothing,2628.18
7322,Product_7322,Office Supplies,3646.98
7323,Product_7323,Sports,4091.94
7324,Product_7324,Beauty,4804.25
7325,Product_7325,Furniture,491.26
7326,Product_7326,Clothing,1850.2
7327,Product_7327,Beauty,3897.83
7328,Product_7328,Home & Kitchen,3088.5
7329,Product_7329,Office Supplies,3829.03
7330,Product_7330,Sports,4391.13
7331,Product_7331,Beauty,4314.85
7332,Product_7332,Office Supplies,4378.21
7333,Product_7333,Furniture,713.94
7334,Product_7334,Home & Kitchen,2592.03
7335,Product_7335,Furniture,3316.96
7336,Product_7336,Office Supplies,1958.5
7337,Product_7337,Toys,1214.87
7338,Product_7338,Office Supplies,2966.85
7339,Product_7339,Office Supplies,4363.1
7340,Product_7340,Clothing,396.53
7341,Product_7341,Beauty,1908.18
7342,Product_7342,Electronics,4733.59
7343,Product_7343,Toys,4968.49
7344,Product_7344,Electronics,1528.6
7345,Product_7345,Beauty,1579.19
7346,Product_7346,Sports,4562.06
7347,Product_7347,Toys,4983.77
7348,Product_7348,Toys,571.67
7349,Product_7349,Sports,2283.17
7350,Product_7350,Sports,2113.19
7351,Product_7351,Electronics,276.56
7352,Product_7352,Beauty,3786.8
7353,Product_7353,Home & Kitchen,3954.24
7354,Product_7354,Home & Kitchen,4219.66
7355,Product_7355,Electronics,4524.3
7356,Product_7356,Office Supplies,1807.43
7357,Product_7357,Clothing,4980.79
7358,Product_7358,Toys,4264.9
7359,Product_7359,Clothing,4305.46
7360,Product_7360,Home & Kitchen,1075.56
7361,Product_7361,Clothing,1764.04
7362,Product_7362,Toys,583.32
7363,Product_7363,Furniture,3938.87
7364,Product_7364,Home & Kitchen,2862.66
7365,Product_7365,Beauty,1144.16
7366,Product_7366,Office Supplies,797.0
7367,Product_7367,Electronics,1169.9
7368,Product_7368,Sports,3117.33
7369,Product_7369,Toys,1176.05
7370,Product_7370,Home & Kitchen,1101.9
7371,Product_7371,Toys,3060.86
7372,Product_7372,Toys,149.87
7373,Product_7373,Toys,2437.62
7374,Product_7374,Furniture,2471.2
7375,Product_7375,Clothing,3844.35
7376,Product_7376,Toys,3505.61
7377,Product_7377,Sports,1165.32
7378,Product_7378,Clothing,2567.61
7379,Product_7379,Electronics,4168.8
7380,Product_7380,Beauty,166.57
7381,Product_7381,Electronics,2014.64
7382,Product_7382,Electronics,107.93
7383,Product_7383,Sports,2712.95
7384,Product_7384,Electronics,947.82
7385,Product_7385,Toys,920.57
7386,Product_7386,Toys,10.01
7387,Product_7387,Toys,1404.2
7388,Product_7388,Furniture,1449.04
7389,Product_7389,Beauty,760.75
7390,Product_7390,Toys,2488.24
7391,Product_7391,Furniture,1728.26
7392,Product_7392,Electronics,4687.66
7393,Product_7393,Office Supplies,1097.36
7394,Product_7394,Clothing,3962.33
7395,Product_7395,Office Supplies,2306.29
7396,Product_7396,Electronics,1643.44
7397,Product_7397,Home & Kitchen,2400.8
7398,Product_7398,Toys,148.03
7399,Product_7399,Office Supplies,2750.65
7400,Product_7400,Electronics,1498.09
7401,Product_7401,Home & Kitchen,4534.02
7402,Product_7402,Office Supplies,2420.19
7403,Product_7403,Toys,906.28
7404,Product_7404,Sports,550.26
7405,Product_7405,Beauty,2758.08
7406,Product_7406,Furniture,4591.4
7407,Product_7407,Office Supplies,3243.64
7408,Product_7408,Electronics,2061.99
7409,Product_7409,Electronics,1375.71
7410,Product_7410,Office Supplies,2640.92
7411,Product_7411,Sports,4442.17
7412,Product_7412,Beauty,4893.95
7413,Product_7413,Clothing,4259.84
7414,Product_7414,Toys,1472.26
7415,Product_7415,Home & Kitchen,2171.85
7416,Product_7416,Electronics,1512.4
7417,Product_7417,Furniture,231.65
7418,Product_7418,Clothing,712.69
7419,Product_7419,Beauty,1232.34
7420,Product_7420,Clothing,1305.33
7421,Product_7421,Electronics,4561.67
7422,Product_7422,Beauty,3379.03
7423,Product_7423,Clothing,719.12
7424,Product_7424,Sports,171.74
7425,Product_7425,Toys,2997.61
7426,Product_7426,Sports,961.48
7427,Product_7427,Office Supplies,536.89
7428,Product_7428,Furniture,4175.37
7429,Product_7429,Toys,1033.4
7430,Product_7430,Home & Kitchen,4300.39
7431,Product_7431,Office Supplies,1768.67
7432,Product_7432,Furniture,2117.12
7433,Product_7433,Toys,4503.19
7434,Product_7434,Clothing,2587.32
7435,Product_7435,Home & Kitchen,2863.88
7436,Product_7436,Toys,3860.92
7437,Product_7437,Clothing,3249.49
7438,Product_7438,Beauty,4979.76
7439,Product_7439,Electronics,4525.5
7440,Product_7440,Clothing,4204.44
7441,Product_7441,Clothing,3320.74
7442,Product_7442,Office Supplies,583.36
7443,Product_7443,Office Supplies,3560.94
7444,Product_7444,Furniture,2766.75
7445,Product_7445,Furniture,4815.47
7446,Product_7446,Toys,523.98
7447,Product_7447,Home & Kitchen,4282.54
7448,Product_7448,Sports,837.55
7449,Product_7449,Beauty,1319.35
7450,Product_7450,Electronics,1172.14
7451,Product_7451,Toys,2447.67
7452,Product_7452,Beauty,2479.76
7453,Product_7453,Furniture,1082.7
7454,Product_7454,Home & Kitchen,2702.16
7455,Product_7455,Toys,1183.09
7456,Product_7456,Home & Kitchen,1783.08
7457,Product_7457,Beauty,4854.33
7458,Product_7458,Home & Kitchen,1014.91
7459,Product_7459,Home & Kitchen,1513.77
7460,Product_7460,Furniture,3929.47
7461,Product_7461,Sports,2522.35
7462,Product_7462,Sports,2806.69
7463,Product_7463,Sports,1713.47
7464,Product_7464,Home & Kitchen,3148.46
7465,Product_7465,Electronics,4687.12
7466,Product_7466,Office Supplies,1980.41
7467,Product_7467,Home & Kitchen,4120.17
7468,Product_7468,Home & Kitchen,1894.91
7469,Product_7469,Clothing,3015.25
7470,Product_7470,Toys,731.39
7471,Product_7471,Sports,2777.62
7472,Product_7472,Furniture,1517.39
7473,Product_7473,Office Supplies,1084.48
7474,Product_7474,Office Supplies,2687.65
7475,Product_7475,Beauty,3233.93
7476,Product_7476,Clothing,4414.4
7477,Product_7477,Clothing,3755.19
7478,Product_7478,Toys,3683.61
7479,Product_7479,Office Supplies,1870.33
7480,Product_7480,Office Supplies,2882.04
7481,Product_7481,Home & Kitchen,729.71
7482,Product_7482,Furniture,4641.93
7483,Product_7483,Home & Kitchen,1061.75
7484,Product_7484,Sports,486.13
7485,Product_7485,Beauty,2805.79
7486,Product_7486,Office Supplies,4975.35
7487,Product_7487,Office Supplies,674.68
7488,Product_7488,Furniture,2291.2
7489,Product_7489,Furniture,3546.21
7490,Product_7490,Toys,2143.76
7491,Product_7491,Furniture,1273.46
7492,Product_7492,Toys,284.98
7493,Product_7493,Clothing,941.86
7494,Product_7494,Electronics,2153.37
7495,Product_7495,Home & Kitchen,4904.68
7496,Product_7496,Toys,3288.53
7497,Product_7497,Furniture,320.08
7498,Product_7498,Electronics,1198.06
7499,Product_7499,Clothing,4399.22
7500,Product_7500,Furniture,2596.04
7501,Product_7501,Office Supplies,87.67
7502,Product_7502,Beauty,3730.37
7503,Product_7503,Electronics,1585.04
7504,Product_7504,Toys,3779.42
7505,Product_7505,Furniture,414.12
7506,Product_7506,Sports,3573.76
7507,Product_7507,Clothing,2929.63
7508,Product_7508,Sports,845.91
7509,Product_7509,Home & Kitchen,550.72
7510,Product_7510,Sports,104.79
7511,Product_7511,Home & Kitchen,3598.99
7512,Product_7512,Sports,4704.52
7513,Product_7513,Toys,1035.52
7514,Product_7514,Beauty,2502.87
7515,Product_7515,Furniture,2313.37
7516,Product_7516,Office Supplies,3820.65
7517,Product_7517,Beauty,1416.94
7518,Product_7518,Furniture,2868.13
7519,Product_7519,Home & Kitchen,2249.38
7520,Product_7520,Office Supplies,3087.1
7521,Product_7521,Beauty,1804.99
7522,Product_7522,Home & Kitchen,352.58
7523,Product_7523,Office Supplies,4314.32
7524,Product_7524,Electronics,4396.91
7525,Product_7525,Sports,2210.25
7526,Product_7526,Office Supplies,4270.99
7527,Product_7527,Clothing,1048.45
7528,Product_7528,Toys,410.57
7529,Product_7529,Beauty,3147.41
7530,Product_7530,Electronics,3745.74
7531,Product_7531,Electronics,728.23
7532,Product_7532,Clothing,4454.21
7533,Product_7533,Office Supplies,3770.32
7534,Product_7534,Office Supplies,4628.85
7535,Product_7535,Beauty,1507.29
7536,Product_7536,Furniture,4788.96
7537,Product_7537,Clothing,2332.89
7538,Product_7538,Furniture,81.52
7539,Product_7539,Toys,854.62
7540,Product_7540,Electronics,2314.56
7541,Product_7541,Furniture,2625.03
7542,Product_7542,Furniture,4423.09
7543,Product_7543,Home & Kitchen,3203.44
7544,Product_7544,Furniture,1295.84
7545,Product_7545,Home & Kitchen,2625.28
7546,Product_7546,Electronics,3109.48
7547,Product_7547,Office Supplies,1371.68
7548,Product_7548,Office Supplies,2321.54
7549,Product_7549,Sports,3220.56
7550,Product_7550,Office Supplies,2309.32
7551,Product_7551,Toys,312.41
7552,Product_7552,Sports,3283.33
7553,Product_7553,Home & Kitchen,711.03
7554,Product_7554,Furniture,930.49
7555,Product_7555,Toys,4522.77
7556,Product_7556,Toys,4181.42
7557,Product_7557,Beauty,4389.71
7558,Product_7558,Home & Kitchen,4903.68
7559,Product_7559,Furniture,2462.05
7560,Product_7560,Clothing,4042.13
7561,Product_7561,Toys,792.11
7562,Product_7562,Home & Kitchen,655.02
7563,Product_7563,Sports,2515.3
7564,Product_7564,Home & Kitchen,1668.58
7565,Product_7565,Furniture,2705.87
7566,Product_7566,Toys,3112.51
7567,Product_7567,Beauty,747.55
7568,Product_7568,Sports,2877.57
7569,Product_7569,Office Supplies,4291.21
7570,Product_7570,Sports,2351.11
7571,Product_7571,Electronics,1534.7
7572,Product_7572,Furniture,1498.77
7573,Product_7573,Office Supplies,3198.94
7574,Product_7574,Furniture,3577.56
7575,Product_7575,Office Supplies,474.36
7576,Product_7576,Furniture,689.98
7577,Product_7577,Electronics,4241.0
7578,Product_7578,Sports,4459.55
7579,Product_7579,Toys,1584.48
7580,Product_7580,Clothing,3919.8
7581,Product_7581,Sports,1576.6
7582,Product_7582,Clothing,3256.55
7583,Product_7583,Sports,3028.24
7584,Product_7584,Toys,4808.81
7585,Product_7585,Toys,1616.23
7586,Product_7586,Furniture,83.41
7587,Product_7587,Clothing,1982.08
7588,Product_7588,Electronics,2744.69
7589,Product_7589,Beauty,768.77
7590,Product_7590,Office Supplies,2483.4
7591,Product_7591,Electronics,1005.96
7592,Product_7592,Furniture,2297.79
7593,Product_7593,Clothing,4888.72
7594,Product_7594,Sports,2007.95
7595,Product_7595,Office Supplies,2919.5
7596,Product_7596,Sports,1185.81
7597,Product_7597,Home & Kitchen,1585.85
7598,Product_7598,Clothing,3897.54
7599,Product_7599,Office Supplies,4098.98
7600,Product_7600,Clothing,3306.87
7601,Product_7601,Beauty,850.34
7602,Product_7602,Office Supplies,4312.15
7603,Product_7603,Beauty,4397.51
7604,Product_7604,Beauty,2020.04
7605,Product_7605,Electronics,1847.97
7606,Product_7606,Furniture,3231.26
7607,Product_7607,Clothing,1000.32
7608,Product_7608,Clothing,747.76
7609,Product_7609,Office Supplies,2601.17
7610,Product_7610,Furniture,1093.08
7611,Product_7611,Home & Kitchen,2611.03
7612,Product_7612,Furniture,3265.66
7613,Product_7613,Toys,4652.66
7614,Product_7614,Beauty,2550.81
7615,Product_7615,Beauty,2042.46
7616,Product_7616,Clothing,4241.08
7617,Product_7617,Electronics,4408.4
7618,Product_7618,Electronics,786.9
7619,Product_7619,Office Supplies,4240.72
7620,Product_7620,Home & Kitchen,1485.12
7621,Product_7621,Sports,2558.4
7622,Product_7622,Clothing,3243.62
7623,Product_7623,Electronics,802.3
7624,Product_7624,Furniture,3281.0
7625,Product_7625,Electronics,4609.61
7626,Product_7626,Clothing,1323.72
7627,Product_7627,Home & Kitchen,805.96
7628,Product_7628,Sports,2319.83
7629,Product_7629,Toys,3402.5
7630,Product_7630,Sports,4954.39
7631,Product_7631,Electronics,222.54
7632,Product_7632,Electronics,3377.12
7633,Product_7633,Furniture,3919.5
7634,Product_7634,Clothing,3964.15
7635,Product_7635,Office Supplies,1755.17
7636,Product_7636,Furniture,2527.11
7637,Product_7637,Electronics,3929.34
7638,Product_7638,Toys,231.49
7639,Product_7639,Sports,4990.93
7640,Product_7640,Home & Kitchen,2995.62
7641,Product_7641,Sports,4445.42
7642,Product_7642,Furniture,1265.57
7643,Product_7643,Toys,2093.56
7644,Product_7644,Electronics,3232.48
7645,Product_7645,Clothing,606.79
7646,Product_7646,Furniture,4683.61
7647,Product_7647,Beauty,2700.57
7648,Product_7648,Electronics,3917.83
7649,Product_7649,Beauty,3837.38
7650,Product_7650,Electronics,2916.29
7651,Product_7651,Electronics,1815.06
7652,Product_7652,Electronics,1151.61
7653,Product_7653,Office Supplies,4732.1
7654,Product_7654,Home & Kitchen,772.74
7655,Product_7655,Electronics,1743.53
7656,Product_7656,Toys,704.25
7657,Product_7657,Sports,3684.2
7658,Product_7658,Furniture,4790.34
7659,Product_7659,Clothing,3318.71
7660,Product_7660,Office Supplies,543.41
7661,Product_7661,Toys,2389.63
7662,Product_7662,Electronics,2976.15
7663,Product_7663,Office Supplies,1902.64
7664,Product_7664,Furniture,222.82
7665,Product_7665,Furniture,1426.86
7666,Product_7666,Electronics,920.49
7667,Product_7667,Furniture,4152.46
7668,Product_7668,Electronics,4134.87
7669,Product_7669,Toys,1168.42
7670,Product_7670,Office Supplies,3408.11
7671,Product_7671,Office Supplies,2204.32
7672,Product_7672,Toys,878.43
7673,Product_7673,Electronics,2256.81
7674,Product_7674,Clothing,4608.26
7675,Product_7675,Home & Kitchen,2267.44
7676,Product_7676,Electronics,2007.51
7677,Product_7677,Electronics,602.32
7678,Product_7678,Home & Kitchen,3909.9
7679,Product_7679,Office Supplies,18.01
7680,Product_7680,Electronics,1673.47
7681,Product_7681,Clothing,1977.9
7682,Product_7682,Toys,4955.62
7683,Product_7683,Beauty,1350.54
7684,Product_7684,Clothing,291.46
7685,Product_7685,Furniture,4940.97
7686,Product_7686,Furniture,760.07
7687,Product_7687,Furniture,4638.69
7688,Product_7688,Office Supplies,2556.43
7689,Product_7689,Clothing,4987.68
7690,Product_7690,Electronics,818.37
7691,Product_7691,Sports,3154.13
7692,Product_7692,Electronics,3981.0
7693,Product_7693,Office Supplies,1763.42
7694,Product_7694,Beauty,1054.35
7695,Product_7695,Home & Kitchen,1615.29
7696,Product_7696,Home & Kitchen,2375.85
7697,Product_7697,Sports,4320.95
7698,Product_7698,Office Supplies,3844.16
7699,Product_7699,Sports,3330.97
7700,Product_7700,Beauty,3754.63
7701,Product_7701,Office Supplies,1030.75
7702,Product_7702,Sports,1968.0
7703,Product_7703,Electronics,616.3
7704,Product_7704,Toys,458.62
7705,Product_7705,Electronics,2921.13
7706,Product_7706,Furniture,4195.37
7707,Product_7707,Toys,2297.71
7708,Product_7708,Office Supplies,2278.1
7709,Product_7709,Sports,3518.27
7710,Product_7710,Sports,75.28
7711,Product_7711,Furniture,2170.29
7712,Product_7712,Home & Kitchen,892.3
7713,Product_7713,Clothing,357.93
7714,Product_7714,Home & Kitchen,1498.91
7715,Product_7715,Beauty,2259.43
7716,Product_7716,Home & Kitchen,4938.93
7717,Product_7717,Home & Kitchen,40.06
7718,Product_7718,Beauty,1178.06
7719,Product_7719,Furniture,2379.94
7720,Product_7720,Electronics,4089.7
7721,Product_7721,Toys,3349.09
7722,Product_7722,Electronics,231.1
7723,Product_7723,Toys,4778.44
7724,Product_7724,Office Supplies,4613.85
7725,Product_7725,Electronics,2256.1
7726,Product_7726,Furniture,3022.03
7727,Product_7727,Office Supplies,4999.62
7728,Product_7728,Toys,3294.24
7729,Product_7729,Toys,3127.72
7730,Product_7730,Toys,1518.86
7731,Product_7731,Toys,751.67
7732,Product_7732,Office Supplies,3110.63
7733,Product_7733,Sports,4563.22
7734,Product_7734,Beauty,3050.58
7735,Product_7735,Office Supplies,3569.01
7736,Product_7736,Sports,4721.38
7737,Product_7737,Clothing,3739.16
7738,Product_7738,Home & Kitchen,904.91
7739,Product_7739,Sports,1222.31
7740,Product_7740,Home & Kitchen,4019.89
7741,Product_7741,Home & Kitchen,1200.64
7742,Product_7742,Beauty,855.77
7743,Product_7743,Sports,2072.55
7744,Product_7744,Beauty,3024.28
7745,Product_7745,Sports,2278.38
7746,Product_7746,Electronics,3221.99
7747,Product_7747,Home & Kitchen,2577.81
7748,Product_7748,Toys,2346.96
7749,Product_7749,Sports,2330.48
7750,Product_7750,Toys,2036.13
7751,Product_7751,Toys,1732.47
7752,Product_7752,Clothing,3910.81
7753,Product_7753,Beauty,1501.97
7754,Product_7754,Beauty,179.12
7755,Product_7755,Furniture,4484.14
7756,Product_7756,Toys,682.05
7757,Product_7757,Sports,1941.42
7758,Product_7758,Toys,975.08
7759,Product_7759,Office Supplies,3021.25
7760,Product_7760,Toys,3069.25
7761,Product_7761,Beauty,3513.6
7762,Product_7762,Sports,860.42
7763,Product_7763,Home & Kitchen,829.36
7764,Product_7764,Electronics,4656.73
7765,Product_7765,Clothing,4755.52
7766,Product_7766,Electronics,3656.38
7767,Product_7767,Clothing,3129.32
7768,Product_7768,Office Supplies,2072.53
7769,Product_7769,Clothing,4028.77
7770,Product_7770,Clothing,4656.05
7771,Product_7771,Office Supplies,2756.8
7772,Product_7772,Office Supplies,362.69
7773,Product_7773,Clothing,1542.84
7774,Product_7774,Clothing,1336.69
7775,Product_7775,Office Supplies,3374.26
7776,Product_7776,Furniture,3389.82
7777,Product_7777,Furniture,3151.02
7778,Product_7778,Office Supplies,2779.02
7779,Product_7779,Furniture,2706.53
7780,Product_7780,Sports,4370.47
7781,Product_7781,Clothing,1130.65
7782,Product_7782,Toys,1782.17
7783,Product_7783,Home & Kitchen,458.64
7784,Product_7784,Furniture,4907.34
7785,Product_7785,Home & Kitchen,585.44
7786,Product_7786,Beauty,4650.0
7787,Product_7787,Beauty,3033.96
7788,Product_7788,Beauty,4163.02
7789,Product_7789,Beauty,4095.46
7790,Product_7790,Toys,2457.1
7791,Product_7791,Furniture,159.98
7792,Product_7792,Sports,2593.85
7793,Product_7793,Furniture,1092.23
7794,Product_7794,Furniture,3416.73
7795,Product_7795,Electronics,1209.76
7796,Product_7796,Toys,719.1
7797,Product_7797,Office Supplies,632.5
7798,Product_7798,Clothing,536.56
7799,Product_7799,Home & Kitchen,4504.21
7800,Product_7800,Toys,1513.53
7801,Product_7801,Clothing,4106.97
7802,Product_7802,Furniture,4028.08
7803,Product_7803,Sports,169.99
7804,Product_7804,Sports,1780.54
7805,Product_7805,Clothing,1433.04
7806,Product_7806,Furniture,1594.37
7807,Product_7807,Furniture,557.73
7808,Product_7808,Electronics,714.22
7809,Product_7809,Toys,4450.57
7810,Product_7810,Home & Kitchen,4941.17
7811,Product_7811,Home & Kitchen,4754.54
7812,Product_7812,Beauty,392.2
7813,Product_7813,Home & Kitchen,1029.19
7814,Product_7814,Sports,1434.75
7815,Product_7815,Toys,3126.13
7816,Product_7816,Beauty,461.4
7817,Product_7817,Toys,1488.16
7818,Product_7818,Office Supplies,2785.57
7819,Product_7819,Office Supplies,2719.56
7820,Product_7820,Sports,2367.88
7821,Product_7821,Toys,2286.35
7822,Product_7822,Sports,3907.24
7823,Product_7823,Furniture,417.5
7824,Product_7824,Clothing,1363.7
7825,Product_7825,Toys,2787.82
7826,Product_7826,Electronics,3051.89
7827,Product_7827,Clothing,2112.33
7828,Product_7828,Furniture,4781.01
7829,Product_7829,Home & Kitchen,1416.03
7830,Product_7830,Office Supplies,2055.54
7831,Product_7831,Furniture,3729.4
7832,Product_7832,Electronics,1647.55
7833,Product_7833,Toys,4509.22
7834,Product_7834,Clothing,853.24
7835,Product_7835,Home & Kitchen,4427.53
7836,Product_7836,Home & Kitchen,1715.19
7837,Product_7837,Beauty,2187.63
7838,Product_7838,Home & Kitchen,1674.38
7839,Product_7839,Sports,2524.53
7840,Product_7840,Electronics,534.37
7841,Product_7841,Sports,1023.18
7842,Product_7842,Office Supplies,1570.07
7843,Product_7843,Beauty,2771.06
7844,Product_7844,Beauty,3539.16
7845,Product_7845,Electronics,900.33
7846,Product_7846,Sports,2674.2
7847,Product_7847,Electronics,2833.61
7848,Product_7848,Sports,1286.47
7849,Product_7849,Electronics,4580.61
7850,Product_7850,Toys,846.36
7851,Product_7851,Furniture,2466.06
7852,Product_7852,Electronics,172.32
7853,Product_7853,Office Supplies,2058.17
7854,Product_7854,Toys,2679.29
7855,Product_7855,Electronics,4608.97
7856,Product_7856,Electronics,643.69
7857,Product_7857,Electronics,1460.16
7858,Product_7858,Toys,4488.18
7859,Product_7859,Electronics,1262.48
7860,Product_7860,Home & Kitchen,3522.63
7861,Product_7861,Furniture,4287.31
7862,Product_7862,Beauty,432.2
7863,Product_7863,Electronics,4695.87
7864,Product_7864,Office Supplies,3462.17
7865,Product_7865,Toys,895.94
7866,Product_7866,Home & Kitchen,3194.61
7867,Product_7867,Clothing,4397.62
7868,Product_7868,Home & Kitchen,3632.34
7869,Product_7869,Home & Kitchen,3581.57
7870,Product_7870,Beauty,2102.22
7871,Product_7871,Furniture,2580.45
7872,Product_7872,Clothing,3868.62
7873,Product_7873,Electronics,744.07
7874,Product_7874,Home & Kitchen,138.26
7875,Product_7875,Electronics,1274.88
7876,Product_7876,Beauty,1475.23
7877,Product_7877,Electronics,1155.79
7878,Product_7878,Furniture,4138.65
7879,Product_7879,Clothing,2825.37
7880,Product_7880,Sports,889.43
7881,Product_7881,Furniture,1236.02
7882,Product_7882,Home & Kitchen,921.16
7883,Product_7883,Electronics,4013.38
7884,Product_7884,Office Supplies,878.58
7885,Product_7885,Beauty,4203.1
7886,Product_7886,Furniture,3992.49
7887,Product_7887,Clothing,4234.54
7888,Product_7888,Clothing,879.73
7889,Product_7889,Furniture,556.81
7890,Product_7890,Electronics,4580.73
7891,Product_7891,Office Supplies,1822.45
7892,Product_7892,Furniture,3656.79
7893,Product_7893,Clothing,242.26
7894,Product_7894,Toys,2848.92
7895,Product_7895,Clothing,1873.22
7896,Product_7896,Beauty,4688.49
7897,Product_7897,Home & Kitchen,3969.22
7898,Product_7898,Sports,2753.01
7899,Product_7899,Office Supplies,4526.44
7900,Product_7900,Sports,4830.77
7901,Product_7901,Office Supplies,2162.46
7902,Product_7902,Office Supplies,2461.0
7903,Product_7903,Electronics,4021.68
7904,Product_7904,Electronics,4403.05
7905,Product_7905,Office Supplies,641.82
7906,Product_7906,Home & Kitchen,3650.23
7907,Product_7907,Electronics,1356.66
7908,Product_7908,Office Supplies,255.17
7909,Product_7909,Clothing,3593.15
7910,Product_7910,Toys,2236.36
7911,Product_7911,Sports,2058.24
7912,Product_7912,Clothing,2746.64
7913,Product_7913,Sports,4343.88
7914,Product_7914,Clothing,2326.64
7915,Product_7915,Furniture,4556.2
7916,Product_7916,Clothing,4844.54
7917,Product_7917,Toys,3509.23
7918,Product_7918,Toys,4426.55
7919,Product_7919,Electronics,4713.1
7920,Product_7920,Office Supplies,823.78
7921,Product_7921,Furniture,2222.06
7922,Product_7922,Home & Kitchen,1602.42
7923,Product_7923,Toys,586.98
7924,Product_7924,Home & Kitchen,4769.43
7925,Product_7925,Home & Kitchen,185.68
7926,Product_7926,Furniture,1588.82
7927,Product_7927,Office Supplies,1054.81
7928,Product_7928,Sports,2837.86
7929,Product_7929,Home & Kitchen,4852.85
7930,Product_7930,Home & Kitchen,2619.53
7931,Product_7931,Clothing,2602.23
7932,Product_7932,Clothing,60.19
7933,Product_7933,Home & Kitchen,892.88
7934,Product_7934,Electronics,3558.31
7935,Product_7935,Office Supplies,3872.13
7936,Product_7936,Home & Kitchen,245.72
7937,Product_7937,Office Supplies,738.28
7938,Product_7938,Home & Kitchen,874.35
7939,Product_7939,Beauty,3873.67
7940,Product_7940,Office Supplies,753.99
7941,Product_7941,Toys,4779.92
7942,Product_7942,Toys,3699.83
7943,Product_7943,Electronics,2669.28
7944,Product_7944,Office Supplies,2016.27
7945,Product_7945,Home & Kitchen,2981.65
7946,Product_7946,Beauty,2903.96
7947,Product_7947,Home & Kitchen,2560.28
7948,Product_7948,Furniture,3388.66
7949,Product_7949,Home & Kitchen,2729.84
7950,Product_7950,Home & Kitchen,4878.91
7951,Product_7951,Electronics,3274.19
7952,Product_7952,Home & Kitchen,1560.92
7953,Product_7953,Electronics,4216.37
7954,Product_7954,Sports,4886.31
7955,Product_7955,Clothing,4428.3
7956,Product_7956,Toys,3661.59
7957,Product_7957,Beauty,3985.28
7958,Product_7958,Furniture,1103.88
7959,Product_7959,Office Supplies,4593.24
7960,Product_7960,Office Supplies,4986.88
7961,Product_7961,Furniture,3939.76
7962,Product_7962,Sports,1334.95
7963,Product_7963,Office Supplies,4893.33
7964,Product_7964,Home & Kitchen,4818.86
7965,Product_7965,Toys,990.71
7966,Product_7966,Clothing,696.51
7967,Product_7967,Sports,3822.74
7968,Product_7968,Toys,3339.27
7969,Product_7969,Toys,888.14
7970,Product_7970,Home & Kitchen,2947.62
7971,Product_7971,Beauty,2366.7
7972,Product_7972,Toys,4782.75
7973,Product_7973,Beauty,4124.16
7974,Product_7974,Office Supplies,3110.46
7975,Product_7975,Beauty,3307.31
7976,Product_7976,Beauty,997.38
7977,Product_7977,Beauty,2825.64
7978,Product_7978,Sports,3765.31
7979,Product_7979,Toys,3815.76
7980,Product_7980,Electronics,4705.82
7981,Product_7981,Electronics,402.52
7982,Product_7982,Office Supplies,4011.28
7983,Product_7983,Toys,1475.9
7984,Product_7984,Toys,41.74
7985,Product_7985,Beauty,97.24
7986,Product_7986,Clothing,3893.4
7987,Product_7987,Home & Kitchen,3254.51
7988,Product_7988,Toys,3545.57
7989,Product_7989,Office Supplies,3502.4
7990,Product_7990,Home & Kitchen,3861.42
7991,Product_7991,Sports,1288.79
7992,Product_7992,Furniture,4808.42
7993,Product_7993,Beauty,1532.12
7994,Product_7994,Furniture,4603.39
7995,Product_7995,Clothing,4618.51
7996,Product_7996,Furniture,3866.53
7997,Product_7997,Beauty,1438.85
7998,Product_7998,Furniture,3845.58
7999,Product_7999,Electronics,4245.12
8000,Product_8000,Home & Kitchen,3509.86
8001,Product_8001,Furniture,2899.64
8002,Product_8002,Electronics,4502.44
8003,Product_8003,Home & Kitchen,4271.23
8004,Product_8004,Clothing,3484.68
8005,Product_8005,Home & Kitchen,773.31
8006,Product_8006,Beauty,2073.61
8007,Product_8007,Electronics,1358.33
8008,Product_8008,Beauty,1956.73
8009,Product_8009,Clothing,2742.14
8010,Product_8010,Sports,247.01
8011,Product_8011,Beauty,1770.67
8012,Product_8012,Office Supplies,1375.55
8013,Product_8013,Furniture,4032.61
8014,Product_8014,Sports,3778.73
8015,Product_8015,Clothing,1894.18
8016,Product_8016,Toys,2216.33
8017,Product_8017,Sports,421.02
8018,Product_8018,Office Supplies,2064.63
8019,Product_8019,Toys,1421.46
8020,Product_8020,Beauty,3184.07
8021,Product_8021,Beauty,228.52
8022,Product_8022,Beauty,3463.66
8023,Product_8023,Electronics,1717.44
8024,Product_8024,Clothing,980.89
8025,Product_8025,Home & Kitchen,524.95
8026,Product_8026,Beauty,745.55
8027,Product_8027,Toys,478.44
8028,Product_8028,Office Supplies,3131.6
8029,Product_8029,Electronics,1790.87
8030,Product_8030,Clothing,3782.84
8031,Product_8031,Toys,4591.53
8032,Product_8032,Sports,1213.86
8033,Product_8033,Sports,192.11
8034,Product_8034,Office Supplies,3675.4
8035,Product_8035,Toys,4880.36
8036,Product_8036,Clothing,3962.84
8037,Product_8037,Home & Kitchen,4531.86
8038,Product_8038,Beauty,3841.83
8039,Product_8039,Office Supplies,1566.49
8040,Product_8040,Electronics,1768.35
8041,Product_8041,Beauty,3961.04
8042,Product_8042,Sports,975.31
8043,Product_8043,Home & Kitchen,2908.22
8044,Product_8044,Toys,1627.3
8045,Product_8045,Clothing,3111.47
8046,Product_8046,Electronics,1446.77
8047,Product_8047,Electronics,4065.29
8048,Product_8048,Office Supplies,3348.49
8049,Product_8049,Electronics,1778.56
8050,Product_8050,Home & Kitchen,269.01
8051,Product_8051,Furniture,3374.82
8052,Product_8052,Beauty,2019.85
8053,Product_8053,Furniture,402.51
8054,Product_8054,Beauty,1422.06
8055,Product_8055,Furniture,2526.15
8056,Product_8056,Toys,953.62
8057,Product_8057,Electronics,4420.62
8058,Product_8058,Furniture,4008.07
8059,Product_8059,Electronics,583.41
8060,Product_8060,Sports,2427.32
8061,Product_8061,Clothing,2586.31
8062,Product_8062,Beauty,991.62
8063,Product_8063,Sports,2690.99
8064,Product_8064,Beauty,4279.56
8065,Product_8065,Furniture,4736.35
8066,Product_8066,Toys,2329.78
8067,Product_8067,Electronics,1182.35
8068,Product_8068,Toys,4399.03
8069,Product_8069,Clothing,3187.14
8070,Product_8070,Toys,1983.16
8071,Product_8071,Sports,4574.25
8072,Product_8072,Beauty,1054.14
8073,Product_8073,Furniture,3126.74
8074,Product_8074,Office Supplies,2887.85
8075,Product_8075,Sports,3702.64
8076,Product_8076,Electronics,4073.85
8077,Product_8077,Home & Kitchen,3899.37
8078,Product_8078,Sports,3561.3
8079,Product_8079,Clothing,4289.56
8080,Product_8080,Office Supplies,156.65
8081,Product_8081,Furniture,2228.48
8082,Product_8082,Office Supplies,3290.82
8083,Product_8083,Toys,730.73
8084,Product_8084,Electronics,1451.55
8085,Product_8085,Clothing,2396.85
8086,Product_8086,Home & Kitchen,1235.68
8087,Product_8087,Beauty,4172.61
8088,Product_8088,Office Supplies,3350.67
8089,Product_8089,Electronics,3321.74
8090,Product_8090,Furniture,3917.22
8091,Product_8091,Clothing,3764.22
8092,Product_8092,Furniture,3236.58
8093,Product_8093,Clothing,4961.03
8094,Product_8094,Toys,4060.14
8095,Product_8095,Furniture,4651.47
8096,Product_8096,Sports,4723.77
8097,Product_8097,Beauty,1826.66
8098,Product_8098,Home & Kitchen,3651.44
8099,Product_8099,Office Supplies,3072.15
8100,Product_8100,Clothing,4704.25
8101,Product_8101,Home & Kitchen,2489.37
8102,Product_8102,Furniture,2745.79
8103,Product_8103,Clothing,3363.98
8104,Product_8104,Electronics,943.14
8105,Product_8105,Beauty,2263.96
8106,Product_8106,Toys,1588.15
8107,Product_8107,Office Supplies,113.38
8108,Product_8108,Sports,2906.17
8109,Product_8109,Office Supplies,714.08
8110,Product_8110,Sports,4250.08
8111,Product_8111,Sports,1879.99
8112,Product_8112,Toys,2472.12
8113,Product_8113,Sports,108.99
8114,Product_8114,Electronics,4709.44
8115,Product_8115,Sports,4006.49
8116,Product_8116,Office Supplies,2616.96
8117,Product_8117,Clothing,1078.51
8118,Product_8118,Electronics,4484.56
8119,Product_8119,Home & Kitchen,4754.39
8120,Product_8120,Electronics,3392.56
8121,Product_8121,Furniture,3319.12
8122,Product_8122,Sports,4596.4
8123,Product_8123,Furniture,1656.26
8124,Product_8124,Sports,2983.05
8125,Product_8125,Beauty,1203.27
8126,Product_8126,Sports,1722.37
8127,Product_8127,Clothing,290.5
8128,Product_8128,Sports,2449.57
8129,Product_8129,Furniture,4469.8
8130,Product_8130,Toys,1720.3
8131,Product_8131,Electronics,581.89
8132,Product_8132,Furniture,4597.46
8133,Product_8133,Beauty,3079.87
8134,Product_8134,Sports,1617.75
8135,Product_8135,Home & Kitchen,4169.35
8136,Product_8136,Clothing,3404.8
8137,Product_8137,Electronics,328.47
8138,Product_8138,Furniture,340.8
8139,Product_8139,Furniture,558.42
8140,Product_8140,Office Supplies,3603.79
8141,Product_8141,Office Supplies,3305.4
8142,Product_8142,Home & Kitchen,4138.76
8143,Product_8143,Furniture,2198.5
8144,Product_8144,Furniture,1396.53
8145,Product_8145,Office Supplies,3648.32
8146,Product_8146,Beauty,791.93
8147,Product_8147,Office Supplies,4107.0
8148,Product_8148,Toys,2940.33
8149,Product_8149,Electronics,1788.81
8150,Product_8150,Clothing,1102.44
8151,Product_8151,Home & Kitchen,1404.35
8152,Product_8152,Electronics,698.57
8153,Product_8153,Home & Kitchen,526.83
8154,Product_8154,Beauty,3004.54
8155,Product_8155,Electronics,3838.91
8156,Product_8156,Toys,3342.04
8157,Product_8157,Home & Kitchen,3779.36
8158,Product_8158,Furniture,3487.32
8159,Product_8159,Furniture,29.49
8160,Product_8160,Home & Kitchen,3539.72
8161,Product_8161,Beauty,37.79
8162,Product_8162,Toys,4803.86
8163,Product_8163,Clothing,3198.52
8164,Product_8164,Beauty,2310.87
8165,Product_8165,Home & Kitchen,4707.7
8166,Product_8166,Home & Kitchen,4106.95
8167,Product_8167,Electronics,1900.47
8168,Product_8168,Clothing,3034.95
8169,Product_8169,Beauty,4081.99
8170,Product_8170,Beauty,1526.35
8171,Product_8171,Beauty,4783.63
8172,Product_8172,Office Supplies,3196.45
8173,Product_8173,Sports,681.23
8174,Product_8174,Office Supplies,918.64
8175,Product_8175,Clothing,3324.0
8176,Product_8176,Home & Kitchen,256.92
8177,Product_8177,Electronics,1764.11
8178,Product_8178,Beauty,123.23
8179,Product_8179,Home & Kitchen,3472.72
8180,Product_8180,Clothing,4111.01
8181,Product_8181,Toys,1218.28
8182,Product_8182,Office Supplies,1367.72
8183,Product_8183,Electronics,3189.55
8184,Product_8184,Sports,4947.54
8185,Product_8185,Office Supplies,1522.52
8186,Product_8186,Electronics,3221.71
8187,Product_8187,Clothing,3881.46
8188,Product_8188,Electronics,2228.03
8189,Product_8189,Beauty,3676.87
8190,Product_8190,Toys,1332.44
8191,Product_8191,Beauty,4628.51
8192,Product_8192,Sports,3178.22
8193,Product_8193,Office Supplies,935.75
8194,Product_8194,Clothing,1553.23
8195,Product_8195,Electronics,1779.88
8196,Product_8196,Furniture,2551.37
8197,Product_8197,Clothing,4447.37
8198,Product_8198,Toys,505.32
8199,Product_8199,Electronics,2167.92
8200,Product_8200,Home & Kitchen,4821.65
8201,Product_8201,Beauty,2263.82
8202,Product_8202,Office Supplies,3212.93
8203,Product_8203,Home & Kitchen,1841.11
8204,Product_8204,Office Supplies,1121.79
8205,Product_8205,Home & Kitchen,4633.08
8206,Product_8206,Toys,2030.69
8207,Product_8207,Office Supplies,54.87
8208,Product_8208,Office Supplies,535.91
8209,Product_8209,Office Supplies,1899.54
8210,Product_8210,Toys,2901.9
8211,Product_8211,Office Supplies,1371.85
8212,Product_8212,Clothing,794.55
8213,Product_8213,Electronics,1685.94
8214,Product_8214,Beauty,1885.42
8215,Product_8215,Clothing,340.09
8216,Product_8216,Electronics,1684.02
8217,Product_8217,Toys,526.19
8218,Product_8218,Sports,1590.64
8219,Product_8219,Toys,901.78
8220,Product_8220,Sports,4069.1
8221,Product_8221,Beauty,759.73
8222,Product_8222,Furniture,1366.96
8223,Product_8223,Home & Kitchen,3365.08
8224,Product_8224,Office Supplies,2470.2
8225,Product_8225,Sports,97.76
8226,Product_8226,Sports,611.93
8227,Product_8227,Clothing,3076.91
8228,Product_8228,Toys,2599.1
8229,Product_8229,Furniture,4714.35
8230,Product_8230,Electronics,1936.76
8231,Product_8231,Electronics,1576.2
8232,Product_8232,Toys,64.76
8233,Product_8233,Office Supplies,512.23
8234,Product_8234,Beauty,4382.87
8235,Product_8235,Beauty,815.38
8236,Product_8236,Home & Kitchen,1728.28
8237,Product_8237,Sports,248.32
8238,Product_8238,Furniture,4365.21
8239,Product_8239,Electronics,1460.37
8240,Product_8240,Sports,4653.47
8241,Product_8241,Toys,3983.83
8242,Product_8242,Toys,4908.96
8243,Product_8243,Toys,2087.81
8244,Product_8244,Clothing,3521.16
8245,Product_8245,Beauty,2569.25
8246,Product_8246,Clothing,2845.6
8247,Product_8247,Home & Kitchen,3312.62
8248,Product_8248,Office Supplies,849.96
8249,Product_8249,Beauty,4739.8
8250,Product_8250,Clothing,2089.85
8251,Product_8251,Sports,3559.02
8252,Product_8252,Electronics,1427.47
8253,Product_8253,Electronics,2763.62
8254,Product_8254,Beauty,1213.34
8255,Product_8255,Beauty,4804.97
8256,Product_8256,Beauty,1570.59
8257,Product_8257,Furniture,841.65
8258,Product_8258,Electronics,13.61
8259,Product_8259,Office Supplies,3173.12
8260,Product_8260,Beauty,1039.0
8261,Product_8261,Electronics,4055.21
8262,Product_8262,Home & Kitchen,1518.65
8263,Product_8263,Sports,211.52
8264,Product_8264,Beauty,3832.39
8265,Product_8265,Beauty,3968.79
8266,Product_8266,Clothing,321.12
8267,Product_8267,Toys,228.02
8268,Product_8268,Office Supplies,3659.47
8269,Product_8269,Beauty,4640.68
8270,Product_8270,Office Supplies,1040.2
8271,Product_8271,Sports,4014.48
8272,Product_8272,Clothing,4175.23
8273,Product_8273,Toys,4852.15
8274,Product_8274,Home & Kitchen,3847.3
8275,Product_8275,Beauty,1596.97
8276,Product_8276,Furniture,424.26
8277,Product_8277,Clothing,2814.03
8278,Product_8278,Sports,2455.14
8279,Product_8279,Electronics,534.24
8280,Product_8280,Electronics,1046.34
8281,Product_8281,Furniture,4324.38
8282,Product_8282,Electronics,1546.95
8283,Product_8283,Electronics,701.98
8284,Product_8284,Furniture,3238.17
8285,Product_8285,Office Supplies,1289.3
8286,Product_8286,Toys,3927.03
8287,Product_8287,Home & Kitchen,3583.04
8288,Product_8288,Furniture,2431.46
8289,Product_8289,Home & Kitchen,3709.59
8290,Product_8290,Toys,4794.85
8291,Product_8291,Clothing,3061.32
8292,Product_8292,Sports,2530.61
8293,Product_8293,Toys,531.82
8294,Product_8294,Sports,439.08
8295,Product_8295,Sports,3530.04
8296,Product_8296,Home & Kitchen,2359.63
8297,Product_8297,Office Supplies,2353.98
8298,Product_8298,Beauty,2417.32
8299,Product_8299,Home & Kitchen,3310.77
8300,Product_8300,Furniture,3314.33
8301,Product_8301,Sports,923.42
8302,Product_8302,Home & Kitchen,1896.86
8303,Product_8303,Clothing,1232.04
8304,Product_8304,Home & Kitchen,2390.23
8305,Product_8305,Clothing,4522.7
8306,Product_8306,Home & Kitchen,3558.06
8307,Product_8307,Office Supplies,1856.72
8308,Product_8308,Furniture,1789.6
8309,Product_8309,Beauty,2508.43
8310,Product_8310,Toys,4828.61
8311,Product_8311,Furniture,658.65
8312,Product_8312,Office Supplies,3366.39
8313,Product_8313,Home & Kitchen,1141.52
8314,Product_8314,Home & Kitchen,1083.8
8315,Product_8315,Toys,95.11
8316,Product_8316,Office Supplies,2979.98
8317,Product_8317,Office Supplies,3000.51
8318,Product_8318,Electronics,2113.56
8319,Product_8319,Toys,4046.63
8320,Product_8320,Clothing,2005.69
8321,Product_8321,Sports,3916.22
8322,Product_8322,Sports,103.95
8323,Product_8323,Office Supplies,2909.38
8324,Product_8324,Beauty,1821.88
8325,Product_8325,Toys,4511.19
8326,Product_8326,Home & Kitchen,4281.91
8327,Product_8327,Furniture,946.17
8328,Product_8328,Electronics,1018.55
8329,Product_8329,Electronics,1651.51
8330,Product_8330,Clothing,1455.01
8331,Product_8331,Home & Kitchen,2005.22
8332,Product_8332,Home & Kitchen,1233.4
8333,Product_8333,Electronics,3412.58
8334,Product_8334,Sports,4595.54
8335,Product_8335,Toys,2945.49
8336,Product_8336,Sports,560.37
8337,Product_8337,Furniture,3221.82
8338,Product_8338,Clothing,3184.8
8339,Product_8339,Home & Kitchen,3630.49
8340,Product_8340,Toys,2946.37
8341,Product_8341,Sports,1117.89
8342,Product_8342,Sports,4439.01
8343,Product_8343,Office Supplies,4617.15
8344,Product_8344,Beauty,853.32
8345,Product_8345,Furniture,3828.26
8346,Product_8346,Sports,4987.38
8347,Product_8347,Toys,4473.73
8348,Product_8348,Electronics,4907.94
8349,Product_8349,Clothing,868.79
8350,Product_8350,Office Supplies,4219.54
8351,Product_8351,Toys,3679.19
8352,Product_8352,Toys,4948.07
8353,Product_8353,Home & Kitchen,1793.86
8354,Product_8354,Electronics,952.86
8355,Product_8355,Clothing,4189.29
8356,Product_8356,Clothing,2420.65
8357,Product_8357,Office Supplies,3623.15
8358,Product_8358,Clothing,1147.14
8359,Product_8359,Beauty,2295.35
8360,Product_8360,Toys,1256.94
8361,Product_8361,Toys,2818.33
8362,Product_8362,Office Supplies,3541.99
8363,Product_8363,Toys,2891.02
8364,Product_8364,Beauty,2730.65
8365,Product_8365,Toys,139.07
8366,Product_8366,Office Supplies,1137.23
8367,Product_8367,Clothing,2060.51
8368,Product_8368,Home & Kitchen,4575.01
8369,Product_8369,Furniture,1269.23
8370,Product_8370,Furniture,2046.09
8371,Product_8371,Toys,143.29
8372,Product_8372,Office Supplies,3731.31
8373,Product_8373,Clothing,1589.32
8374,Product_8374,Furniture,3882.32
8375,Product_8375,Home & Kitchen,4150.53
8376,Product_8376,Home & Kitchen,4194.83
8377,Product_8377,Toys,2108.41
8378,Product_8378,Clothing,166.9
8379,Product_8379,Office Supplies,1236.4
8380,Product_8380,Furniture,2472.1
8381,Product_8381,Furniture,1827.78
8382,Product_8382,Toys,2897.78
8383,Product_8383,Office Supplies,4915.15
8384,Product_8384,Beauty,4557.55
8385,Product_8385,Sports,2532.16
8386,Product_8386,Sports,2379.59
8387,Product_8387,Sports,888.38
8388,Product_8388,Toys,858.8
8389,Product_8389,Toys,2869.72
8390,Product_8390,Toys,4075.12
8391,Product_8391,Beauty,276.12
8392,Product_8392,Sports,2676.45
8393,Product_8393,Beauty,3551.92
8394,Product_8394,Furniture,3259.29
8395,Product_8395,Toys,1764.86
8396,Product_8396,Toys,2199.47
8397,Product_8397,Beauty,4511.95
8398,Product_8398,Beauty,1550.06
8399,Product_8399,Office Supplies,570.66
8400,Product_8400,Office Supplies,3505.66
8401,Product_8401,Clothing,4432.69
8402,Product_8402,Home & Kitchen,610.45
8403,Product_8403,Clothing,1350.5
8404,Product_8404,Home & Kitchen,3168.26
8405,Product_8405,Office Supplies,2444.32
8406,Product_8406,Furniture,4609.9
8407,Product_8407,Furniture,2074.23
8408,Product_8408,Clothing,3571.0
8409,Product_8409,Home & Kitchen,3517.74
8410,Product_8410,Sports,4182.78
8411,Product_8411,Office Supplies,2905.48
8412,Product_8412,Office Supplies,4056.9
8413,Product_8413,Office Supplies,2994.62
8414,Product_8414,Toys,534.01
8415,Product_8415,Home & Kitchen,1970.3
8416,Product_8416,Clothing,2747.31
8417,Product_8417,Clothing,187.09
8418,Product_8418,Office Supplies,3921.24
8419,Product_8419,Sports,898.12
8420,Product_8420,Office Supplies,2314.86
8421,Product_8421,Office Supplies,470.28
8422,Product_8422,Clothing,3947.13
8423,Product_8423,Home & Kitchen,185.49
8424,Product_8424,Sports,4819.91
8425,Product_8425,Beauty,1196.25
8426,Product_8426,Electronics,635.15
8427,Product_8427,Sports,4607.16
8428,Product_8428,Beauty,3732.55
8429,Product_8429,Home & Kitchen,1402.33
8430,Product_8430,Office Supplies,3722.55
8431,Product_8431,Furniture,108.37
8432,Product_8432,Beauty,3751.51
8433,Product_8433,Beauty,3049.34
8434,Product_8434,Home & Kitchen,2539.28
8435,Product_8435,Beauty,3252.26
8436,Product_8436,Beauty,4543.91
8437,Product_8437,Home & Kitchen,3992.4
8438,Product_8438,Toys,4945.37
8439,Product_8439,Clothing,787.58
8440,Product_8440,Toys,4504.1
8441,Product_8441,Beauty,849.57
8442,Product_8442,Office Supplies,1985.64
8443,Product_8443,Clothing,3481.82
8444,Product_8444,Toys,3517.62
8445,Product_8445,Sports,4736.79
8446,Product_8446,Clothing,906.26
8447,Product_8447,Beauty,3789.73
8448,Product_8448,Electronics,4993.89
8449,Product_8449,Home & Kitchen,2848.12
8450,Product_8450,Home & Kitchen,33.55
8451,Product_8451,Electronics,2879.5
8452,Product_8452,Toys,1383.81
8453,Product_8453,Office Supplies,3484.33
8454,Product_8454,Toys,4227.79
8455,Product_8455,Office Supplies,1059.27
8456,Product_8456,Clothing,1479.84
8457,Product_8457,Clothing,92.45
8458,Product_8458,Clothing,4339.27
8459,Product_8459,Electronics,2489.35
8460,Product_8460,Beauty,4310.76
8461,Product_8461,Electronics,2802.42
8462,Product_8462,Home & Kitchen,2765.48
8463,Product_8463,Home & Kitchen,2495.99
8464,Product_8464,Beauty,4817.5
8465,Product_8465,Furniture,4871.26
8466,Product_8466,Clothing,2980.77
8467,Product_8467,Home & Kitchen,2424.15
8468,Product_8468,Beauty,4319.32
8469,Product_8469,Electronics,148.56
8470,Product_8470,Beauty,4327.66
8471,Product_8471,Beauty,1242.61
8472,Product_8472,Office Supplies,4913.41
8473,Product_8473,Office Supplies,2747.88
8474,Product_8474,Beauty,4837.59
8475,Product_8475,Furniture,3501.72
8476,Product_8476,Electronics,4301.39
8477,Product_8477,Office Supplies,4257.46
8478,Product_8478,Office Supplies,4241.93
8479,Product_8479,Furniture,4303.93
8480,Product_8480,Home & Kitchen,2918.57
8481,Product_8481,Sports,3543.57
8482,Product_8482,Beauty,886.62
8483,Product_8483,Furniture,669.82
8484,Product_8484,Home & Kitchen,751.46
8485,Product_8485,Office Supplies,3452.48
8486,Product_8486,Beauty,4790.65
8487,Product_8487,Toys,471.12
8488,Product_8488,Toys,1023.16
8489,Product_8489,Beauty,63.64
8490,Product_8490,Sports,3469.25
8491,Product_8491,Electronics,292.27
8492,Product_8492,Home & Kitchen,1756.59
8493,Product_8493,Home & Kitchen,885.66
8494,Product_8494,Clothing,1108.54
8495,Product_8495,Home & Kitchen,1000.85
8496,Product_8496,Clothing,545.89
8497,Product_8497,Clothing,4406.73
8498,Product_8498,Clothing,294.36
8499,Product_8499,Toys,1079.55
8500,Product_8500,Clothing,297.57
8501,Product_8501,Home & Kitchen,3875.51
8502,Product_8502,Beauty,2310.12
8503,Product_8503,Beauty,1072.2
8504,Product_8504,Sports,3861.38
8505,Product_8505,Furniture,4180.86
8506,Product_8506,Electronics,2160.89
8507,Product_8507,Office Supplies,4026.32
8508,Product_8508,Electronics,71.85
8509,Product_8509,Toys,3743.42
8510,Product_8510,Furniture,422.16
8511,Product_8511,Home & Kitchen,1704.89
8512,Product_8512,Clothing,3926.64
8513,Product_8513,Clothing,3678.11
8514,Product_8514,Toys,1286.16
8515,Product_8515,Clothing,906.5
8516,Product_8516,Furniture,4878.72
8517,Product_8517,Sports,3575.32
8518,Product_8518,Toys,1973.72
8519,Product_8519,Home & Kitchen,783.38
8520,Product_8520,Office Supplies,536.65
8521,Product_8521,Electronics,2412.61
8522,Product_8522,Office Supplies,1795.14
8523,Product_8523,Sports,4110.72
8524,Product_8524,Electronics,4937.62
8525,Product_8525,Clothing,2263.9
8526,Product_8526,Furniture,2310.32
8527,Product_8527,Clothing,4868.47
8528,Product_8528,Toys,3242.49
8529,Product_8529,Sports,3874.92
8530,Product_8530,Clothing,1154.79
8531,Product_8531,Beauty,3124.34
8532,Product_8532,Home & Kitchen,1155.21
8533,Product_8533,Toys,374.9
8534,Product_8534,Home & Kitchen,1108.22
8535,Product_8535,Electronics,204.25
8536,Product_8536,Toys,3386.98
8537,Product_8537,Home & Kitchen,3702.08
8538,Product_8538,Sports,1855.07
8539,Product_8539,Beauty,3162.71
8540,Product_8540,Office Supplies,1800.18
8541,Product_8541,Furniture,172.96
8542,Product_8542,Office Supplies,4959.88
8543,Product_8543,Clothing,4041.11
8544,Product_8544,Office Supplies,1956.15
8545,Product_8545,Electronics,741.01
8546,Product_8546,Furniture,1755.38
8547,Product_8547,Sports,1111.89
8548,Product_8548,Electronics,1278.86
8549,Product_8549,Clothing,3114.56
8550,Product_8550,Sports,855.43
8551,Product_8551,Home & Kitchen,3593.34
8552,Product_8552,Furniture,3298.69
8553,Product_8553,Electronics,384.81
8554,Product_8554,Beauty,1725.07
8555,Product_8555,Home & Kitchen,4349.17
8556,Product_8556,Toys,4248.79
8557,Product_8557,Beauty,3137.32
8558,Product_8558,Sports,4353.12
8559,Product_8559,Electronics,925.67
8560,Product_8560,Home & Kitchen,3131.25
8561,Product_8561,Home & Kitchen,389.11
8562,Product_8562,Beauty,4030.47
8563,Product_8563,Furniture,3081.26
8564,Product_8564,Toys,3471.37
8565,Product_8565,Beauty,2076.43
8566,Product_8566,Sports,2253.16
8567,Product_8567,Home & Kitchen,1692.94
8568,Product_8568,Home & Kitchen,1596.32
8569,Product_8569,Toys,985.64
8570,Product_8570,Office Supplies,3523.89
8571,Product_8571,Home & Kitchen,3485.18
8572,Product_8572,Sports,2684.52
8573,Product_8573,Sports,269.82
8574,Product_8574,Electronics,1645.14
8575,Product_8575,Clothing,2070.15
8576,Product_8576,Toys,4236.25
8577,Product_8577,Home & Kitchen,1403.29
8578,Product_8578,Office Supplies,145.4
8579,Product_8579,Office Supplies,3025.95
8580,Product_8580,Beauty,2998.92
8581,Product_8581,Electronics,1511.88
8582,Product_8582,Home & Kitchen,367.2
8583,Product_8583,Electronics,3138.8
8584,Product_8584,Beauty,1108.92
8585,Product_8585,Sports,3353.4
8586,Product_8586,Clothing,4269.56
8587,Product_8587,Toys,1160.77
8588,Product_8588,Home & Kitchen,2398.1
8589,Product_8589,Home & Kitchen,2905.37
8590,Product_8590,Sports,3280.51
8591,Product_8591,Office Supplies,2693.06
8592,Product_8592,Electronics,332.07
8593,Product_8593,Furniture,4888.06
8594,Product_8594,Electronics,273.42
8595,Product_8595,Clothing,3489.03
8596,Product_8596,Clothing,3149.45
8597,Product_8597,Electronics,4117.16
8598,Product_8598,Office Supplies,1800.17
8599,Product_8599,Toys,1321.37
8600,Product_8600,Sports,2570.66
8601,Product_8601,Beauty,1040.9
8602,Product_8602,Beauty,3546.22
8603,Product_8603,Clothing,3693.56
8604,Product_8604,Beauty,3357.16
8605,Product_8605,Home & Kitchen,1586.94
8606,Product_8606,Home & Kitchen,4712.12
8607,Product_8607,Toys,3143.06
8608,Product_8608,Clothing,4666.23
8609,Product_8609,Toys,1619.77
8610,Product_8610,Furniture,400.17
8611,Product_8611,Furniture,2133.63
8612,Product_8612,Clothing,2242.21
8613,Product_8613,Sports,3060.26
8614,Product_8614,Electronics,4480.98
8615,Product_8615,Sports,1983.31
8616,Product_8616,Toys,2646.06
8617,Product_8617,Toys,3300.35
8618,Product_8618,Sports,3176.64
8619,Product_8619,Home & Kitchen,3566.71
8620,Product_8620,Electronics,4990.46
8621,Product_8621,Furniture,401.96
8622,Product_8622,Electronics,4246.6
8623,Product_8623,Electronics,4708.97
8624,Product_8624,Beauty,1349.11
8625,Product_8625,Sports,4092.72
8626,Product_8626,Furniture,4733.85
8627,Product_8627,Home & Kitchen,1067.37
8628,Product_8628,Furniture,1659.52
8629,Product_8629,Office Supplies,1586.84
8630,Product_8630,Toys,1480.36
8631,Product_8631,Office Supplies,3449.75
8632,Product_8632,Clothing,4750.81
8633,Product_8633,Sports,4068.53
8634,Product_8634,Beauty,3197.39
8635,Product_8635,Sports,227.44
8636,Product_8636,Furniture,3462.63
8637,Product_8637,Electronics,1764.06
8638,Product_8638,Furniture,4039.8
8639,Product_8639,Toys,4945.68
8640,Product_8640,Beauty,4108.35
8641,Product_8641,Toys,2150.19
8642,Product_8642,Office Supplies,4203.42
8643,Product_8643,Sports,2701.99
8644,Product_8644,Electronics,189.66
8645,Product_8645,Furniture,2979.6
8646,Product_8646,Beauty,1771.99
8647,Product_8647,Furniture,2534.72
8648,Product_8648,Home & Kitchen,1893.15
8649,Product_8649,Sports,1772.92
8650,Product_8650,Electronics,1707.76
8651,Product_8651,Electronics,4074.49
8652,Product_8652,Furniture,951.13
8653,Product_8653,Beauty,2195.51
8654,Product_8654,Sports,3440.3
8655,Product_8655,Furniture,44.34
8656,Product_8656,Toys,614.86
8657,Product_8657,Sports,1244.58
8658,Product_8658,Furniture,4402.39
8659,Product_8659,Electronics,3272.38
8660,Product_8660,Home & Kitchen,3376.8
8661,Product_8661,Furniture,1900.55
8662,Product_8662,Electronics,4024.85
8663,Product_8663,Toys,1714.07
8664,Product_8664,Home & Kitchen,1075.39
8665,Product_8665,Home & Kitchen,50.76
8666,Product_8666,Toys,651.59
8667,Product_8667,Clothing,3187.3
8668,Product_8668,Toys,1364.47
8669,Product_8669,Clothing,1821.98
8670,Product_8670,Office Supplies,1927.59
8671,Product_8671,Clothing,1684.99
8672,Product_8672,Home & Kitchen,850.73
8673,Product_8673,Electronics,1913.58
8674,Product_8674,Beauty,605.36
8675,Product_8675,Electronics,428.93
8676,Product_8676,Sports,4552.29
8677,Product_8677,Beauty,211.4
8678,Product_8678,Toys,4158.23
8679,Product_8679,Electronics,461.78
8680,Product_8680,Electronics,2167.72
8681,Product_8681,Furniture,766.75
8682,Product_8682,Electronics,2135.04
8683,Product_8683,Office Supplies,3375.16
8684,Product_8684,Sports,4977.2
8685,Product_8685,Sports,4515.69
8686,Product_8686,Clothing,3578.96
8687,Product_8687,Clothing,531.39
8688,Product_8688,Office Supplies,4467.65
8689,Product_8689,Beauty,3572.05
8690,Product_8690,Office Supplies,3716.42
8691,Product_8691,Home & Kitchen,618.31
8692,Product_8692,Furniture,2182.18
8693,Product_8693,Office Supplies,2701.17
8694,Product_8694,Toys,4781.88
8695,Product_8695,Electronics,1429.06
8696,Product_8696,Office Supplies,4151.27
8697,Product_8697,Furniture,655.43
8698,Product_8698,Beauty,3255.45
8699,Product_8699,Beauty,2073.55
8700,Product_8700,Home & Kitchen,4990.22
8701,Product_8701,Home & Kitchen,4140.12
8702,Product_8702,Beauty,3489.82
8703,Product_8703,Home & Kitchen,2088.24
8704,Product_8704,Office Supplies,419.16
8705,Product_8705,Home & Kitchen,2733.54
8706,Product_8706,Furniture,4425.55
8707,Product_8707,Electronics,748.56
8708,Product_8708,Sports,3145.22
8709,Product_8709,Beauty,1137.65
8710,Product_8710,Clothing,2348.2
8711,Product_8711,Home & Kitchen,498.56
8712,Product_8712,Home & Kitchen,3281.74
8713,Product_8713,Office Supplies,1688.29
8714,Product_8714,Clothing,504.29
8715,Product_8715,Clothing,1298.96
8716,Product_8716,Furniture,2878.66
8717,Product_8717,Clothing,3657.61
8718,Product_8718,Electronics,2759.51
8719,Product_8719,Beauty,341.83
8720,Product_8720,Electronics,2038.86
8721,Product_8721,Office Supplies,1820.08
8722,Product_8722,Toys,560.78
8723,Product_8723,Home & Kitchen,1820.94
8724,Product_8724,Toys,2613.99
8725,Product_8725,Electronics,4816.71
8726,Product_8726,Electronics,451.95
8727,Product_8727,Electronics,535.8
8728,Product_8728,Furniture,689.08
8729,Product_8729,Toys,3208.38
8730,Product_8730,Clothing,3183.52
8731,Product_8731,Toys,1874.53
8732,Product_8732,Clothing,2966.36
8733,Product_8733,Furniture,2288.87
8734,Product_8734,Office Supplies,4468.53
8735,Product_8735,Office Supplies,3261.9
8736,Product_8736,Sports,198.38
8737,Product_8737,Sports,1718.47
8738,Product_8738,Toys,4520.72
8739,Product_8739,Beauty,198.87
8740,Product_8740,Electronics,2503.33
8741,Product_8741,Home & Kitchen,1369.9
8742,Product_8742,Toys,484.83
8743,Product_8743,Home & Kitchen,1685.25
8744,Product_8744,Clothing,47.88
8745,Product_8745,Beauty,2142.88
8746,Product_8746,Clothing,2202.09
8747,Product_8747,Electronics,3242.44
8748,Product_8748,Furniture,3786.54
8749,Product_8749,Sports,3244.07
8750,Product_8750,Beauty,4816.34
8751,Product_8751,Furniture,551.93
8752,Product_8752,Sports,2404.99
8753,Product_8753,Beauty,1858.21
8754,Product_8754,Electronics,4441.31
8755,Product_8755,Clothing,2831.99
8756,Product_8756,Electronics,3978.53
8757,Product_8757,Clothing,44.43
8758,Product_8758,Toys,3049.3
8759,Product_8759,Toys,4104.1
8760,Product_8760,Toys,4300.21
8761,Product_8761,Sports,1777.28
8762,Product_8762,Sports,4834.87
8763,Product_8763,Furniture,1667.32
8764,Product_8764,Furniture,1074.65
8765,Product_8765,Office Supplies,1825.83
8766,Product_8766,Sports,2126.64
8767,Product_8767,Electronics,2528.87
8768,Product_8768,Toys,3852.76
8769,Product_8769,Sports,4553.21
8770,Product_8770,Sports,782.28
8771,Product_8771,Home & Kitchen,2841.87
8772,Product_8772,Beauty,3998.59
8773,Product_8773,Beauty,2107.73
8774,Product_8774,Home & Kitchen,1847.76
8775,Product_8775,Electronics,2061.34
8776,Product_8776,Sports,975.0
8777,Product_8777,Clothing,998.11
8778,Product_8778,Toys,4903.52
8779,Product_8779,Toys,2913.0
8780,Product_8780,Furniture,4116.49
8781,Product_8781,Home & Kitchen,28.48
8782,Product_8782,Toys,1220.18
8783,Product_8783,Office Supplies,2993.67
8784,Product_8784,Electronics,844.64
8785,Product_8785,Toys,1757.97
8786,Product_8786,Beauty,2314.02
8787,Product_8787,Home & Kitchen,488.92
8788,Product_8788,Office Supplies,3018.41
8789,Product_8789,Electronics,4158.88
8790,Product_8790,Furniture,1504.6
8791,Product_8791,Electronics,3144.93
8792,Product_8792,Toys,1279.34
8793,Product_8793,Furniture,3698.41
8794,Product_8794,Beauty,3174.84
8795,Product_8795,Beauty,2627.69
8796,Product_8796,Beauty,3648.54
8797,Product_8797,Office Supplies,3671.26
8798,Product_8798,Clothing,4370.24
8799,Product_8799,Furniture,2252.03
8800,Product_8800,Beauty,1769.61
8801,Product_8801,Home & Kitchen,2387.7
8802,Product_8802,Office Supplies,4575.12
8803,Product_8803,Toys,3817.75
8804,Product_8804,Home & Kitchen,1705.48
8805,Product_8805,Home & Kitchen,1960.44
8806,Product_8806,Sports,1415.45
8807,Product_8807,Beauty,1026.07
8808,Product_8808,Toys,2053.44
8809,Product_8809,Sports,2858.47
8810,Product_8810,Clothing,3257.26
8811,Product_8811,Office Supplies,3733.01
8812,Product_8812,Home & Kitchen,885.16
8813,Product_8813,Toys,4215.81
8814,Product_8814,Sports,3101.19
8815,Product_8815,Sports,641.42
8816,Product_8816,Toys,1139.72
8817,Product_8817,Home & Kitchen,3383.38
8818,Product_8818,Electronics,3833.35
8819,Product_8819,Electronics,1656.98
8820,Product_8820,Electronics,21.13
8821,Product_8821,Beauty,114.89
8822,Product_8822,Electronics,1170.11
8823,Product_8823,Home & Kitchen,1587.2
8824,Product_8824,Furniture,3645.69
8825,Product_8825,Clothing,3147.28
8826,Product_8826,Beauty,3063.02
8827,Product_8827,Home & Kitchen,2400.33
8828,Product_8828,Furniture,1985.47
8829,Product_8829,Toys,652.31
8830,Product_8830,Home & Kitchen,694.99
8831,Product_8831,Sports,2523.6
8832,Product_8832,Clothing,2484.91
8833,Product_8833,Home & Kitchen,3665.37
8834,Product_8834,Furniture,1978.96
8835,Product_8835,Home & Kitchen,764.61
8836,Product_8836,Home & Kitchen,378.05
8837,Product_8837,Office Supplies,3997.73
8838,Product_8838,Clothing,536.17
8839,Product_8839,Toys,1777.45
8840,Product_8840,Toys,1250.35
8841,Product_8841,Clothing,1482.12
8842,Product_8842,Office Supplies,228.99
8843,Product_8843,Toys,628.49
8844,Product_8844,Home & Kitchen,4176.74
8845,Product_8845,Beauty,4079.15
8846,Product_8846,Beauty,2218.41
8847,Product_8847,Sports,4123.15
8848,Product_8848,Beauty,2258.81
8849,Product_8849,Beauty,1295.95
8850,Product_8850,Office Supplies,4309.81
8851,Product_8851,Toys,871.81
8852,Product_8852,Beauty,3843.57
8853,Product_8853,Sports,4745.31
8854,Product_8854,Toys,4905.44
8855,Product_8855,Furniture,4578.85
8856,Product_8856,Sports,3599.93
8857,Product_8857,Clothing,4571.8
8858,Product_8858,Electronics,3624.74
8859,Product_8859,Home & Kitchen,772.94
8860,Product_8860,Electronics,613.03
8861,Product_8861,Electronics,2410.03
8862,Product_8862,Office Supplies,698.64
8863,Product_8863,Office Supplies,2815.71
8864,Product_8864,Office Supplies,2563.79
8865,Product_8865,Electronics,1684.12
8866,Product_8866,Furniture,3968.01
8867,Product_8867,Toys,3447.35
8868,Product_8868,Toys,1257.38
8869,Product_8869,Beauty,2794.08
8870,Product_8870,Electronics,4750.62
8871,Product_8871,Office Supplies,3406.27
8872,Product_8872,Furniture,226.28
8873,Product_8873,Toys,4392.17
8874,Product_8874,Sports,1092.83
8875,Product_8875,Beauty,1585.63
8876,Product_8876,Sports,4568.34
8877,Product_8877,Electronics,421.27
8878,Product_8878,Toys,584.97
8879,Product_8879,Sports,3939.95
8880,Product_8880,Toys,718.39
8881,Product_8881,Home & Kitchen,3033.99
8882,Product_8882,Home & Kitchen,4817.53
8883,Product_8883,Clothing,2103.62
8884,Product_8884,Home & Kitchen,4508.52
8885,Product_8885,Office Supplies,333.92
8886,Product_8886,Sports,4739.01
8887,Product_8887,Sports,961.17
8888,Product_8888,Furniture,2996.55
8889,Product_8889,Home & Kitchen,4550.05
8890,Product_8890,Office Supplies,2741.83
8891,Product_8891,Home & Kitchen,2397.53
8892,Product_8892,Beauty,2541.36
8893,Product_8893,Toys,939.85
8894,Product_8894,Furniture,1202.41
8895,Product_8895,Clothing,2122.05
8896,Product_8896,Office Supplies,1180.41
8897,Product_8897,Electronics,884.41
8898,Product_8898,Toys,35.23
8899,Product_8899,Sports,605.43
8900,Product_8900,Clothing,4168.57
8901,Product_8901,Furniture,3409.74
8902,Product_8902,Beauty,34.6
8903,Product_8903,Home & Kitchen,1575.91
8904,Product_8904,Furniture,2341.53
8905,Product_8905,Clothing,4854.47
8906,Product_8906,Electronics,3247.26
8907,Product_8907,Office Supplies,2843.41
8908,Product_8908,Office Supplies,510.78
8909,Product_8909,Clothing,599.21
8910,Product_8910,Office Supplies,3778.34
8911,Product_8911,Electronics,2079.19
8912,Product_8912,Clothing,2599.26
8913,Product_8913,Clothing,3048.68
8914,Product_8914,Sports,337.53
8915,Product_8915,Home & Kitchen,3194.36
8916,Product_8916,Office Supplies,842.98
8917,Product_8917,Electronics,4555.19
8918,Product_8918,Home & Kitchen,3764.74
8919,Product_8919,Clothing,3178.16
8920,Product_8920,Toys,2041.93
8921,Product_8921,Toys,1636.9
8922,Product_8922,Electronics,2313.49
8923,Product_8923,Furniture,2184.97
8924,Product_8924,Sports,1181.98
8925,Product_8925,Toys,992.0
8926,Product_8926,Sports,4929.17
8927,Product_8927,Furniture,45.67
8928,Product_8928,Toys,3021.53
8929,Product_8929,Home & Kitchen,3597.13
8930,Product_8930,Home & Kitchen,264.0
8931,Product_8931,Electronics,2011.89
8932,Product_8932,Home & Kitchen,4811.59
8933,Product_8933,Home & Kitchen,4990.78
8934,Product_8934,Clothing,1886.32
8935,Product_8935,Office Supplies,1824.14
8936,Product_8936,Toys,2704.67
8937,Product_8937,Electronics,3500.01
8938,Product_8938,Furniture,2044.71
8939,Product_8939,Furniture,467.68
8940,Product_8940,Furniture,2311.82
8941,Product_8941,Beauty,1198.36
8942,Product_8942,Furniture,776.18
8943,Product_8943,Beauty,1848.98
8944,Product_8944,Home & Kitchen,3194.64
8945,Product_8945,Clothing,2538.16
8946,Product_8946,Furniture,650.68
8947,Product_8947,Electronics,1004.58
8948,Product_8948,Clothing,4822.0
8949,Product_8949,Sports,3963.63
8950,Product_8950,Clothing,1191.19
8951,Product_8951,Electronics,4648.19
8952,Product_8952,Home & Kitchen,4934.17
8953,Product_8953,Electronics,346.12
8954,Product_8954,Clothing,1712.28
8955,Product_8955,Beauty,2902.53
8956,Product_8956,Home & Kitchen,953.81
8957,Product_8957,Beauty,3372.72
8958,Product_8958,Electronics,229.25
8959,Product_8959,Office Supplies,4319.38
8960,Product_8960,Electronics,1243.32
8961,Product_8961,Office Supplies,3062.98
8962,Product_8962,Furniture,3369.6
8963,Product_8963,Clothing,1668.91
8964,Product_8964,Office Supplies,283.29
8965,Product_8965,Office Supplies,3427.17
8966,Product_8966,Beauty,1150.12
8967,Product_8967,Clothing,1340.17
8968,Product_8968,Toys,401.9
8969,Product_8969,Sports,4316.66
8970,Product_8970,Home & Kitchen,3988.95
8971,Product_8971,Toys,3620.78
8972,Product_8972,Home & Kitchen,1894.02
8973,Product_8973,Beauty,4421.92
8974,Product_8974,Electronics,1434.39
8975,Product_8975,Beauty,1931.02
8976,Product_8976,Electronics,3609.48
8977,Product_8977,Clothing,80.76
8978,Product_8978,Sports,4718.75
8979,Product_8979,Furniture,52.36
8980,Product_8980,Electronics,2727.81
8981,Product_8981,Clothing,3366.29
8982,Product_8982,Furniture,206.85
8983,Product_8983,Toys,2423.54
8984,Product_8984,Home & Kitchen,1640.75
8985,Product_8985,Office Supplies,4495.7
8986,Product_8986,Office Supplies,3676.49
8987,Product_8987,Electronics,3142.81
8988,Product_8988,Home & Kitchen,439.74
8989,Product_8989,Beauty,1730.55
8990,Product_8990,Office Supplies,2378.57
8991,Product_8991,Clothing,4398.27
8992,Product_8992,Electronics,3156.73
8993,Product_8993,Office Supplies,633.1
8994,Product_8994,Sports,225.66
8995,Product_8995,Furniture,505.02
8996,Product_8996,Furniture,1176.08
8997,Product_8997,Furniture,2312.6
8998,Product_8998,Sports,2196.29
8999,Product_8999,Electronics,4167.04
9000,Product_9000,Furniture,2457.99
9001,Product_9001,Furniture,3944.17
9002,Product_9002,Beauty,1626.67
9003,Product_9003,Furniture,962.23
9004,Product_9004,Home & Kitchen,3605.29
9005,Product_9005,Beauty,2317.9
9006,Product_9006,Toys,2782.86
9007,Product_9007,Clothing,4189.77
9008,Product_9008,Electronics,1973.94
9009,Product_9009,Beauty,2332.94
9010,Product_9010,Office Supplies,2716.25
9011,Product_9011,Home & Kitchen,2784.26
9012,Product_9012,Electronics,4160.43
9013,Product_9013,Home & Kitchen,154.63
9014,Product_9014,Clothing,3167.26
9015,Product_9015,Clothing,2556.5
9016,Product_9016,Toys,253.81
9017,Product_9017,Furniture,3003.47
9018,Product_9018,Sports,2656.7
9019,Product_9019,Beauty,1104.86
9020,Product_9020,Beauty,1004.05
9021,Product_9021,Sports,4833.27
9022,Product_9022,Furniture,2027.0
9023,Product_9023,Furniture,235.87
9024,Product_9024,Toys,1937.4
9025,Product_9025,Electronics,3868.23
9026,Product_9026,Office Supplies,2336.47
9027,Product_9027,Furniture,1214.85
9028,Product_9028,Beauty,3117.32
9029,Product_9029,Toys,222.5
9030,Product_9030,Office Supplies,2866.15
9031,Product_9031,Home & Kitchen,2772.46
9032,Product_9032,Furniture,976.51
9033,Product_9033,Office Supplies,65.32
9034,Product_9034,Office Supplies,1592.51
9035,Product_9035,Sports,3723.69
9036,Product_9036,Furniture,1528.63
9037,Product_9037,Home & Kitchen,3553.7
9038,Product_9038,Beauty,3368.77
9039,Product_9039,Electronics,1084.88
9040,Product_9040,Electronics,3864.91
9041,Product_9041,Home & Kitchen,1016.29
9042,Product_9042,Electronics,3439.27
9043,Product_9043,Furniture,3507.4
9044,Product_9044,Toys,2565.65
9045,Product_9045,Office Supplies,4222.56
9046,Product_9046,Toys,4199.74
9047,Product_9047,Home & Kitchen,15.93
9048,Product_9048,Furniture,864.88
9049,Product_9049,Sports,3938.95
9050,Product_9050,Electronics,458.21
9051,Product_9051,Beauty,3565.59
9052,Product_9052,Office Supplies,4697.35
9053,Product_9053,Clothing,2855.33
9054,Product_9054,Clothing,3033.77
9055,Product_9055,Office Supplies,3131.32
9056,Product_9056,Sports,4199.69
9057,Product_9057,Office Supplies,680.14
9058,Product_9058,Office Supplies,2797.51
9059,Product_9059,Furniture,994.87
9060,Product_9060,Toys,4953.3
9061,Product_9061,Beauty,409.77
9062,Product_9062,Beauty,3761.94
9063,Product_9063,Toys,2292.61
9064,Product_9064,Furniture,203.44
9065,Product_9065,Electronics,465.02
9066,Product_9066,Furniture,537.46
9067,Product_9067,Clothing,911.11
9068,Product_9068,Office Supplies,1666.29
9069,Product_9069,Electronics,2317.64
9070,Product_9070,Electronics,930.96
9071,Product_9071,Home & Kitchen,215.44
9072,Product_9072,Beauty,2661.19
9073,Product_9073,Clothing,500.91
9074,Product_9074,Electronics,2345.84
9075,Product_9075,Electronics,3183.4
9076,Product_9076,Office Supplies,3477.87
9077,Product_9077,Toys,4529.11
9078,Product_9078,Clothing,252.2
9079,Product_9079,Sports,804.51
9080,Product_9080,Toys,2523.67
9081,Product_9081,Sports,1175.38
9082,Product_9082,Beauty,1507.87
9083,Product_9083,Sports,793.14
9084,Product_9084,Clothing,2918.84
9085,Product_9085,Home & Kitchen,4283.77
9086,Product_9086,Home & Kitchen,3914.64
9087,Product_9087,Toys,1884.63
9088,Product_9088,Sports,4261.47
9089,Product_9089,Toys,1813.23
9090,Product_9090,Electronics,435.53
9091,Product_9091,Home & Kitchen,4611.87
9092,Product_9092,Office Supplies,1411.01
9093,Product_9093,Electronics,229.72
9094,Product_9094,Toys,4442.73
9095,Product_9095,Clothing,1794.11
9096,Product_9096,Beauty,4965.11
9097,Product_9097,Beauty,2278.36
9098,Product_9098,Electronics,3503.38
9099,Product_9099,Toys,2007.22
9100,Product_9100,Sports,1483.82
9101,Product_9101,Electronics,2735.49
9102,Product_9102,Home & Kitchen,4349.82
9103,Product_9103,Home & Kitchen,791.37
9104,Product_9104,Furniture,2075.5
9105,Product_9105,Furniture,2969.54
9106,Product_9106,Toys,2341.63
9107,Product_9107,Electronics,68.07
9108,Product_9108,Clothing,2979.73
9109,Product_9109,Office Supplies,3365.02
9110,Product_9110,Home & Kitchen,402.88
9111,Product_9111,Clothing,3815.32
9112,Product_9112,Sports,354.46
9113,Product_9113,Home & Kitchen,1288.53
9114,Product_9114,Home & Kitchen,226.81
9115,Product_9115,Toys,4976.88
9116,Product_9116,Electronics,4674.07
9117,Product_9117,Office Supplies,156.84
9118,Product_9118,Clothing,4373.52
9119,Product_9119,Toys,2284.44
9120,Product_9120,Sports,1651.11
9121,Product_9121,Office Supplies,4528.45
9122,Product_9122,Toys,824.32
9123,Product_9123,Clothing,4041.06
9124,Product_9124,Clothing,2255.32
9125,Product_9125,Toys,1088.16
9126,Product_9126,Office Supplies,1764.79
9127,Product_9127,Electronics,4151.17
9128,Product_9128,Toys,1530.34
9129,Product_9129,Sports,1862.27
9130,Product_9130,Furniture,1061.2
9131,Product_9131,Toys,615.46
9132,Product_9132,Furniture,4777.18
9133,Product_9133,Office Supplies,773.88
9134,Product_9134,Beauty,1932.31
9135,Product_9135,Clothing,3579.92
9136,Product_9136,Electronics,78.04
9137,Product_9137,Furniture,4148.52
9138,Product_9138,Beauty,4027.83
9139,Product_9139,Furniture,3575.04
9140,Product_9140,Electronics,4081.27
9141,Product_9141,Clothing,4265.42
9142,Product_9142,Furniture,4982.5
9143,Product_9143,Home & Kitchen,3261.99
9144,Product_9144,Electronics,1904.03
9145,Product_9145,Toys,3271.47
9146,Product_9146,Electronics,4765.39
9147,Product_9147,Clothing,4177.16
9148,Product_9148,Toys,3170.42
9149,Product_9149,Electronics,2065.91
9150,Product_9150,Electronics,1385.16
9151,Product_9151,Home & Kitchen,3953.99
9152,Product_9152,Clothing,1684.13
9153,Product_9153,Furniture,4521.17
9154,Product_9154,Clothing,1002.29
9155,Product_9155,Toys,1398.05
9156,Product_9156,Office Supplies,3456.87
9157,Product_9157,Electronics,130.14
9158,Product_9158,Sports,4565.58
9159,Product_9159,Office Supplies,3443.85
9160,Product_9160,Office Supplies,4566.53
9161,Product_9161,Office Supplies,770.11
9162,Product_9162,Office Supplies,4380.82
9163,Product_9163,Electronics,332.45
9164,Product_9164,Electronics,2724.72
9165,Product_9165,Toys,3731.95
9166,Product_9166,Furniture,3816.36
9167,Product_9167,Electronics,474.69
9168,Product_9168,Office Supplies,409.93
9169,Product_9169,Clothing,451.45
9170,Product_9170,Clothing,4551.82
9171,Product_9171,Beauty,4108.12
9172,Product_9172,Electronics,2784.56
9173,Product_9173,Home & Kitchen,2819.27
9174,Product_9174,Office Supplies,337.84
9175,Product_9175,Furniture,2471.67
9176,Product_9176,Beauty,4496.78
9177,Product_9177,Toys,1007.76
9178,Product_9178,Clothing,4907.96
9179,Product_9179,Office Supplies,2760.68
9180,Product_9180,Beauty,1204.16
9181,Product_9181,Office Supplies,1266.78
9182,Product_9182,Office Supplies,4523.48
9183,Product_9183,Clothing,4647.09
9184,Product_9184,Beauty,869.94
9185,Product_9185,Sports,4419.18
9186,Product_9186,Office Supplies,3039.56
9187,Product_9187,Home & Kitchen,4832.09
9188,Product_9188,Sports,2182.46
9189,Product_9189,Electronics,2302.41
9190,Product_9190,Office Supplies,1048.92
9191,Product_9191,Clothing,1411.91
9192,Product_9192,Home & Kitchen,3065.42
9193,Product_9193,Office Supplies,4843.84
9194,Product_9194,Sports,3857.04
9195,Product_9195,Electronics,3438.88
9196,Product_9196,Home & Kitchen,1017.17
9197,Product_9197,Beauty,4128.91
9198,Product_9198,Clothing,2763.25
9199,Product_9199,Sports,2733.46
9200,Product_9200,Furniture,4061.92
9201,Product_9201,Home & Kitchen,484.02
9202,Product_9202,Home & Kitchen,1779.62
9203,Product_9203,Electronics,3971.64
9204,Product_9204,Office Supplies,2482.86
9205,Product_9205,Toys,4597.99
9206,Product_9206,Home & Kitchen,41.18
9207,Product_9207,Sports,2676.1
9208,Product_9208,Toys,4606.25
9209,Product_9209,Office Supplies,574.64
9210,Product_9210,Office Supplies,2889.77
9211,Product_9211,Toys,4948.29
9212,Product_9212,Toys,3793.13
9213,Product_9213,Toys,2193.01
9214,Product_9214,Sports,1507.98
9215,Product_9215,Sports,2398.45
9216,Product_9216,Office Supplies,3309.78
9217,Product_9217,Furniture,109.84
9218,Product_9218,Furniture,234.14
9219,Product_9219,Clothing,997.51
9220,Product_9220,Beauty,3564.0
9221,Product_9221,Sports,4309.74
9222,Product_9222,Furniture,3559.74
9223,Product_9223,Clothing,1697.24
9224,Product_9224,Sports,952.34
9225,Product_9225,Toys,59.97
9226,Product_9226,Clothing,812.59
9227,Product_9227,Sports,3189.03
9228,Product_9228,Furniture,2102.8
9229,Product_9229,Furniture,1315.28
9230,Product_9230,Clothing,1789.2
9231,Product_9231,Home & Kitchen,3661.29
9232,Product_9232,Sports,1914.77
9233,Product_9233,Home & Kitchen,4704.31
9234,Product_9234,Furniture,3086.64
9235,Product_9235,Beauty,918.01
9236,Product_9236,Furniture,1826.59
9237,Product_9237,Toys,4186.53
9238,Product_9238,Beauty,3041.95
9239,Product_9239,Clothing,2336.68
9240,Product_9240,Toys,3308.67
9241,Product_9241,Furniture,3349.39
9242,Product_9242,Furniture,2701.18
9243,Product_9243,Home & Kitchen,501.16
9244,Product_9244,Beauty,3111.33
9245,Product_9245,Electronics,2197.14
9246,Product_9246,Furniture,1864.18
9247,Product_9247,Office Supplies,2848.9
9248,Product_9248,Home & Kitchen,1266.91
9249,Product_9249,Office Supplies,1214.22
9250,Product_9250,Beauty,2949.42
9251,Product_9251,Home & Kitchen,4996.57
9252,Product_9252,Toys,483.04
9253,Product_9253,Home & Kitchen,2259.41
9254,Product_9254,Clothing,1404.26
9255,Product_9255,Toys,4723.96
9256,Product_9256,Home & Kitchen,798.85
9257,Product_9257,Electronics,2113.6
9258,Product_9258,Beauty,1436.38
9259,Product_9259,Furniture,1685.66
9260,Product_9260,Toys,3377.65
9261,Product_9261,Home & Kitchen,4474.96
9262,Product_9262,Sports,251.91
9263,Product_9263,Sports,1354.84
9264,Product_9264,Furniture,2945.23
9265,Product_9265,Sports,3302.1
9266,Product_9266,Clothing,3749.52
9267,Product_9267,Toys,1303.55
9268,Product_9268,Beauty,1666.01
9269,Product_9269,Beauty,530.43
9270,Product_9270,Home & Kitchen,2627.47
9271,Product_9271,Sports,4056.61
9272,Product_9272,Office Supplies,1804.81
9273,Product_9273,Sports,52.98
9274,Product_9274,Clothing,907.87
9275,Product_9275,Clothing,2311.87
9276,Product_9276,Electronics,2464.06
9277,Product_9277,Home & Kitchen,4360.46
9278,Product_9278,Home & Kitchen,1259.9
9279,Product_9279,Electronics,1026.36
9280,Product_9280,Office Supplies,1810.59
9281,Product_9281,Office Supplies,3833.11
9282,Product_9282,Toys,681.54
9283,Product_9283,Toys,4855.02
9284,Product_9284,Electronics,3467.89
9285,Product_9285,Electronics,3736.55
9286,Product_9286,Furniture,1056.5
9287,Product_9287,Beauty,4028.28
9288,Product_9288,Home & Kitchen,2881.74
9289,Product_9289,Home & Kitchen,1203.9
9290,Product_9290,Home & Kitchen,3050.05
9291,Product_9291,Toys,1548.33
9292,Product_9292,Furniture,261.91
9293,Product_9293,Toys,3318.22
9294,Product_9294,Electronics,17.43
9295,Product_9295,Toys,497.31
9296,Product_9296,Sports,1120.02
9297,Product_9297,Office Supplies,132.17
9298,Product_9298,Home & Kitchen,870.15
9299,Product_9299,Clothing,134.98
9300,Product_9300,Home & Kitchen,2482.11
9301,Product_9301,Clothing,4296.7
9302,Product_9302,Beauty,1983.49
9303,Product_9303,Home & Kitchen,3967.95
9304,Product_9304,Clothing,2358.8
9305,Product_9305,Office Supplies,2804.28
9306,Product_9306,Furniture,2968.05
9307,Product_9307,Home & Kitchen,705.11
9308,Product_9308,Home & Kitchen,4876.92
9309,Product_9309,Beauty,837.87
9310,Product_9310,Sports,2167.41
9311,Product_9311,Furniture,4899.31
9312,Product_9312,Furniture,2840.37
9313,Product_9313,Beauty,3670.22
9314,Product_9314,Sports,1927.0
9315,Product_9315,Clothing,2373.47
9316,Product_9316,Furniture,1474.24
9317,Product_9317,Sports,225.78
9318,Product_9318,Office Supplies,3975.02
9319,Product_9319,Electronics,4988.42
9320,Product_9320,Sports,3668.67
9321,Product_9321,Home & Kitchen,442.85
9322,Product_9322,Toys,1520.76
9323,Product_9323,Sports,3416.05
9324,Product_9324,Beauty,4462.16
9325,Product_9325,Toys,2607.01
9326,Product_9326,Office Supplies,4156.14
9327,Product_9327,Furniture,3633.37
9328,Product_9328,Toys,2316.76
9329,Product_9329,Toys,3865.55
9330,Product_9330,Electronics,4037.09
9331,Product_9331,Sports,2483.49
9332,Product_9332,Office Supplies,2969.89
9333,Product_9333,Furniture,3810.68
9334,Product_9334,Furniture,1493.2
9335,Product_9335,Home & Kitchen,4818.8
9336,Product_9336,Toys,2015.64
9337,Product_9337,Office Supplies,3863.88
9338,Product_9338,Clothing,2029.02
9339,Product_9339,Furniture,3935.36
9340,Product_9340,Electronics,3927.88
9341,Product_9341,Sports,1165.75
9342,Product_9342,Toys,2006.57
9343,Product_9343,Beauty,690.91
9344,Product_9344,Electronics,3293.03
9345,Product_9345,Home & Kitchen,4503.15
9346,Product_9346,Toys,2951.23
9347,Product_9347,Toys,2177.21
9348,Product_9348,Clothing,3009.64
9349,Product_9349,Beauty,3997.27
9350,Product_9350,Office Supplies,1044.62
9351,Product_9351,Toys,3059.91
9352,Product_9352,Sports,4741.24
9353,Product_9353,Toys,3470.47
9354,Product_9354,Electronics,2558.95
9355,Product_9355,Toys,2126.41
9356,Product_9356,Toys,880.96
9357,Product_9357,Sports,4228.42
9358,Product_9358,Electronics,1591.1
9359,Product_9359,Furniture,3769.59
9360,Product_9360,Home & Kitchen,2538.46
9361,Product_9361,Toys,3064.65
9362,Product_9362,Electronics,2526.58
9363,Product_9363,Sports,3035.34
9364,Product_9364,Beauty,2035.34
9365,Product_9365,Office Supplies,726.83
9366,Product_9366,Sports,115.27
9367,Product_9367,Home & Kitchen,4756.44
9368,Product_9368,Furniture,1246.89
9369,Product_9369,Furniture,2633.99
9370,Product_9370,Electronics,3747.36
9371,Product_9371,Beauty,2832.87
9372,Product_9372,Clothing,962.14
9373,Product_9373,Sports,4098.64
9374,Product_9374,Furniture,2448.37
9375,Product_9375,Furniture,2180.35
9376,Product_9376,Sports,3563.18
9377,Product_9377,Clothing,2127.54
9378,Product_9378,Toys,3878.31
9379,Product_9379,Beauty,1493.48
9380,Product_9380,Electronics,1080.84
9381,Product_9381,Clothing,1292.76
9382,Product_9382,Home & Kitchen,1389.44
9383,Product_9383,Office Supplies,2490.69
9384,Product_9384,Beauty,707.19
9385,Product_9385,Home & Kitchen,834.96
9386,Product_9386,Furniture,2769.96
9387,Product_9387,Beauty,482.68
9388,Product_9388,Sports,4726.39
9389,Product_9389,Toys,4874.18
9390,Product_9390,Toys,2221.1
9391,Product_9391,Home & Kitchen,3096.1
9392,Product_9392,Electronics,1845.28
9393,Product_9393,Electronics,1852.79
9394,Product_9394,Office Supplies,3777.24
9395,Product_9395,Beauty,3985.56
9396,Product_9396,Furniture,4964.83
9397,Product_9397,Home & Kitchen,2355.68
9398,Product_9398,Electronics,1445.65
9399,Product_9399,Toys,3046.22
9400,Product_9400,Home & Kitchen,4793.57
9401,Product_9401,Sports,2902.61
9402,Product_9402,Clothing,1513.25
9403,Product_9403,Office Supplies,1333.34
9404,Product_9404,Toys,4499.62
9405,Product_9405,Furniture,4919.21
9406,Product_9406,Toys,2887.79
9407,Product_9407,Office Supplies,600.28
9408,Product_9408,Office Supplies,1868.2
9409,Product_9409,Toys,2843.48
9410,Product_9410,Beauty,1038.41
9411,Product_9411,Home & Kitchen,3538.52
9412,Product_9412,Electronics,945.99
9413,Product_9413,Clothing,2420.25
9414,Product_9414,Beauty,231.96
9415,Product_9415,Toys,1535.55
9416,Product_9416,Toys,872.59
9417,Product_9417,Sports,4298.08
9418,Product_9418,Furniture,2319.49
9419,Product_9419,Toys,2935.34
9420,Product_9420,Electronics,138.68
9421,Product_9421,Office Supplies,3454.86
9422,Product_9422,Home & Kitchen,331.89
9423,Product_9423,Home & Kitchen,4863.17
9424,Product_9424,Electronics,3047.25
9425,Product_9425,Sports,2910.64
9426,Product_9426,Toys,3431.59
9427,Product_9427,Clothing,1721.05
9428,Product_9428,Home & Kitchen,3703.09
9429,Product_9429,Furniture,1144.14
9430,Product_9430,Clothing,982.86
9431,Product_9431,Sports,2144.01
9432,Product_9432,Electronics,3640.28
9433,Product_9433,Toys,4915.18
9434,Product_9434,Furniture,4302.17
9435,Product_9435,Electronics,3518.74
9436,Product_9436,Office Supplies,1530.04
9437,Product_9437,Toys,1541.97
9438,Product_9438,Electronics,1388.32
9439,Product_9439,Furniture,1619.49
9440,Product_9440,Home & Kitchen,80.41
9441,Product_9441,Toys,2626.04
9442,Product_9442,Beauty,3314.03
9443,Product_9443,Sports,1295.47
9444,Product_9444,Office Supplies,3191.32
9445,Product_9445,Clothing,1658.55
9446,Product_9446,Clothing,4888.71
9447,Product_9447,Toys,2575.62
9448,Product_9448,Clothing,2518.2
9449,Product_9449,Furniture,536.64
9450,Product_9450,Furniture,3250.36
9451,Product_9451,Toys,431.86
9452,Product_9452,Furniture,4939.5
9453,Product_9453,Toys,3288.96
9454,Product_9454,Furniture,1046.93
9455,Product_9455,Clothing,1638.51
9456,Product_9456,Beauty,751.52
9457,Product_9457,Clothing,1965.0
9458,Product_9458,Beauty,2921.78
9459,Product_9459,Toys,695.5
9460,Product_9460,Sports,3826.45
9461,Product_9461,Clothing,4120.32
9462,Product_9462,Sports,4488.08
9463,Product_9463,Furniture,4716.97
9464,Product_9464,Beauty,4045.68
9465,Product_9465,Office Supplies,4451.81
9466,Product_9466,Sports,155.36
9467,Product_9467,Clothing,35.89
9468,Product_9468,Clothing,3414.81
9469,Product_9469,Office Supplies,4160.64
9470,Product_9470,Toys,3196.49
9471,Product_9471,Beauty,4698.31
9472,Product_9472,Office Supplies,3122.66
9473,Product_9473,Furniture,2849.89
9474,Product_9474,Sports,1714.57
9475,Product_9475,Furniture,4096.04
9476,Product_9476,Beauty,1237.97
9477,Product_9477,Office Supplies,2823.1
9478,Product_9478,Office Supplies,2358.13
9479,Product_9479,Clothing,1140.94
9480,Product_9480,Furniture,1703.01
9481,Product_9481,Home & Kitchen,4584.55
9482,Product_9482,Home & Kitchen,802.65
9483,Product_9483,Home & Kitchen,2697.74
9484,Product_9484,Toys,1997.3
9485,Product_9485,Electronics,2978.06
9486,Product_9486,Home & Kitchen,3415.7
9487,Product_9487,Home & Kitchen,2646.55
9488,Product_9488,Furniture,557.17
9489,Product_9489,Sports,4341.98
9490,Product_9490,Home & Kitchen,2701.96
9491,Product_9491,Sports,515.57
9492,Product_9492,Furniture,1888.34
9493,Product_9493,Sports,834.65
9494,Product_9494,Sports,1609.65
9495,Product_9495,Home & Kitchen,1369.1
9496,Product_9496,Sports,2529.62
9497,Product_9497,Office Supplies,1870.21
9498,Product_9498,Toys,2265.96
9499,Product_9499,Electronics,3813.0
9500,Product_9500,Office Supplies,4280.69
9501,Product_9501,Toys,3386.97
9502,Product_9502,Toys,1045.33
9503,Product_9503,Home & Kitchen,2124.57
9504,Product_9504,Clothing,453.36
9505,Product_9505,Home & Kitchen,1773.36
9506,Product_9506,Electronics,2955.93
9507,Product_9507,Toys,4030.07
9508,Product_9508,Office Supplies,3561.49
9509,Product_9509,Toys,4638.44
9510,Product_9510,Toys,3990.89
9511,Product_9511,Office Supplies,3112.67
9512,Product_9512,Toys,727.55
9513,Product_9513,Clothing,2516.62
9514,Product_9514,Sports,1113.59
9515,Product_9515,Electronics,3544.29
9516,Product_9516,Office Supplies,3603.62
9517,Product_9517,Furniture,1051.48
9518,Product_9518,Sports,1886.55
9519,Product_9519,Beauty,2206.92
9520,Product_9520,Beauty,773.22
9521,Product_9521,Office Supplies,4410.72
9522,Product_9522,Clothing,1275.33
9523,Product_9523,Office Supplies,3284.18
9524,Product_9524,Office Supplies,2265.23
9525,Product_9525,Beauty,341.18
9526,Product_9526,Toys,951.45
9527,Product_9527,Toys,1235.59
9528,Product_9528,Office Supplies,1853.25
9529,Product_9529,Sports,1110.45
9530,Product_9530,Toys,2571.37
9531,Product_9531,Office Supplies,957.42
9532,Product_9532,Beauty,1900.63
9533,Product_9533,Home & Kitchen,1599.62
9534,Product_9534,Home & Kitchen,2526.26
9535,Product_9535,Electronics,722.94
9536,Product_9536,Toys,4849.42
9537,Product_9537,Home & Kitchen,1139.6
9538,Product_9538,Sports,986.45
9539,Product_9539,Furniture,694.25
9540,Product_9540,Office Supplies,3156.3
9541,Product_9541,Toys,344.41
9542,Product_9542,Beauty,4373.78
9543,Product_9543,Beauty,4500.21
9544,Product_9544,Electronics,3818.96
9545,Product_9545,Electronics,3347.43
9546,Product_9546,Electronics,226.32
9547,Product_9547,Home & Kitchen,1267.24
9548,Product_9548,Beauty,2326.21
9549,Product_9549,Home & Kitchen,2187.23
9550,Product_9550,Furniture,1786.64
9551,Product_9551,Office Supplies,1511.18
9552,Product_9552,Furniture,3328.32
9553,Product_9553,Home & Kitchen,1351.34
9554,Product_9554,Home & Kitchen,1407.89
9555,Product_9555,Sports,2207.51
9556,Product_9556,Electronics,2510.08
9557,Product_9557,Toys,1073.08
9558,Product_9558,Sports,3247.85
9559,Product_9559,Home & Kitchen,2659.57
9560,Product_9560,Sports,1347.54
9561,Product_9561,Office Supplies,2319.6
9562,Product_9562,Office Supplies,3055.24
9563,Product_9563,Home & Kitchen,3725.57
9564,Product_9564,Beauty,2722.01
9565,Product_9565,Clothing,3363.55
9566,Product_9566,Sports,2969.88
9567,Product_9567,Home & Kitchen,4813.87
9568,Product_9568,Furniture,1371.36
9569,Product_9569,Toys,3546.02
9570,Product_9570,Office Supplies,3655.21
9571,Product_9571,Clothing,4537.75
9572,Product_9572,Electronics,3778.05
9573,Product_9573,Clothing,3826.28
9574,Product_9574,Toys,1679.44
9575,Product_9575,Electronics,1028.74
9576,Product_9576,Clothing,1407.97
9577,Product_9577,Clothing,4646.07
9578,Product_9578,Furniture,4137.8
9579,Product_9579,Home & Kitchen,3136.59
9580,Product_9580,Office Supplies,1483.48
9581,Product_9581,Sports,718.22
9582,Product_9582,Electronics,4437.3
9583,Product_9583,Electronics,2920.08
9584,Product_9584,Toys,726.97
9585,Product_9585,Sports,2240.94
9586,Product_9586,Electronics,749.87
9587,Product_9587,Sports,2156.71
9588,Product_9588,Office Supplies,3419.47
9589,Product_9589,Clothing,4278.13
9590,Product_9590,Sports,225.05
9591,Product_9591,Beauty,899.11
9592,Product_9592,Furniture,617.67
9593,Product_9593,Furniture,3308.66
9594,Product_9594,Clothing,3048.07
9595,Product_9595,Office Supplies,3643.64
9596,Product_9596,Office Supplies,4060.84
9597,Product_9597,Electronics,1893.47
9598,Product_9598,Home & Kitchen,4495.89
9599,Product_9599,Office Supplies,2983.56
9600,Product_9600,Electronics,2970.83
9601,Product_9601,Toys,2200.22
9602,Product_9602,Office Supplies,1784.16
9603,Product_9603,Home & Kitchen,1457.7
9604,Product_9604,Beauty,4944.12
9605,Product_9605,Clothing,309.44
9606,Product_9606,Home & Kitchen,4579.52
9607,Product_9607,Clothing,1481.44
9608,Product_9608,Sports,4496.98
9609,Product_9609,Home & Kitchen,2240.16
9610,Product_9610,Office Supplies,1844.16
9611,Product_9611,Sports,2033.45
9612,Product_9612,Sports,179.84
9613,Product_9613,Clothing,47.01
9614,Product_9614,Electronics,456.25
9615,Product_9615,Electronics,2423.14
9616,Product_9616,Home & Kitchen,4712.59
9617,Product_9617,Furniture,4443.27
9618,Product_9618,Clothing,4293.71
9619,Product_9619,Electronics,3776.85
9620,Product_9620,Toys,1752.67
9621,Product_9621,Toys,37.61
9622,Product_9622,Furniture,3555.08
9623,Product_9623,Office Supplies,3828.75
9624,Product_9624,Toys,3807.36
9625,Product_9625,Office Supplies,3254.42
9626,Product_9626,Beauty,3076.69
9627,Product_9627,Clothing,1933.44
9628,Product_9628,Office Supplies,4059.35
9629,Product_9629,Clothing,1516.82
9630,Product_9630,Beauty,3753.01
9631,Product_9631,Furniture,407.5
9632,Product_9632,Furniture,635.8
9633,Product_9633,Office Supplies,4963.32
9634,Product_9634,Beauty,328.87
9635,Product_9635,Home & Kitchen,4345.88
9636,Product_9636,Clothing,4814.25
9637,Product_9637,Home & Kitchen,3997.87
9638,Product_9638,Sports,2608.27
9639,Product_9639,Electronics,4015.66
9640,Product_9640,Electronics,1779.75
9641,Product_9641,Electronics,2124.27
9642,Product_9642,Beauty,3111.96
9643,Product_9643,Home & Kitchen,2757.52
9644,Product_9644,Beauty,109.14
9645,Product_9645,Electronics,3074.08
9646,Product_9646,Furniture,3227.66
9647,Product_9647,Sports,4253.99
9648,Product_9648,Home & Kitchen,3111.39
9649,Product_9649,Electronics,895.65
9650,Product_9650,Beauty,4987.18
9651,Product_9651,Beauty,3337.65
9652,Product_9652,Toys,4918.81
9653,Product_9653,Office Supplies,3052.07
9654,Product_9654,Office Supplies,4222.32
9655,Product_9655,Clothing,2692.03
9656,Product_9656,Sports,4377.57
9657,Product_9657,Clothing,3881.42
9658,Product_9658,Sports,665.96
9659,Product_9659,Furniture,2501.4
9660,Product_9660,Beauty,4657.59
9661,Product_9661,Electronics,254.09
9662,Product_9662,Clothing,1052.22
9663,Product_9663,Beauty,2581.5
9664,Product_9664,Home & Kitchen,2065.27
9665,Product_9665,Clothing,3818.7
9666,Product_9666,Clothing,1615.03
9667,Product_9667,Home & Kitchen,4183.43
9668,Product_9668,Beauty,4240.48
9669,Product_9669,Sports,3715.71
9670,Product_9670,Clothing,4972.66
9671,Product_9671,Office Supplies,2173.94
9672,Product_9672,Toys,4498.18
9673,Product_9673,Furniture,3350.65
9674,Product_9674,Home & Kitchen,1553.25
9675,Product_9675,Clothing,4852.09
9676,Product_9676,Sports,1723.21
9677,Product_9677,Home & Kitchen,1552.59
9678,Product_9678,Toys,1745.85
9679,Product_9679,Office Supplies,3572.69
9680,Product_9680,Electronics,4643.89
9681,Product_9681,Clothing,4043.7
9682,Product_9682,Furniture,1770.94
9683,Product_9683,Clothing,912.52
9684,Product_9684,Toys,4583.78
9685,Product_9685,Furniture,1640.93
9686,Product_9686,Beauty,3093.37
9687,Product_9687,Clothing,2077.48
9688,Product_9688,Clothing,4973.79
9689,Product_9689,Home & Kitchen,3251.93
9690,Product_9690,Clothing,826.06
9691,Product_9691,Home & Kitchen,3791.1
9692,Product_9692,Home & Kitchen,2654.85
9693,Product_9693,Beauty,96.82
9694,Product_9694,Furniture,1549.79
9695,Product_9695,Electronics,4583.3
9696,Product_9696,Office Supplies,1256.47
9697,Product_9697,Clothing,4127.77
9698,Product_9698,Furniture,220.41
9699,Product_9699,Office Supplies,1722.34
9700,Product_9700,Furniture,1365.13
9701,Product_9701,Electronics,4370.88
9702,Product_9702,Electronics,3963.52
9703,Product_9703,Electronics,1044.74
9704,Product_9704,Sports,1503.63
9705,Product_9705,Toys,146.83
9706,Product_9706,Office Supplies,4905.73
9707,Product_9707,Clothing,1875.38
9708,Product_9708,Toys,2559.72
9709,Product_9709,Sports,3089.16
9710,Product_9710,Beauty,312.46
9711,Product_9711,Beauty,4646.92
9712,Product_9712,Toys,314.75
9713,Product_9713,Office Supplies,3422.56
9714,Product_9714,Sports,3250.55
9715,Product_9715,Electronics,4091.99
9716,Product_9716,Sports,2487.35
9717,Product_9717,Furniture,4236.6
9718,Product_9718,Clothing,4171.4
9719,Product_9719,Beauty,340.24
9720,Product_9720,Beauty,2228.91
9721,Product_9721,Clothing,313.05
9722,Product_9722,Toys,2385.16
9723,Product_9723,Clothing,60.99
9724,Product_9724,Home & Kitchen,1689.62
9725,Product_9725,Sports,2572.8
9726,Product_9726,Office Supplies,4296.95
9727,Product_9727,Furniture,2804.59
9728,Product_9728,Electronics,3523.24
9729,Product_9729,Home & Kitchen,570.4
9730,Product_9730,Furniture,327.56
9731,Product_9731,Office Supplies,2168.15
9732,Product_9732,Office Supplies,4017.39
9733,Product_9733,Office Supplies,3069.18
9734,Product_9734,Office Supplies,648.07
9735,Product_9735,Sports,572.37
9736,Product_9736,Furniture,4362.65
9737,Product_9737,Beauty,141.5
9738,Product_9738,Office Supplies,1861.56
9739,Product_9739,Beauty,572.27
9740,Product_9740,Beauty,2300.5
9741,Product_9741,Electronics,3756.03
9742,Product_9742,Office Supplies,1093.3
9743,Product_9743,Beauty,3181.01
9744,Product_9744,Home & Kitchen,3178.76
9745,Product_9745,Office Supplies,1004.74
9746,Product_9746,Home & Kitchen,4739.93
9747,Product_9747,Sports,281.43
9748,Product_9748,Toys,1705.07
9749,Product_9749,Sports,1947.93
9750,Product_9750,Toys,2755.04
9751,Product_9751,Electronics,4415.38
9752,Product_9752,Toys,2811.24
9753,Product_9753,Clothing,2518.05
9754,Product_9754,Furniture,1937.8
9755,Product_9755,Clothing,3223.54
9756,Product_9756,Sports,270.54
9757,Product_9757,Home & Kitchen,2984.51
9758,Product_9758,Beauty,2450.9
9759,Product_9759,Beauty,2165.31
9760,Product_9760,Clothing,4373.2
9761,Product_9761,Toys,2392.35
9762,Product_9762,Beauty,3355.84
9763,Product_9763,Furniture,4834.9
9764,Product_9764,Sports,4270.83
9765,Product_9765,Toys,2111.36
9766,Product_9766,Office Supplies,158.95
9767,Product_9767,Beauty,2977.18
9768,Product_9768,Beauty,1403.09
9769,Product_9769,Sports,1928.38
9770,Product_9770,Sports,4450.81
9771,Product_9771,Beauty,3619.73
9772,Product_9772,Furniture,333.45
9773,Product_9773,Office Supplies,4711.6
9774,Product_9774,Electronics,3030.67
9775,Product_9775,Electronics,602.4
9776,Product_9776,Sports,652.73
9777,Product_9777,Furniture,3979.68
9778,Product_9778,Electronics,3140.02
9779,Product_9779,Electronics,2199.49
9780,Product_9780,Furniture,707.47
9781,Product_9781,Toys,4785.48
9782,Product_9782,Home & Kitchen,70.39
9783,Product_9783,Electronics,3741.96
9784,Product_9784,Clothing,1555.41
9785,Product_9785,Sports,2148.16
9786,Product_9786,Beauty,2131.93
9787,Product_9787,Beauty,679.19
9788,Product_9788,Toys,1881.29
9789,Product_9789,Furniture,1946.84
9790,Product_9790,Furniture,3416.79
9791,Product_9791,Clothing,3911.34
9792,Product_9792,Home & Kitchen,2501.77
9793,Product_9793,Office Supplies,2278.72
9794,Product_9794,Home & Kitchen,755.56
9795,Product_9795,Beauty,3311.21
9796,Product_9796,Furniture,3337.75
9797,Product_9797,Electronics,1069.24
9798,Product_9798,Office Supplies,4941.29
9799,Product_9799,Clothing,3339.91
9800,Product_9800,Electronics,2837.73
9801,Product_9801,Beauty,4956.62
9802,Product_9802,Home & Kitchen,2382.89
9803,Product_9803,Home & Kitchen,4528.12
9804,Product_9804,Clothing,3510.48
9805,Product_9805,Office Supplies,736.77
9806,Product_9806,Sports,4451.88
9807,Product_9807,Sports,1014.79
9808,Product_9808,Sports,417.21
9809,Product_9809,Sports,1168.44
9810,Product_9810,Toys,4731.67
9811,Product_9811,Toys,1415.92
9812,Product_9812,Beauty,361.41
9813,Product_9813,Electronics,4279.73
9814,Product_9814,Clothing,2033.27
9815,Product_9815,Beauty,2334.06
9816,Product_9816,Electronics,916.49
9817,Product_9817,Furniture,3509.89
9818,Product_9818,Sports,3929.91
9819,Product_9819,Toys,2669.14
9820,Product_9820,Office Supplies,2408.93
9821,Product_9821,Toys,4610.14
9822,Product_9822,Sports,2380.91
9823,Product_9823,Furniture,2866.2
9824,Product_9824,Furniture,3315.69
9825,Product_9825,Clothing,3416.71
9826,Product_9826,Beauty,564.57
9827,Product_9827,Beauty,459.91
9828,Product_9828,Furniture,4277.69
9829,Product_9829,Electronics,2658.71
9830,Product_9830,Clothing,3193.83
9831,Product_9831,Furniture,1818.39
9832,Product_9832,Toys,4369.1
9833,Product_9833,Sports,4939.15
9834,Product_9834,Furniture,1849.48
9835,Product_9835,Clothing,3276.57
9836,Product_9836,Electronics,1311.39
9837,Product_9837,Furniture,316.56
9838,Product_9838,Furniture,2155.15
9839,Product_9839,Sports,4793.86
9840,Product_9840,Sports,1878.44
9841,Product_9841,Sports,3271.97
9842,Product_9842,Furniture,1803.99
9843,Product_9843,Electronics,2860.81
9844,Product_9844,Home & Kitchen,53.57
9845,Product_9845,Toys,127.08
9846,Product_9846,Office Supplies,3930.25
9847,Product_9847,Electronics,1772.12
9848,Product_9848,Office Supplies,2007.74
9849,Product_9849,Sports,2524.85
9850,Product_9850,Sports,180.64
9851,Product_9851,Beauty,1157.05
9852,Product_9852,Beauty,833.49
9853,Product_9853,Home & Kitchen,1566.23
9854,Product_9854,Office Supplies,4274.33
9855,Product_9855,Toys,4935.24
9856,Product_9856,Home & Kitchen,4933.58
9857,Product_9857,Home & Kitchen,2036.68
9858,Product_9858,Beauty,4409.37
9859,Product_9859,Office Supplies,779.73
9860,Product_9860,Clothing,4956.46
9861,Product_9861,Office Supplies,2577.82
9862,Product_9862,Furniture,3070.05
9863,Product_9863,Clothing,2045.3
9864,Product_9864,Furniture,2431.81
9865,Product_9865,Furniture,1669.04
9866,Product_9866,Clothing,1121.21
9867,Product_9867,Electronics,322.67
9868,Product_9868,Beauty,4092.53
9869,Product_9869,Home & Kitchen,4981.22
9870,Product_9870,Office Supplies,3960.95
9871,Product_9871,Home & Kitchen,323.99
9872,Product_9872,Clothing,482.55
9873,Product_9873,Home & Kitchen,4727.71
9874,Product_9874,Office Supplies,3739.25
9875,Product_9875,Home & Kitchen,3982.72
9876,Product_9876,Home & Kitchen,976.73
9877,Product_9877,Beauty,1715.28
9878,Product_9878,Office Supplies,3885.19
9879,Product_9879,Furniture,4473.28
9880,Product_9880,Clothing,532.32
9881,Product_9881,Clothing,4992.26
9882,Product_9882,Furniture,1807.62
9883,Product_9883,Beauty,1120.45
9884,Product_9884,Furniture,4460.75
9885,Product_9885,Electronics,3792.59
9886,Product_9886,Beauty,1130.95
9887,Product_9887,Beauty,4005.57
9888,Product_9888,Clothing,716.71
9889,Product_9889,Office Supplies,1529.32
9890,Product_9890,Sports,634.66
9891,Product_9891,Clothing,3113.18
9892,Product_9892,Electronics,214.55
9893,Product_9893,Furniture,1223.53
9894,Product_9894,Furniture,2733.5
9895,Product_9895,Furniture,3544.73
9896,Product_9896,Electronics,1766.76
9897,Product_9897,Home & Kitchen,2194.32
9898,Product_9898,Clothing,3045.53
9899,Product_9899,Clothing,2277.6
9900,Product_9900,Electronics,472.21
9901,Product_9901,Toys,4620.01
9902,Product_9902,Furniture,3781.42
9903,Product_9903,Home & Kitchen,3739.15
9904,Product_9904,Toys,2572.99
9905,Product_9905,Furniture,3464.91
9906,Product_9906,Office Supplies,1584.03
9907,Product_9907,Electronics,4764.08
9908,Product_9908,Electronics,1621.62
9909,Product_9909,Toys,1924.2
9910,Product_9910,Home & Kitchen,1181.46
9911,Product_9911,Electronics,1947.71
9912,Product_9912,Toys,4774.46
9913,Product_9913,Furniture,2731.09
9914,Product_9914,Electronics,4953.94
9915,Product_9915,Beauty,2848.29
9916,Product_9916,Toys,2623.37
9917,Product_9917,Electronics,2612.35
9918,Product_9918,Clothing,4320.94
9919,Product_9919,Electronics,2333.43
9920,Product_9920,Home & Kitchen,2968.57
9921,Product_9921,Furniture,999.53
9922,Product_9922,Furniture,3919.99
9923,Product_9923,Furniture,1195.77
9924,Product_9924,Home & Kitchen,2547.25
9925,Product_9925,Home & Kitchen,1146.76
9926,Product_9926,Sports,2200.94
9927,Product_9927,Furniture,2049.98
9928,Product_9928,Furniture,574.15
9929,Product_9929,Toys,248.11
9930,Product_9930,Sports,4386.37
9931,Product_9931,Electronics,959.01
9932,Product_9932,Toys,886.51
9933,Product_9933,Electronics,747.57
9934,Product_9934,Electronics,4331.66
9935,Product_9935,Sports,506.7
9936,Product_9936,Beauty,2247.55
9937,Product_9937,Furniture,4101.04
9938,Product_9938,Electronics,1632.1
9939,Product_9939,Sports,4741.64
9940,Product_9940,Toys,4375.06
9941,Product_9941,Electronics,2379.51
9942,Product_9942,Electronics,1247.86
9943,Product_9943,Sports,3167.24
9944,Product_9944,Furniture,759.25
9945,Product_9945,Sports,553.46
9946,Product_9946,Beauty,3632.33
9947,Product_9947,Furniture,3407.23
9948,Product_9948,Furniture,1713.23
9949,Product_9949,Home & Kitchen,225.21
9950,Product_9950,Clothing,3515.09
9951,Product_9951,Electronics,881.18
9952,Product_9952,Home & Kitchen,3224.05
9953,Product_9953,Furniture,2176.23
9954,Product_9954,Furniture,4415.26
9955,Product_9955,Beauty,1502.07
9956,Product_9956,Sports,3006.14
9957,Product_9957,Furniture,1977.45
9958,Product_9958,Furniture,486.11
9959,Product_9959,Clothing,977.59
9960,Product_9960,Clothing,2035.91
9961,Product_9961,Sports,4385.58
9962,Product_9962,Toys,2531.16
9963,Product_9963,Home & Kitchen,3915.24
9964,Product_9964,Beauty,3307.76
9965,Product_9965,Sports,4029.67
9966,Product_9966,Beauty,621.99
9967,Product_9967,Electronics,3580.13
9968,Product_9968,Beauty,4628.6
9969,Product_9969,Clothing,3721.03
9970,Product_9970,Electronics,1759.63
9971,Product_9971,Office Supplies,1654.39
9972,Product_9972,Beauty,4734.48
9973,Product_9973,Sports,2352.43
9974,Product_9974,Electronics,4634.72
9975,Product_9975,Office Supplies,3750.47
9976,Product_9976,Clothing,1530.37
9977,Product_9977,Clothing,4042.67
9978,Product_9978,Beauty,766.08
9979,Product_9979,Electronics,2373.39
9980,Product_9980,Toys,2596.14
9981,Product_9981,Furniture,4301.73
9982,Product_9982,Office Supplies,4039.04
9983,Product_9983,Beauty,4474.58
9984,Product_9984,Office Supplies,442.35
9985,Product_9985,Beauty,3537.95
9986,Product_9986,Beauty,1028.09
9987,Product_9987,Clothing,2268.38
9988,Product_9988,Toys,4184.31
9989,Product_9989,Clothing,1271.99
9990,Product_9990,Sports,3763.17
9991,Product_9991,Sports,4099.71
9992,Product_9992,Home & Kitchen,3287.69
9993,Product_9993,Beauty,37.66
9994,Product_9994,Home & Kitchen,721.08
9995,Product_9995,Home & Kitchen,860.59
9996,Product_9996,Sports,1998.94
9997,Product_9997,Home & Kitchen,2903.74
9998,Product_9998,Toys,1250.94
9999,Product_9999,Clothing,2394.65
10000,Product_10000,Toys,857.11
10001,Product_10001,Office Supplies,1534.34
10002,Product_10002,Sports,2251.87
10003,Product_10003,Electronics,312.3
10004,Product_10004,Home & Kitchen,1220.12
10005,Product_10005,Office Supplies,1806.86
10006,Product_10006,Furniture,3850.43
10007,Product_10007,Electronics,3493.58
10008,Product_10008,Office Supplies,2968.94
10009,Product_10009,Office Supplies,2278.26
10010,Product_10010,Clothing,3096.44
10011,Product_10011,Home & Kitchen,2724.14
10012,Product_10012,Toys,561.16
10013,Product_10013,Furniture,1449.52
10014,Product_10014,Beauty,695.83
10015,Product_10015,Electronics,3306.89
10016,Product_10016,Toys,3990.2
10017,Product_10017,Electronics,3404.44
10018,Product_10018,Toys,3049.74
10019,Product_10019,Furniture,1046.39
10020,Product_10020,Clothing,4215.76
10021,Product_10021,Sports,56.92
10022,Product_10022,Furniture,4519.67
10023,Product_10023,Clothing,1381.58
10024,Product_10024,Furniture,423.26
10025,Product_10025,Furniture,1609.41
10026,Product_10026,Electronics,1610.89
10027,Product_10027,Clothing,788.68
10028,Product_10028,Beauty,4245.37
10029,Product_10029,Sports,3388.61
10030,Product_10030,Clothing,1832.53
10031,Product_10031,Clothing,1502.05
10032,Product_10032,Sports,4573.36
10033,Product_10033,Sports,135.71
10034,Product_10034,Beauty,2516.89
10035,Product_10035,Toys,2597.89
10036,Product_10036,Electronics,1183.82
10037,Product_10037,Sports,119.85
10038,Product_10038,Home & Kitchen,406.78
10039,Product_10039,Beauty,1306.75
10040,Product_10040,Furniture,3462.64
10041,Product_10041,Clothing,1890.51
10042,Product_10042,Office Supplies,4213.67
10043,Product_10043,Beauty,3999.36
10044,Product_10044,Electronics,1056.46
10045,Product_10045,Furniture,2764.07
10046,Product_10046,Furniture,4771.41
10047,Product_10047,Electronics,2873.0
10048,Product_10048,Electronics,4216.93
10049,Product_10049,Toys,2361.62
10050,Product_10050,Furniture,2302.62
10051,Product_10051,Clothing,782.9
10052,Product_10052,Beauty,2580.18
10053,Product_10053,Furniture,445.54
10054,Product_10054,Clothing,296.77
10055,Product_10055,Beauty,3272.48
10056,Product_10056,Home & Kitchen,612.57
10057,Product_10057,Home & Kitchen,1532.59
10058,Product_10058,Office Supplies,1810.8
10059,Product_10059,Home & Kitchen,1760.08
10060,Product_10060,Clothing,3770.98
10061,Product_10061,Office Supplies,257.2
10062,Product_10062,Furniture,729.36
10063,Product_10063,Beauty,840.09
10064,Product_10064,Clothing,4017.04
10065,Product_10065,Clothing,2611.01
10066,Product_10066,Electronics,4635.39
10067,Product_10067,Sports,2737.35
10068,Product_10068,Furniture,3336.17
10069,Product_10069,Toys,1043.35
10070,Product_10070,Beauty,1130.63
10071,Product_10071,Clothing,422.95
10072,Product_10072,Beauty,1655.54
10073,Product_10073,Sports,2915.41
10074,Product_10074,Clothing,1783.71
10075,Product_10075,Office Supplies,3418.78
10076,Product_10076,Office Supplies,131.84
10077,Product_10077,Toys,2368.16
10078,Product_10078,Furniture,464.47
10079,Product_10079,Toys,4197.46
10080,Product_10080,Toys,1089.84
10081,Product_10081,Furniture,4465.52
10082,Product_10082,Sports,2776.15
10083,Product_10083,Clothing,4155.35
10084,Product_10084,Furniture,2326.35
10085,Product_10085,Sports,3229.93
10086,Product_10086,Toys,663.61
10087,Product_10087,Sports,3942.41
10088,Product_10088,Furniture,625.79
10089,Product_10089,Office Supplies,4861.2
10090,Product_10090,Sports,268.62
10091,Product_10091,Home & Kitchen,3916.32
10092,Product_10092,Beauty,4285.42
10093,Product_10093,Home & Kitchen,4694.33
10094,Product_10094,Beauty,2048.64
10095,Product_10095,Electronics,2425.2
10096,Product_10096,Furniture,3960.08
10097,Product_10097,Sports,937.64
10098,Product_10098,Home & Kitchen,3419.6
10099,Product_10099,Home & Kitchen,4268.18
10100,Product_10100,Home & Kitchen,995.9
10101,Product_10101,Beauty,4756.11
10102,Product_10102,Beauty,534.81
10103,Product_10103,Electronics,4102.5
10104,Product_10104,Office Supplies,1657.22
10105,Product_10105,Beauty,1522.1
10106,Product_10106,Electronics,232.58
10107,Product_10107,Home & Kitchen,3084.48
10108,Product_10108,Electronics,3561.06
10109,Product_10109,Office Supplies,30.91
10110,Product_10110,Toys,1434.48
10111,Product_10111,Beauty,1520.97
10112,Product_10112,Clothing,819.22
10113,Product_10113,Furniture,2958.82
10114,Product_10114,Home & Kitchen,16.19
10115,Product_10115,Beauty,3082.13
10116,Product_10116,Sports,4205.23
10117,Product_10117,Electronics,1154.06
10118,Product_10118,Electronics,4385.43
10119,Product_10119,Beauty,2235.95
10120,Product_10120,Sports,2003.29
10121,Product_10121,Beauty,3460.89
10122,Product_10122,Toys,4155.39
10123,Product_10123,Home & Kitchen,1769.5
10124,Product_10124,Sports,4038.44
10125,Product_10125,Clothing,1891.02
10126,Product_10126,Electronics,2300.76
10127,Product_10127,Toys,4003.58
10128,Product_10128,Clothing,3642.7
10129,Product_10129,Sports,4251.73
10130,Product_10130,Home & Kitchen,4017.25
10131,Product_10131,Sports,2426.83
10132,Product_10132,Toys,4728.5
10133,Product_10133,Clothing,2874.03
10134,Product_10134,Beauty,1988.69
10135,Product_10135,Toys,231.8
10136,Product_10136,Furniture,984.68
10137,Product_10137,Toys,104.07
10138,Product_10138,Home & Kitchen,2226.77
10139,Product_10139,Clothing,521.33
10140,Product_10140,Clothing,1500.64
10141,Product_10141,Furniture,3674.02
10142,Product_10142,Home & Kitchen,980.06
10143,Product_10143,Home & Kitchen,29.87
10144,Product_10144,Electronics,1000.31
10145,Product_10145,Toys,4072.1
10146,Product_10146,Beauty,964.92
10147,Product_10147,Home & Kitchen,2170.8
10148,Product_10148,Beauty,2543.94
10149,Product_10149,Office Supplies,207.58
10150,Product_10150,Clothing,2626.13
10151,Product_10151,Electronics,710.05
10152,Product_10152,Sports,3570.0
10153,Product_10153,Sports,902.65
10154,Product_10154,Beauty,2963.22
10155,Product_10155,Furniture,2160.01
10156,Product_10156,Office Supplies,2950.78
10157,Product_10157,Beauty,4332.84
10158,Product_10158,Clothing,4296.73
10159,Product_10159,Toys,438.18
10160,Product_10160,Electronics,1885.0
10161,Product_10161,Clothing,4076.05
10162,Product_10162,Furniture,3423.25
10163,Product_10163,Home & Kitchen,589.7
10164,Product_10164,Clothing,44.1
10165,Product_10165,Toys,1993.51
10166,Product_10166,Electronics,4350.67
10167,Product_10167,Beauty,4994.12
10168,Product_10168,Office Supplies,1525.21
10169,Product_10169,Furniture,2784.52
10170,Product_10170,Toys,1922.31
10171,Product_10171,Electronics,3568.12
10172,Product_10172,Sports,2632.27
10173,Product_10173,Furniture,761.9
10174,Product_10174,Sports,2556.52
10175,Product_10175,Electronics,2884.34
10176,Product_10176,Home & Kitchen,2598.54
10177,Product_10177,Electronics,2705.11
10178,Product_10178,Home & Kitchen,2961.3
10179,Product_10179,Office Supplies,1032.62
10180,Product_10180,Clothing,1385.04
10181,Product_10181,Office Supplies,783.23
10182,Product_10182,Beauty,744.43
10183,Product_10183,Home & Kitchen,1418.68
10184,Product_10184,Toys,587.51
10185,Product_10185,Furniture,50.21
10186,Product_10186,Furniture,1409.34
10187,Product_10187,Toys,872.89
10188,Product_10188,Furniture,4308.93
10189,Product_10189,Furniture,2024.14
10190,Product_10190,Clothing,232.33
10191,Product_10191,Home & Kitchen,2695.98
10192,Product_10192,Clothing,3666.96
10193,Product_10193,Clothing,2885.82
10194,Product_10194,Beauty,362.18
10195,Product_10195,Sports,2219.41
10196,Product_10196,Furniture,2259.85
10197,Product_10197,Sports,1528.99
10198,Product_10198,Office Supplies,115.34
10199,Product_10199,Electronics,760.77
10200,Product_10200,Furniture,3519.43
10201,Product_10201,Sports,1160.96
10202,Product_10202,Electronics,3899.3
10203,Product_10203,Home & Kitchen,3366.97
10204,Product_10204,Home & Kitchen,3970.1
10205,Product_10205,Home & Kitchen,2506.84
10206,Product_10206,Furniture,2023.71
10207,Product_10207,Office Supplies,2459.51
10208,Product_10208,Electronics,991.76
10209,Product_10209,Clothing,2805.98
10210,Product_10210,Home & Kitchen,3552.41
10211,Product_10211,Electronics,4762.71
10212,Product_10212,Toys,2763.16
10213,Product_10213,Sports,555.73
10214,Product_10214,Electronics,4476.31
10215,Product_10215,Sports,4474.14
10216,Product_10216,Sports,1063.99
10217,Product_10217,Furniture,2943.67
10218,Product_10218,Furniture,1681.78
10219,Product_10219,Furniture,2155.13
10220,Product_10220,Beauty,4194.82
10221,Product_10221,Office Supplies,2713.38
10222,Product_10222,Office Supplies,1380.97
10223,Product_10223,Home & Kitchen,751.82
10224,Product_10224,Office Supplies,820.01
10225,Product_10225,Electronics,913.97
10226,Product_10226,Electronics,4800.47
10227,Product_10227,Toys,588.74
10228,Product_10228,Clothing,4728.6
10229,Product_10229,Sports,2706.56
10230,Product_10230,Furniture,1869.52
10231,Product_10231,Furniture,20.21
10232,Product_10232,Electronics,1859.07
10233,Product_10233,Clothing,1500.17
10234,Product_10234,Office Supplies,347.73
10235,Product_10235,Beauty,3337.9
10236,Product_10236,Clothing,1131.7
10237,Product_10237,Home & Kitchen,4961.45
10238,Product_10238,Home & Kitchen,996.28
10239,Product_10239,Home & Kitchen,29.41
10240,Product_10240,Electronics,653.63
10241,Product_10241,Sports,2922.07
10242,Product_10242,Office Supplies,406.38
10243,Product_10243,Furniture,4080.6
10244,Product_10244,Electronics,1667.33
10245,Product_10245,Office Supplies,380.05
10246,Product_10246,Beauty,1393.24
10247,Product_10247,Home & Kitchen,3379.32
10248,Product_10248,Toys,3229.71
10249,Product_10249,Furniture,2193.93
10250,Product_10250,Electronics,356.76
10251,Product_10251,Office Supplies,1438.56
10252,Product_10252,Toys,2149.33
10253,Product_10253,Clothing,2899.2
10254,Product_10254,Furniture,2078.2
10255,Product_10255,Furniture,1032.67
10256,Product_10256,Sports,236.07
10257,Product_10257,Furniture,4438.78
10258,Product_10258,Office Supplies,4969.44
10259,Product_10259,Electronics,752.0
10260,Product_10260,Furniture,991.8
10261,Product_10261,Furniture,845.51
10262,Product_10262,Clothing,3445.31
10263,Product_10263,Office Supplies,2810.66
10264,Product_10264,Electronics,3086.44
10265,Product_10265,Clothing,2424.09
10266,Product_10266,Clothing,3663.25
10267,Product_10267,Furniture,571.83
10268,Product_10268,Toys,4936.67
10269,Product_10269,Furniture,1553.1
10270,Product_10270,Beauty,4163.05
10271,Product_10271,Home & Kitchen,3366.06
10272,Product_10272,Sports,409.48
10273,Product_10273,Furniture,3775.84
10274,Product_10274,Beauty,4092.68
10275,Product_10275,Sports,3227.32
10276,Product_10276,Electronics,2249.14
10277,Product_10277,Beauty,1027.79
10278,Product_10278,Home & Kitchen,1921.37
10279,Product_10279,Sports,3852.95
10280,Product_10280,Clothing,2261.35
10281,Product_10281,Office Supplies,784.6
10282,Product_10282,Sports,55.08
10283,Product_10283,Sports,3674.96
10284,Product_10284,Furniture,3796.19
10285,Product_10285,Clothing,2980.15
10286,Product_10286,Electronics,2032.9
10287,Product_10287,Beauty,1405.48
10288,Product_10288,Electronics,4721.34
10289,Product_10289,Furniture,3518.22
10290,Product_10290,Furniture,3796.52
10291,Product_10291,Home & Kitchen,425.06
10292,Product_10292,Sports,3981.0
10293,Product_10293,Sports,3333.62
10294,Product_10294,Furniture,4323.44
10295,Product_10295,Beauty,315.74
10296,Product_10296,Beauty,2645.29
10297,Product_10297,Furniture,2441.36
10298,Product_10298,Furniture,4509.15
10299,Product_10299,Office Supplies,76.5
10300,Product_10300,Sports,4310.38
10301,Product_10301,Toys,1121.87
10302,Product_10302,Toys,4416.33
10303,Product_10303,Furniture,608.67
10304,Product_10304,Sports,3204.9
10305,Product_10305,Clothing,1460.07
10306,Product_10306,Electronics,3157.89
10307,Product_10307,Office Supplies,2213.28
10308,Product_10308,Beauty,1474.57
10309,Product_10309,Home & Kitchen,1310.2
10310,Product_10310,Electronics,3655.49
10311,Product_10311,Toys,4540.05
10312,Product_10312,Toys,2311.53
10313,Product_10313,Sports,2272.32
10314,Product_10314,Beauty,2326.98
10315,Product_10315,Home & Kitchen,2503.28
10316,Product_10316,Home & Kitchen,1803.83
10317,Product_10317,Office Supplies,3602.7
10318,Product_10318,Clothing,452.39
10319,Product_10319,Sports,2311.11
10320,Product_10320,Home & Kitchen,3473.14
10321,Product_10321,Clothing,4481.78
10322,Product_10322,Furniture,2591.27
10323,Product_10323,Office Supplies,2793.33
10324,Product_10324,Electronics,3461.55
10325,Product_10325,Furniture,1525.47
10326,Product_10326,Home & Kitchen,2046.88
10327,Product_10327,Electronics,2929.38
10328,Product_10328,Sports,4965.37
10329,Product_10329,Clothing,4092.42
10330,Product_10330,Sports,1603.54
10331,Product_10331,Home & Kitchen,2632.7
10332,Product_10332,Office Supplies,3233.17
10333,Product_10333,Electronics,2277.39
10334,Product_10334,Office Supplies,3604.41
10335,Product_10335,Electronics,2707.93
10336,Product_10336,Clothing,1193.45
10337,Product_10337,Beauty,822.39
10338,Product_10338,Electronics,1993.7
10339,Product_10339,Beauty,1951.02
10340,Product_10340,Toys,1035.84
10341,Product_10341,Toys,3167.49
10342,Product_10342,Office Supplies,3719.39
10343,Product_10343,Sports,974.66
10344,Product_10344,Sports,125.1
10345,Product_10345,Home & Kitchen,1744.82
10346,Product_10346,Beauty,1006.78
10347,Product_10347,Electronics,1598.68
10348,Product_10348,Furniture,2468.57
10349,Product_10349,Furniture,2055.93
10350,Product_10350,Sports,1202.94
10351,Product_10351,Office Supplies,1170.88
10352,Product_10352,Home & Kitchen,1322.43
10353,Product_10353,Electronics,2414.85
10354,Product_10354,Clothing,2302.82
10355,Product_10355,Office Supplies,2805.79
10356,Product_10356,Electronics,3796.46
10357,Product_10357,Clothing,801.8
10358,Product_10358,Sports,2063.36
10359,Product_10359,Toys,2559.87
10360,Product_10360,Office Supplies,2958.1
10361,Product_10361,Sports,3619.05
10362,Product_10362,Sports,3421.77
10363,Product_10363,Toys,3113.47
10364,Product_10364,Furniture,4478.37
10365,Product_10365,Office Supplies,2054.24
10366,Product_10366,Clothing,3366.97
10367,Product_10367,Furniture,2720.11
10368,Product_10368,Toys,4788.82
10369,Product_10369,Beauty,2046.93
10370,Product_10370,Toys,1091.81
10371,Product_10371,Electronics,2777.15
10372,Product_10372,Beauty,2687.91
10373,Product_10373,Electronics,4288.04
10374,Product_10374,Toys,3070.58
10375,Product_10375,Office Supplies,4196.45
10376,Product_10376,Office Supplies,2162.5
10377,Product_10377,Furniture,1568.32
10378,Product_10378,Clothing,1849.46
10379,Product_10379,Clothing,2745.45
10380,Product_10380,Toys,1062.38
10381,Product_10381,Sports,2364.58
10382,Product_10382,Home & Kitchen,4633.54
10383,Product_10383,Clothing,3129.53
10384,Product_10384,Clothing,3498.49
10385,Product_10385,Sports,2437.01
10386,Product_10386,Beauty,1301.86
10387,Product_10387,Clothing,97.1
10388,Product_10388,Home & Kitchen,4430.73
10389,Product_10389,Home & Kitchen,357.4
10390,Product_10390,Toys,907.9
10391,Product_10391,Furniture,462.62
10392,Product_10392,Office Supplies,3278.29
10393,Product_10393,Furniture,2065.56
10394,Product_10394,Office Supplies,405.09
10395,Product_10395,Clothing,4747.99
10396,Product_10396,Home & Kitchen,3886.59
10397,Product_10397,Electronics,754.2
10398,Product_10398,Sports,3962.92
10399,Product_10399,Electronics,164.5
10400,Product_10400,Clothing,3108.08
10401,Product_10401,Beauty,736.88
10402,Product_10402,Clothing,3200.58
10403,Product_10403,Office Supplies,1022.02
10404,Product_10404,Toys,3140.75
10405,Product_10405,Sports,598.29
10406,Product_10406,Sports,1973.31
10407,Product_10407,Clothing,2615.28
10408,Product_10408,Home & Kitchen,774.1
10409,Product_10409,Clothing,3831.19
10410,Product_10410,Home & Kitchen,3841.17
10411,Product_10411,Beauty,1566.77
10412,Product_10412,Clothing,1657.3
10413,Product_10413,Home & Kitchen,2319.1
10414,Product_10414,Furniture,1624.05
10415,Product_10415,Home & Kitchen,4672.97
10416,Product_10416,Home & Kitchen,1984.24
10417,Product_10417,Sports,2554.52
10418,Product_10418,Sports,4136.59
10419,Product_10419,Toys,2318.33
10420,Product_10420,Office Supplies,762.71
10421,Product_10421,Office Supplies,4997.15
10422,Product_10422,Furniture,1752.81
10423,Product_10423,Furniture,4806.46
10424,Product_10424,Home & Kitchen,2906.9
10425,Product_10425,Beauty,3182.78
10426,Product_10426,Office Supplies,4556.89
10427,Product_10427,Office Supplies,4503.0
10428,Product_10428,Toys,4685.24
10429,Product_10429,Home & Kitchen,2595.34
10430,Product_10430,Toys,1935.39
10431,Product_10431,Beauty,1055.5
10432,Product_10432,Clothing,2456.9
10433,Product_10433,Furniture,614.03
10434,Product_10434,Furniture,460.68
10435,Product_10435,Beauty,2782.99
10436,Product_10436,Office Supplies,173.01
10437,Product_10437,Electronics,3469.46
10438,Product_10438,Furniture,4540.51
10439,Product_10439,Home & Kitchen,3305.42
10440,Product_10440,Sports,4903.88
10441,Product_10441,Clothing,4321.1
10442,Product_10442,Clothing,662.65
10443,Product_10443,Electronics,419.13
10444,Product_10444,Office Supplies,2038.09
10445,Product_10445,Toys,632.24
10446,Product_10446,Beauty,1267.18
10447,Product_10447,Clothing,890.05
10448,Product_10448,Sports,1916.91
10449,Product_10449,Beauty,3926.49
10450,Product_10450,Home & Kitchen,129.59
10451,Product_10451,Toys,4561.17
10452,Product_10452,Beauty,2083.91
10453,Product_10453,Furniture,4778.29
10454,Product_10454,Sports,4267.48
10455,Product_10455,Furniture,1705.62
10456,Product_10456,Office Supplies,4550.2
10457,Product_10457,Office Supplies,3426.25
10458,Product_10458,Toys,4785.61
10459,Product_10459,Furniture,434.36
10460,Product_10460,Beauty,2832.81
10461,Product_10461,Toys,801.38
10462,Product_10462,Toys,4685.35
10463,Product_10463,Beauty,4639.99
10464,Product_10464,Electronics,759.44
10465,Product_10465,Toys,3013.95
10466,Product_10466,Beauty,2835.16
10467,Product_10467,Clothing,2639.97
10468,Product_10468,Toys,1078.07
10469,Product_10469,Home & Kitchen,2613.58
10470,Product_10470,Electronics,1552.64
10471,Product_10471,Furniture,1855.11
10472,Product_10472,Furniture,1357.52
10473,Product_10473,Furniture,3018.53
10474,Product_10474,Furniture,1867.3
10475,Product_10475,Toys,2221.55
10476,Product_10476,Home & Kitchen,2987.88
10477,Product_10477,Electronics,3430.37
10478,Product_10478,Beauty,1047.99
10479,Product_10479,Office Supplies,2646.15
10480,Product_10480,Electronics,1744.37
10481,Product_10481,Toys,683.93
10482,Product_10482,Beauty,1602.39
10483,Product_10483,Toys,2444.76
10484,Product_10484,Electronics,2612.39
10485,Product_10485,Office Supplies,4305.8
10486,Product_10486,Office Supplies,2522.54
10487,Product_10487,Beauty,700.73
10488,Product_10488,Furniture,2419.91
10489,Product_10489,Furniture,3024.8
10490,Product_10490,Electronics,4843.58
10491,Product_10491,Toys,573.04
10492,Product_10492,Beauty,4953.86
10493,Product_10493,Office Supplies,1383.99
10494,Product_10494,Office Supplies,3933.98
10495,Product_10495,Electronics,846.48
10496,Product_10496,Electronics,4003.26
10497,Product_10497,Clothing,1127.11
10498,Product_10498,Home & Kitchen,3997.61
10499,Product_10499,Furniture,274.08
10500,Product_10500,Electronics,1088.27
10501,Product_10501,Clothing,27.1
10502,Product_10502,Toys,3269.98
10503,Product_10503,Home & Kitchen,2094.5
10504,Product_10504,Office Supplies,2668.25
10505,Product_10505,Toys,258.42
10506,Product_10506,Office Supplies,3161.35
10507,Product_10507,Home & Kitchen,500.8
10508,Product_10508,Home & Kitchen,948.26
10509,Product_10509,Home & Kitchen,409.5
10510,Product_10510,Clothing,318.16
10511,Product_10511,Office Supplies,3155.83
10512,Product_10512,Toys,3165.74
10513,Product_10513,Electronics,1036.35
10514,Product_10514,Clothing,2113.14
10515,Product_10515,Clothing,3398.74
10516,Product_10516,Clothing,2265.94
10517,Product_10517,Office Supplies,4979.3
10518,Product_10518,Beauty,1692.98
10519,Product_10519,Clothing,1966.89
10520,Product_10520,Toys,4252.99
10521,Product_10521,Furniture,1583.53
10522,Product_10522,Electronics,2854.08
10523,Product_10523,Sports,701.2
10524,Product_10524,Home & Kitchen,4537.92
10525,Product_10525,Beauty,38.17
10526,Product_10526,Toys,3293.54
10527,Product_10527,Sports,1750.87
10528,Product_10528,Furniture,704.5
10529,Product_10529,Furniture,1346.38
10530,Product_10530,Toys,4454.1
10531,Product_10531,Toys,3409.57
10532,Product_10532,Home & Kitchen,627.88
10533,Product_10533,Electronics,2886.2
10534,Product_10534,Clothing,4831.93
10535,Product_10535,Clothing,521.65
10536,Product_10536,Sports,2581.03
10537,Product_10537,Beauty,2098.95
10538,Product_10538,Sports,596.19
10539,Product_10539,Office Supplies,1272.9
10540,Product_10540,Office Supplies,4656.94
10541,Product_10541,Beauty,2750.23
10542,Product_10542,Clothing,4306.55
10543,Product_10543,Home & Kitchen,4669.12
10544,Product_10544,Electronics,61.66
10545,Product_10545,Clothing,2823.89
10546,Product_10546,Beauty,3257.94
10547,Product_10547,Toys,2353.6
10548,Product_10548,Electronics,2975.71
10549,Product_10549,Electronics,1948.95
10550,Product_10550,Home & Kitchen,2097.14
10551,Product_10551,Office Supplies,4883.19
10552,Product_10552,Toys,1809.2
10553,Product_10553,Electronics,3196.54
10554,Product_10554,Office Supplies,2452.26
10555,Product_10555,Clothing,2094.38
10556,Product_10556,Furniture,1507.63
10557,Product_10557,Sports,917.68
10558,Product_10558,Sports,1539.91
10559,Product_10559,Furniture,4342.25
10560,Product_10560,Sports,650.25
10561,Product_10561,Home & Kitchen,3221.88
10562,Product_10562,Home & Kitchen,4027.8
10563,Product_10563,Office Supplies,2317.26
10564,Product_10564,Beauty,172.72
10565,Product_10565,Home & Kitchen,2859.11
10566,Product_10566,Home & Kitchen,2651.54
10567,Product_10567,Beauty,3474.54
10568,Product_10568,Electronics,674.31
10569,Product_10569,Sports,4585.43
10570,Product_10570,Toys,1266.08
10571,Product_10571,Home & Kitchen,744.04
10572,Product_10572,Sports,3931.53
10573,Product_10573,Home & Kitchen,4926.11
10574,Product_10574,Toys,4821.83
10575,Product_10575,Beauty,3845.47
10576,Product_10576,Furniture,643.28
10577,Product_10577,Toys,2125.26
10578,Product_10578,Sports,1668.29
10579,Product_10579,Electronics,1377.91
10580,Product_10580,Furniture,712.51
10581,Product_10581,Toys,3976.5
10582,Product_10582,Furniture,4476.02
10583,Product_10583,Office Supplies,1661.07
10584,Product_10584,Home & Kitchen,2714.09
10585,Product_10585,Home & Kitchen,4341.3
10586,Product_10586,Toys,3989.37
10587,Product_10587,Home & Kitchen,39.75
10588,Product_10588,Beauty,3717.13
10589,Product_10589,Clothing,4146.08
10590,Product_10590,Furniture,3697.19
10591,Product_10591,Sports,3964.62
10592,Product_10592,Beauty,3320.88
10593,Product_10593,Electronics,4436.42
10594,Product_10594,Home & Kitchen,1913.62
10595,Product_10595,Electronics,4269.37
10596,Product_10596,Electronics,4126.85
10597,Product_10597,Furniture,1670.09
10598,Product_10598,Office Supplies,1651.18
10599,Product_10599,Sports,4732.73
10600,Product_10600,Furniture,1979.34
10601,Product_10601,Electronics,2129.37
10602,Product_10602,Home & Kitchen,1047.88
10603,Product_10603,Office Supplies,1446.8
10604,Product_10604,Home & Kitchen,3346.25
10605,Product_10605,Toys,262.25
10606,Product_10606,Beauty,1664.45
10607,Product_10607,Sports,3887.96
10608,Product_10608,Furniture,789.8
10609,Product_10609,Clothing,3179.45
10610,Product_10610,Clothing,3930.59
10611,Product_10611,Toys,3332.64
10612,Product_10612,Beauty,2657.86
10613,Product_10613,Home & Kitchen,4294.01
10614,Product_10614,Sports,944.7
10615,Product_10615,Electronics,251.7
10616,Product_10616,Sports,3369.48
10617,Product_10617,Office Supplies,4313.64
10618,Product_10618,Home & Kitchen,4316.66
10619,Product_10619,Home & Kitchen,341.32
10620,Product_10620,Home & Kitchen,1522.39
10621,Product_10621,Furniture,697.8
10622,Product_10622,Furniture,269.3
10623,Product_10623,Home & Kitchen,19.44
10624,Product_10624,Beauty,1707.9
10625,Product_10625,Beauty,3236.93
10626,Product_10626,Home & Kitchen,3626.14
10627,Product_10627,Toys,87.71
10628,Product_10628,Furniture,2860.2
10629,Product_10629,Electronics,4217.07
10630,Product_10630,Office Supplies,4176.2
10631,Product_10631,Electronics,4403.58
10632,Product_10632,Electronics,3542.02
10633,Product_10633,Beauty,4004.51
10634,Product_10634,Home & Kitchen,2868.06
10635,Product_10635,Sports,123.49
10636,Product_10636,Electronics,2469.55
10637,Product_10637,Home & Kitchen,4668.61
10638,Product_10638,Beauty,3065.84
10639,Product_10639,Furniture,930.78
10640,Product_10640,Furniture,1474.68
10641,Product_10641,Clothing,4523.9
10642,Product_10642,Office Supplies,2065.83
10643,Product_10643,Clothing,1464.37
10644,Product_10644,Beauty,2226.93
10645,Product_10645,Toys,2114.94
10646,Product_10646,Furniture,3028.3
10647,Product_10647,Electronics,1190.15
10648,Product_10648,Electronics,4510.71
10649,Product_10649,Home & Kitchen,4130.44
10650,Product_10650,Clothing,2598.42
10651,Product_10651,Office Supplies,4204.21
10652,Product_10652,Sports,3556.54
10653,Product_10653,Clothing,112.34
10654,Product_10654,Home & Kitchen,1666.44
10655,Product_10655,Furniture,3988.61
10656,Product_10656,Electronics,109.75
10657,Product_10657,Toys,63.03
10658,Product_10658,Sports,3568.16
10659,Product_10659,Home & Kitchen,1305.9
10660,Product_10660,Furniture,4732.71
10661,Product_10661,Beauty,3601.99
10662,Product_10662,Home & Kitchen,3750.25
10663,Product_10663,Beauty,894.83
10664,Product_10664,Clothing,1891.6
10665,Product_10665,Beauty,3499.38
10666,Product_10666,Office Supplies,981.0
10667,Product_10667,Toys,1426.83
10668,Product_10668,Toys,3461.95
10669,Product_10669,Toys,3372.75
10670,Product_10670,Electronics,4321.98
10671,Product_10671,Clothing,4491.73
10672,Product_10672,Toys,3383.63
10673,Product_10673,Home & Kitchen,1199.42
10674,Product_10674,Home & Kitchen,3815.46
10675,Product_10675,Furniture,4842.97
10676,Product_10676,Beauty,570.8
10677,Product_10677,Beauty,3462.23
10678,Product_10678,Toys,2538.33
10679,Product_10679,Home & Kitchen,3539.08
10680,Product_10680,Home & Kitchen,219.4
10681,Product_10681,Toys,319.19
10682,Product_10682,Furniture,768.72
10683,Product_10683,Toys,210.69
10684,Product_10684,Electronics,4404.88
10685,Product_10685,Beauty,4635.06
10686,Product_10686,Office Supplies,469.71
10687,Product_10687,Office Supplies,1805.65
10688,Product_10688,Home & Kitchen,2815.61
10689,Product_10689,Clothing,431.13
10690,Product_10690,Office Supplies,1878.96
10691,Product_10691,Toys,861.43
10692,Product_10692,Sports,3632.73
10693,Product_10693,Electronics,456.61
10694,Product_10694,Clothing,2673.51
10695,Product_10695,Office Supplies,4240.75
10696,Product_10696,Beauty,55.82
10697,Product_10697,Furniture,192.57
10698,Product_10698,Clothing,4165.02
10699,Product_10699,Toys,2552.49
10700,Product_10700,Beauty,2795.41
10701,Product_10701,Office Supplies,4812.4
10702,Product_10702,Furniture,4690.18
10703,Product_10703,Clothing,3118.71
10704,Product_10704,Toys,3854.57
10705,Product_10705,Home & Kitchen,2081.13
10706,Product_10706,Home & Kitchen,153.56
10707,Product_10707,Clothing,35.38
10708,Product_10708,Sports,472.7
10709,Product_10709,Office Supplies,3404.01
10710,Product_10710,Electronics,2875.84
10711,Product_10711,Beauty,871.3
10712,Product_10712,Furniture,591.46
10713,Product_10713,Toys,1698.9
10714,Product_10714,Furniture,4279.41
10715,Product_10715,Sports,400.32
10716,Product_10716,Sports,4577.13
10717,Product_10717,Beauty,103.95
10718,Product_10718,Home & Kitchen,1906.57
10719,Product_10719,Office Supplies,674.89
10720,Product_10720,Furniture,3722.18
10721,Product_10721,Beauty,1526.1
10722,Product_10722,Furniture,2349.81
10723,Product_10723,Toys,3895.33
10724,Product_10724,Electronics,4674.26
10725,Product_10725,Home & Kitchen,3412.99
10726,Product_10726,Clothing,3224.21
10727,Product_10727,Home & Kitchen,1770.61
10728,Product_10728,Furniture,3739.9
10729,Product_10729,Furniture,1928.65
10730,Product_10730,Office Supplies,4647.75
10731,Product_10731,Electronics,1819.97
10732,Product_10732,Home & Kitchen,3452.12
10733,Product_10733,Beauty,963.21
10734,Product_10734,Sports,1571.56
10735,Product_10735,Beauty,201.24
10736,Product_10736,Clothing,2484.95
10737,Product_10737,Office Supplies,3057.23
10738,Product_10738,Electronics,3234.93
10739,Product_10739,Toys,2904.58
10740,Product_10740,Toys,1013.67
10741,Product_10741,Beauty,4355.74
10742,Product_10742,Furniture,2344.83
10743,Product_10743,Beauty,4507.86
10744,Product_10744,Office Supplies,3443.55
10745,Product_10745,Sports,4158.5
10746,Product_10746,Office Supplies,4496.87
10747,Product_10747,Toys,1457.18
10748,Product_10748,Clothing,3512.63
10749,Product_10749,Electronics,2169.12
10750,Product_10750,Sports,1642.23
10751,Product_10751,Office Supplies,3791.69
10752,Product_10752,Sports,2974.86
10753,Product_10753,Clothing,4507.4
10754,Product_10754,Beauty,1762.75
10755,Product_10755,Home & Kitchen,4496.55
10756,Product_10756,Toys,1281.31
10757,Product_10757,Office Supplies,4525.76
10758,Product_10758,Toys,1567.37
10759,Product_10759,Home & Kitchen,62.46
10760,Product_10760,Beauty,293.82
10761,Product_10761,Electronics,1396.99
10762,Product_10762,Sports,1654.1
10763,Product_10763,Toys,3544.66
10764,Product_10764,Clothing,1947.99
10765,Product_10765,Toys,2717.44
10766,Product_10766,Home & Kitchen,731.1
10767,Product_10767,Furniture,558.21
10768,Product_10768,Office Supplies,2920.59
10769,Product_10769,Home & Kitchen,1210.77
10770,Product_10770,Sports,3637.76
10771,Product_10771,Office Supplies,1903.66
10772,Product_10772,Clothing,4101.48
10773,Product_10773,Toys,4007.37
10774,Product_10774,Office Supplies,356.69
10775,Product_10775,Toys,4391.18
10776,Product_10776,Sports,3107.59
10777,Product_10777,Home & Kitchen,1323.62
10778,Product_10778,Sports,4248.12
10779,Product_10779,Clothing,409.95
10780,Product_10780,Office Supplies,2515.51
10781,Product_10781,Office Supplies,2354.72
10782,Product_10782,Office Supplies,4942.75
10783,Product_10783,Beauty,1790.12
10784,Product_10784,Furniture,2653.73
10785,Product_10785,Furniture,1681.22
10786,Product_10786,Electronics,268.3
10787,Product_10787,Electronics,979.03
10788,Product_10788,Beauty,3699.84
10789,Product_10789,Beauty,3708.34
10790,Product_10790,Home & Kitchen,287.67
10791,Product_10791,Office Supplies,4913.56
10792,Product_10792,Electronics,1368.06
10793,Product_10793,Beauty,3720.09
10794,Product_10794,Clothing,923.52
10795,Product_10795,Electronics,886.21
10796,Product_10796,Electronics,4395.22
10797,Product_10797,Office Supplies,306.65
10798,Product_10798,Clothing,3850.05
10799,Product_10799,Furniture,1172.86
10800,Product_10800,Sports,4158.27
10801,Product_10801,Electronics,1822.97
10802,Product_10802,Office Supplies,3003.08
10803,Product_10803,Beauty,2847.33
10804,Product_10804,Home & Kitchen,3704.99
10805,Product_10805,Clothing,3381.96
10806,Product_10806,Beauty,2195.79
10807,Product_10807,Home & Kitchen,4031.71
10808,Product_10808,Furniture,2965.61
10809,Product_10809,Electronics,1105.79
10810,Product_10810,Beauty,139.32
10811,Product_10811,Beauty,2700.48
10812,Product_10812,Sports,4097.42
10813,Product_10813,Office Supplies,3622.54
10814,Product_10814,Toys,504.56
10815,Product_10815,Clothing,1605.63
10816,Product_10816,Office Supplies,3752.31
10817,Product_10817,Toys,1242.11
10818,Product_10818,Furniture,4306.76
10819,Product_10819,Electronics,93.4
10820,Product_10820,Electronics,2437.02
10821,Product_10821,Toys,2534.17
10822,Product_10822,Office Supplies,4216.09
10823,Product_10823,Beauty,4675.38
10824,Product_10824,Clothing,2288.38
10825,Product_10825,Furniture,3408.13
10826,Product_10826,Toys,2553.91
10827,Product_10827,Clothing,4918.52
10828,Product_10828,Sports,3166.96
10829,Product_10829,Furniture,1870.42
10830,Product_10830,Office Supplies,3578.37
10831,Product_10831,Electronics,2147.73
10832,Product_10832,Electronics,2076.35
10833,Product_10833,Electronics,1390.04
10834,Product_10834,Home & Kitchen,4849.17
10835,Product_10835,Electronics,3267.32
10836,Product_10836,Furniture,3606.18
10837,Product_10837,Electronics,12.73
10838,Product_10838,Beauty,4036.81
10839,Product_10839,Electronics,1900.25
10840,Product_10840,Furniture,4708.38
10841,Product_10841,Office Supplies,708.88
10842,Product_10842,Furniture,1677.56
10843,Product_10843,Office Supplies,3603.38
10844,Product_10844,Office Supplies,4347.13
10845,Product_10845,Electronics,2108.67
10846,Product_10846,Furniture,2283.44
10847,Product_10847,Beauty,4151.97
10848,Product_10848,Office Supplies,3932.59
10849,Product_10849,Furniture,3803.27
10850,Product_10850,Home & Kitchen,4829.63
10851,Product_10851,Beauty,3726.99
10852,Product_10852,Toys,458.19
10853,Product_10853,Clothing,31.54
10854,Product_10854,Office Supplies,536.57
10855,Product_10855,Toys,533.19
10856,Product_10856,Toys,148.79
10857,Product_10857,Beauty,1375.67
10858,Product_10858,Furniture,4967.15
10859,Product_10859,Beauty,577.12
10860,Product_10860,Office Supplies,3680.44
10861,Product_10861,Toys,22.34
10862,Product_10862,Clothing,1602.78
10863,Product_10863,Office Supplies,2077.19
10864,Product_10864,Toys,3179.9
10865,Product_10865,Electronics,2119.81
10866,Product_10866,Clothing,4172.41
10867,Product_10867,Clothing,721.57
10868,Product_10868,Office Supplies,40.29
10869,Product_10869,Office Supplies,3310.08
10870,Product_10870,Office Supplies,2146.74
10871,Product_10871,Office Supplies,4287.51
10872,Product_10872,Electronics,2291.77
10873,Product_10873,Beauty,3704.47
10874,Product_10874,Furniture,2999.51
10875,Product_10875,Clothing,3834.12
10876,Product_10876,Office Supplies,829.9
10877,Product_10877,Furniture,2660.68
10878,Product_10878,Home & Kitchen,4931.94
10879,Product_10879,Home & Kitchen,4494.98
10880,Product_10880,Office Supplies,4829.73
10881,Product_10881,Home & Kitchen,1333.04
10882,Product_10882,Beauty,1187.26
10883,Product_10883,Electronics,2847.19
10884,Product_10884,Office Supplies,2166.05
10885,Product_10885,Electronics,3386.19
10886,Product_10886,Electronics,4264.36
10887,Product_10887,Beauty,285.05
10888,Product_10888,Beauty,658.31
10889,Product_10889,Home & Kitchen,613.05
10890,Product_10890,Home & Kitchen,4222.51
10891,Product_10891,Electronics,4042.7
10892,Product_10892,Home & Kitchen,447.77
10893,Product_10893,Toys,4970.42
10894,Product_10894,Beauty,4977.12
10895,Product_10895,Sports,1092.02
10896,Product_10896,Clothing,435.94
10897,Product_10897,Sports,4370.92
10898,Product_10898,Office Supplies,2448.41
10899,Product_10899,Furniture,1703.39
10900,Product_10900,Office Supplies,983.31
10901,Product_10901,Clothing,4244.15
10902,Product_10902,Beauty,504.04
10903,Product_10903,Electronics,3690.27
10904,Product_10904,Home & Kitchen,904.74
10905,Product_10905,Sports,919.74
10906,Product_10906,Sports,4248.84
10907,Product_10907,Furniture,857.97
10908,Product_10908,Office Supplies,4867.01
10909,Product_10909,Clothing,4418.33
10910,Product_10910,Beauty,2896.99
10911,Product_10911,Office Supplies,2470.06
10912,Product_10912,Electronics,2454.5
10913,Product_10913,Toys,55.42
10914,Product_10914,Sports,4862.97
10915,Product_10915,Sports,4550.48
10916,Product_10916,Toys,2496.8
10917,Product_10917,Toys,497.31
10918,Product_10918,Clothing,2670.56
10919,Product_10919,Electronics,2698.52
10920,Product_10920,Clothing,1928.52
10921,Product_10921,Beauty,2689.89
10922,Product_10922,Furniture,2526.68
10923,Product_10923,Home & Kitchen,517.7
10924,Product_10924,Beauty,4335.09
10925,Product_10925,Sports,1731.93
10926,Product_10926,Sports,4919.16
10927,Product_10927,Electronics,3868.9
10928,Product_10928,Electronics,3164.29
10929,Product_10929,Sports,1590.0
10930,Product_10930,Home & Kitchen,2067.05
10931,Product_10931,Clothing,260.01
10932,Product_10932,Home & Kitchen,1349.97
10933,Product_10933,Toys,4195.38
10934,Product_10934,Office Supplies,449.81
10935,Product_10935,Toys,81.85
10936,Product_10936,Electronics,3620.55
10937,Product_10937,Toys,3302.06
10938,Product_10938,Sports,2682.62
10939,Product_10939,Sports,1176.32
10940,Product_10940,Electronics,372.66
10941,Product_10941,Home & Kitchen,393.22
10942,Product_10942,Toys,1297.21
10943,Product_10943,Sports,4124.69
10944,Product_10944,Office Supplies,1808.93
10945,Product_10945,Sports,2694.9
10946,Product_10946,Toys,2101.75
10947,Product_10947,Beauty,277.03
10948,Product_10948,Sports,184.8
10949,Product_10949,Toys,1088.95
10950,Product_10950,Electronics,36.74
10951,Product_10951,Home & Kitchen,2218.35
10952,Product_10952,Clothing,4680.69
10953,Product_10953,Sports,4242.63
10954,Product_10954,Toys,1317.73
10955,Product_10955,Clothing,2449.73
10956,Product_10956,Beauty,3535.58
10957,Product_10957,Home & Kitchen,326.94
10958,Product_10958,Sports,2051.03
10959,Product_10959,Electronics,3683.28
10960,Product_10960,Beauty,1712.1
10961,Product_10961,Beauty,1608.11
10962,Product_10962,Office Supplies,4648.46
10963,Product_10963,Electronics,988.39
10964,Product_10964,Electronics,3953.75
10965,Product_10965,Home & Kitchen,636.07
10966,Product_10966,Electronics,447.0
10967,Product_10967,Toys,4252.37
10968,Product_10968,Furniture,755.2
10969,Product_10969,Home & Kitchen,575.99
10970,Product_10970,Furniture,2478.88
10971,Product_10971,Toys,4469.34
10972,Product_10972,Office Supplies,4131.47
10973,Product_10973,Toys,3962.71
10974,Product_10974,Electronics,3009.22
10975,Product_10975,Electronics,2436.26
10976,Product_10976,Clothing,2700.08
10977,Product_10977,Sports,1931.87
10978,Product_10978,Toys,1331.01
10979,Product_10979,Toys,2414.1
10980,Product_10980,Toys,3202.85
10981,Product_10981,Toys,3782.96
10982,Product_10982,Beauty,2033.2
10983,Product_10983,Beauty,1575.3
10984,Product_10984,Home & Kitchen,4131.17
10985,Product_10985,Home & Kitchen,959.86
10986,Product_10986,Home & Kitchen,2164.52
10987,Product_10987,Electronics,4090.99
10988,Product_10988,Beauty,765.31
10989,Product_10989,Office Supplies,738.27
10990,Product_10990,Toys,3929.63
10991,Product_10991,Beauty,280.2
10992,Product_10992,Sports,3885.9
10993,Product_10993,Clothing,2789.47
10994,Product_10994,Sports,695.06
10995,Product_10995,Beauty,4030.24
10996,Product_10996,Beauty,4923.03
10997,Product_10997,Toys,4736.84
10998,Product_10998,Office Supplies,724.99
10999,Product_10999,Office Supplies,3943.04
11000,Product_11000,Home & Kitchen,273.0
11001,Product_11001,Electronics,2546.52
11002,Product_11002,Toys,124.24
11003,Product_11003,Sports,2254.16
11004,Product_11004,Clothing,2278.42
11005,Product_11005,Furniture,1928.55
11006,Product_11006,Home & Kitchen,2419.48
11007,Product_11007,Home & Kitchen,2563.57
11008,Product_11008,Toys,1484.18
11009,Product_11009,Home & Kitchen,2532.02
11010,Product_11010,Furniture,4272.72
11011,Product_11011,Sports,4969.56
11012,Product_11012,Clothing,1585.38
11013,Product_11013,Beauty,553.93
11014,Product_11014,Toys,1634.04
11015,Product_11015,Sports,2404.32
11016,Product_11016,Beauty,3932.17
11017,Product_11017,Clothing,3027.32
11018,Product_11018,Clothing,4594.95
11019,Product_11019,Toys,2590.0
11020,Product_11020,Clothing,4099.43
11021,Product_11021,Beauty,1143.59
11022,Product_11022,Office Supplies,659.44
11023,Product_11023,Electronics,578.59
11024,Product_11024,Sports,3785.96
11025,Product_11025,Office Supplies,755.49
11026,Product_11026,Clothing,138.43
11027,Product_11027,Beauty,1416.69
11028,Product_11028,Home & Kitchen,2604.64
11029,Product_11029,Toys,4344.44
11030,Product_11030,Beauty,2990.17
11031,Product_11031,Clothing,4254.69
11032,Product_11032,Office Supplies,2234.54
11033,Product_11033,Sports,2217.39
11034,Product_11034,Toys,3106.86
11035,Product_11035,Electronics,4257.19
11036,Product_11036,Toys,1859.97
11037,Product_11037,Beauty,2699.67
11038,Product_11038,Furniture,1910.82
11039,Product_11039,Office Supplies,565.58
11040,Product_11040,Furniture,392.57
11041,Product_11041,Furniture,737.03
11042,Product_11042,Furniture,4318.04
11043,Product_11043,Electronics,1205.53
11044,Product_11044,Furniture,4453.85
11045,Product_11045,Beauty,2601.54
11046,Product_11046,Home & Kitchen,140.49
11047,Product_11047,Toys,1935.53
11048,Product_11048,Home & Kitchen,4422.94
11049,Product_11049,Home & Kitchen,3438.2
11050,Product_11050,Furniture,4237.19
11051,Product_11051,Office Supplies,1252.02
11052,Product_11052,Electronics,3117.24
11053,Product_11053,Sports,660.68
11054,Product_11054,Furniture,2586.65
11055,Product_11055,Beauty,1790.79
11056,Product_11056,Electronics,2311.43
11057,Product_11057,Furniture,3334.82
11058,Product_11058,Home & Kitchen,2659.45
11059,Product_11059,Furniture,1269.52
11060,Product_11060,Toys,1824.95
11061,Product_11061,Beauty,1682.75
11062,Product_11062,Toys,2393.16
11063,Product_11063,Sports,3310.67
11064,Product_11064,Electronics,1203.23
11065,Product_11065,Beauty,620.65
11066,Product_11066,Office Supplies,1060.69
11067,Product_11067,Home & Kitchen,3526.05
11068,Product_11068,Beauty,837.68
11069,Product_11069,Beauty,2827.15
11070,Product_11070,Beauty,140.97
11071,Product_11071,Electronics,3792.05
11072,Product_11072,Office Supplies,457.87
11073,Product_11073,Home & Kitchen,10.94
11074,Product_11074,Beauty,526.42
11075,Product_11075,Sports,3782.74
11076,Product_11076,Sports,2926.23
11077,Product_11077,Furniture,4594.01
11078,Product_11078,Toys,4624.96
11079,Product_11079,Clothing,1394.78
11080,Product_11080,Office Supplies,1856.07
11081,Product_11081,Office Supplies,1459.54
11082,Product_11082,Toys,1674.38
11083,Product_11083,Beauty,3096.44
11084,Product_11084,Furniture,2083.54
11085,Product_11085,Furniture,1760.98
11086,Product_11086,Clothing,4856.87
11087,Product_11087,Clothing,541.25
11088,Product_11088,Home & Kitchen,1486.22
11089,Product_11089,Sports,4170.72
11090,Product_11090,Beauty,2771.54
11091,Product_11091,Furniture,1071.06
11092,Product_11092,Home & Kitchen,3851.06
11093,Product_11093,Home & Kitchen,3293.52
11094,Product_11094,Sports,3307.59
11095,Product_11095,Sports,2377.51
11096,Product_11096,Sports,3487.78
11097,Product_11097,Electronics,4102.34
11098,Product_11098,Sports,488.25
11099,Product_11099,Sports,4539.73
11100,Product_11100,Office Supplies,4288.83
11101,Product_11101,Beauty,2136.02
11102,Product_11102,Electronics,3424.14
11103,Product_11103,Toys,3501.92
11104,Product_11104,Beauty,792.62
11105,Product_11105,Sports,3483.86
11106,Product_11106,Furniture,2813.43
11107,Product_11107,Home & Kitchen,2436.48
11108,Product_11108,Home & Kitchen,4408.07
11109,Product_11109,Clothing,42.47
11110,Product_11110,Office Supplies,4991.12
11111,Product_11111,Home & Kitchen,425.18
11112,Product_11112,Toys,398.85
11113,Product_11113,Home & Kitchen,3119.13
11114,Product_11114,Furniture,955.77
11115,Product_11115,Sports,4081.43
11116,Product_11116,Office Supplies,581.33
11117,Product_11117,Toys,114.21
11118,Product_11118,Clothing,2303.64
11119,Product_11119,Office Supplies,4729.19
11120,Product_11120,Office Supplies,1761.93
11121,Product_11121,Clothing,138.31
11122,Product_11122,Beauty,4586.96
11123,Product_11123,Toys,1241.13
11124,Product_11124,Home & Kitchen,561.72
11125,Product_11125,Toys,4735.79
11126,Product_11126,Clothing,2875.15
11127,Product_11127,Sports,672.01
11128,Product_11128,Sports,308.98
11129,Product_11129,Office Supplies,3511.18
11130,Product_11130,Sports,791.18
11131,Product_11131,Toys,1730.51
11132,Product_11132,Toys,4911.23
11133,Product_11133,Sports,2415.51
11134,Product_11134,Electronics,1341.25
11135,Product_11135,Home & Kitchen,596.26
11136,Product_11136,Furniture,2563.74
11137,Product_11137,Clothing,2568.38
11138,Product_11138,Toys,3456.23
11139,Product_11139,Home & Kitchen,2603.64
11140,Product_11140,Home & Kitchen,4528.89
11141,Product_11141,Furniture,1746.83
11142,Product_11142,Sports,2957.83
11143,Product_11143,Clothing,3218.0
11144,Product_11144,Sports,270.86
11145,Product_11145,Clothing,1998.65
11146,Product_11146,Electronics,4562.48
11147,Product_11147,Clothing,4894.27
11148,Product_11148,Sports,749.12
11149,Product_11149,Office Supplies,1963.35
11150,Product_11150,Furniture,4956.42
11151,Product_11151,Toys,4849.52
11152,Product_11152,Office Supplies,4852.42
11153,Product_11153,Furniture,873.01
11154,Product_11154,Electronics,3400.9
11155,Product_11155,Electronics,3104.75
11156,Product_11156,Office Supplies,2599.61
11157,Product_11157,Furniture,3407.97
11158,Product_11158,Furniture,2765.2
11159,Product_11159,Toys,2022.71
11160,Product_11160,Beauty,2868.23
11161,Product_11161,Clothing,2146.36
11162,Product_11162,Beauty,4289.83
11163,Product_11163,Sports,3976.13
11164,Product_11164,Office Supplies,569.1
11165,Product_11165,Electronics,429.17
11166,Product_11166,Office Supplies,4848.75
11167,Product_11167,Electronics,3367.65
11168,Product_11168,Clothing,3213.67
11169,Product_11169,Office Supplies,306.39
11170,Product_11170,Electronics,1616.79
11171,Product_11171,Clothing,2313.27
11172,Product_11172,Office Supplies,4221.93
11173,Product_11173,Clothing,1189.61
11174,Product_11174,Office Supplies,2623.84
11175,Product_11175,Toys,2835.62
11176,Product_11176,Toys,1892.49
11177,Product_11177,Furniture,3799.14
11178,Product_11178,Furniture,3906.83
11179,Product_11179,Clothing,4218.15
11180,Product_11180,Furniture,2290.7
11181,Product_11181,Sports,3429.43
11182,Product_11182,Toys,1258.61
11183,Product_11183,Beauty,2446.55
11184,Product_11184,Office Supplies,4263.25
11185,Product_11185,Toys,2145.5
11186,Product_11186,Electronics,2187.62
11187,Product_11187,Furniture,3312.02
11188,Product_11188,Beauty,3163.6
11189,Product_11189,Electronics,2737.4
11190,Product_11190,Sports,1379.13
11191,Product_11191,Toys,882.75
11192,Product_11192,Home & Kitchen,902.55
11193,Product_11193,Electronics,401.16
11194,Product_11194,Office Supplies,2591.86
11195,Product_11195,Home & Kitchen,4549.4
11196,Product_11196,Beauty,4655.02
11197,Product_11197,Beauty,3643.15
11198,Product_11198,Toys,1442.4
11199,Product_11199,Electronics,2089.87
11200,Product_11200,Home & Kitchen,3509.7
11201,Product_11201,Sports,1085.91
11202,Product_11202,Furniture,4391.02
11203,Product_11203,Electronics,4609.07
11204,Product_11204,Clothing,4715.16
11205,Product_11205,Office Supplies,3862.36
11206,Product_11206,Office Supplies,4317.47
11207,Product_11207,Toys,4961.15
11208,Product_11208,Beauty,3622.7
11209,Product_11209,Toys,3923.68
11210,Product_11210,Clothing,2708.65
11211,Product_11211,Clothing,4275.58
11212,Product_11212,Office Supplies,3434.07
11213,Product_11213,Beauty,450.37
11214,Product_11214,Toys,1757.16
11215,Product_11215,Sports,4806.73
11216,Product_11216,Clothing,1387.39
11217,Product_11217,Clothing,704.2
11218,Product_11218,Furniture,4527.02
11219,Product_11219,Clothing,4266.15
11220,Product_11220,Clothing,4495.76
11221,Product_11221,Home & Kitchen,3469.54
11222,Product_11222,Furniture,590.18
11223,Product_11223,Electronics,3753.5
11224,Product_11224,Electronics,4870.92
11225,Product_11225,Office Supplies,4727.47
11226,Product_11226,Office Supplies,2845.68
11227,Product_11227,Home & Kitchen,4162.01
11228,Product_11228,Home & Kitchen,3041.11
11229,Product_11229,Beauty,423.04
11230,Product_11230,Electronics,2519.29
11231,Product_11231,Toys,4338.9
11232,Product_11232,Furniture,3124.23
11233,Product_11233,Sports,1595.33
11234,Product_11234,Toys,3745.11
11235,Product_11235,Home & Kitchen,392.22
11236,Product_11236,Home & Kitchen,4724.11
11237,Product_11237,Beauty,2106.26
11238,Product_11238,Beauty,1770.88
11239,Product_11239,Clothing,4508.51
11240,Product_11240,Office Supplies,3231.73
11241,Product_11241,Electronics,4055.1
11242,Product_11242,Toys,2107.29
11243,Product_11243,Office Supplies,2725.66
11244,Product_11244,Clothing,4300.23
11245,Product_11245,Toys,510.79
11246,Product_11246,Clothing,3821.93
11247,Product_11247,Toys,713.55
11248,Product_11248,Toys,534.9
11249,Product_11249,Electronics,2453.33
11250,Product_11250,Office Supplies,2529.3
11251,Product_11251,Clothing,44.29
11252,Product_11252,Clothing,847.96
11253,Product_11253,Sports,618.7
11254,Product_11254,Home & Kitchen,4977.56
11255,Product_11255,Clothing,4124.76
11256,Product_11256,Electronics,2972.34
11257,Product_11257,Beauty,361.36
11258,Product_11258,Clothing,2169.75
11259,Product_11259,Sports,1502.09
11260,Product_11260,Beauty,3061.66
11261,Product_11261,Clothing,4930.96
11262,Product_11262,Electronics,2466.53
11263,Product_11263,Electronics,4046.36
11264,Product_11264,Office Supplies,656.58
11265,Product_11265,Clothing,2968.46
11266,Product_11266,Beauty,533.16
11267,Product_11267,Home & Kitchen,3066.65
11268,Product_11268,Electronics,3604.88
11269,Product_11269,Sports,3940.42
11270,Product_11270,Toys,4025.6
11271,Product_11271,Home & Kitchen,3435.76
11272,Product_11272,Electronics,542.23
11273,Product_11273,Sports,2733.5
11274,Product_11274,Electronics,3476.96
11275,Product_11275,Clothing,2443.27
11276,Product_11276,Furniture,4187.42
11277,Product_11277,Electronics,3782.39
11278,Product_11278,Electronics,3427.38
11279,Product_11279,Beauty,3743.17
11280,Product_11280,Office Supplies,4845.63
11281,Product_11281,Furniture,239.54
11282,Product_11282,Home & Kitchen,3758.9
11283,Product_11283,Electronics,4952.65
11284,Product_11284,Home & Kitchen,1095.4
11285,Product_11285,Toys,3755.05
11286,Product_11286,Sports,2113.58
11287,Product_11287,Electronics,173.52
11288,Product_11288,Home & Kitchen,4122.03
11289,Product_11289,Toys,4097.99
11290,Product_11290,Clothing,1500.36
11291,Product_11291,Clothing,4642.76
11292,Product_11292,Beauty,1615.54
11293,Product_11293,Furniture,4396.23
11294,Product_11294,Toys,195.7
11295,Product_11295,Sports,746.72
11296,Product_11296,Furniture,3943.39
11297,Product_11297,Toys,135.53
11298,Product_11298,Sports,2245.74
11299,Product_11299,Electronics,4846.9
11300,Product_11300,Home & Kitchen,3192.37
11301,Product_11301,Toys,1181.42
11302,Product_11302,Home & Kitchen,3495.07
11303,Product_11303,Clothing,2872.1
11304,Product_11304,Clothing,4458.48
11305,Product_11305,Electronics,3377.06
11306,Product_11306,Sports,4458.18
11307,Product_11307,Office Supplies,3626.84
11308,Product_11308,Beauty,289.83
11309,Product_11309,Office Supplies,4162.68
11310,Product_11310,Furniture,1780.68
11311,Product_11311,Clothing,549.98
11312,Product_11312,Sports,2203.15
11313,Product_11313,Home & Kitchen,3409.11
11314,Product_11314,Furniture,4664.0
11315,Product_11315,Electronics,3419.21
11316,Product_11316,Home & Kitchen,2193.04
11317,Product_11317,Toys,4478.23
11318,Product_11318,Sports,4888.33
11319,Product_11319,Clothing,4813.14
11320,Product_11320,Home & Kitchen,1273.84
11321,Product_11321,Toys,694.16
11322,Product_11322,Office Supplies,1772.32
11323,Product_11323,Electronics,1376.51
11324,Product_11324,Electronics,1038.97
11325,Product_11325,Beauty,4979.93
11326,Product_11326,Toys,2574.09
11327,Product_11327,Furniture,587.99
11328,Product_11328,Beauty,974.38
11329,Product_11329,Beauty,4333.31
11330,Product_11330,Office Supplies,3721.25
11331,Product_11331,Electronics,1135.79
11332,Product_11332,Office Supplies,3142.5
11333,Product_11333,Electronics,4803.57
11334,Product_11334,Home & Kitchen,2362.48
11335,Product_11335,Furniture,2674.98
11336,Product_11336,Clothing,320.79
11337,Product_11337,Clothing,3754.08
11338,Product_11338,Home & Kitchen,758.58
11339,Product_11339,Home & Kitchen,1097.52
11340,Product_11340,Home & Kitchen,2769.79
11341,Product_11341,Beauty,2863.61
11342,Product_11342,Office Supplies,4419.68
11343,Product_11343,Beauty,4358.83
11344,Product_11344,Office Supplies,3723.19
11345,Product_11345,Beauty,1172.27
11346,Product_11346,Clothing,387.54
11347,Product_11347,Sports,3016.62
11348,Product_11348,Furniture,4003.61
11349,Product_11349,Clothing,3075.68
11350,Product_11350,Sports,956.81
11351,Product_11351,Sports,1452.05
11352,Product_11352,Toys,753.98
11353,Product_11353,Sports,1305.4
11354,Product_11354,Toys,362.32
11355,Product_11355,Electronics,2519.06
11356,Product_11356,Electronics,2519.02
11357,Product_11357,Beauty,2732.12
11358,Product_11358,Home & Kitchen,620.32
11359,Product_11359,Office Supplies,1121.47
11360,Product_11360,Toys,4086.85
11361,Product_11361,Office Supplies,3002.26
11362,Product_11362,Furniture,4098.4
11363,Product_11363,Clothing,4682.77
11364,Product_11364,Clothing,4912.28
11365,Product_11365,Furniture,2490.16
11366,Product_11366,Electronics,2430.38
11367,Product_11367,Beauty,3970.59
11368,Product_11368,Clothing,405.31
11369,Product_11369,Home & Kitchen,3736.76
11370,Product_11370,Furniture,3060.37
11371,Product_11371,Electronics,4573.7
11372,Product_11372,Office Supplies,2209.62
11373,Product_11373,Office Supplies,2291.4
11374,Product_11374,Clothing,4486.77
11375,Product_11375,Clothing,3244.63
11376,Product_11376,Office Supplies,4668.66
11377,Product_11377,Office Supplies,4268.85
11378,Product_11378,Clothing,2144.05
11379,Product_11379,Office Supplies,1641.14
11380,Product_11380,Office Supplies,846.9
11381,Product_11381,Toys,4301.01
11382,Product_11382,Toys,1843.97
11383,Product_11383,Office Supplies,2574.48
11384,Product_11384,Toys,2589.76
11385,Product_11385,Clothing,1061.73
11386,Product_11386,Toys,1522.67
11387,Product_11387,Office Supplies,2723.43
11388,Product_11388,Clothing,503.24
11389,Product_11389,Office Supplies,1770.54
11390,Product_11390,Electronics,2578.48
11391,Product_11391,Clothing,315.5
11392,Product_11392,Clothing,2554.73
11393,Product_11393,Toys,4161.12
11394,Product_11394,Home & Kitchen,4535.06
11395,Product_11395,Electronics,2709.05
11396,Product_11396,Home & Kitchen,2897.7
11397,Product_11397,Electronics,2232.21
11398,Product_11398,Clothing,4897.07
11399,Product_11399,Beauty,2265.32
11400,Product_11400,Beauty,4285.27
11401,Product_11401,Home & Kitchen,1109.09
11402,Product_11402,Home & Kitchen,234.23
11403,Product_11403,Sports,3376.46
11404,Product_11404,Electronics,1721.47
11405,Product_11405,Beauty,175.34
11406,Product_11406,Electronics,2471.38
11407,Product_11407,Office Supplies,4659.83
11408,Product_11408,Sports,4990.53
11409,Product_11409,Clothing,4851.31
11410,Product_11410,Clothing,1718.31
11411,Product_11411,Beauty,3526.51
11412,Product_11412,Office Supplies,4170.06
11413,Product_11413,Clothing,3578.03
11414,Product_11414,Sports,229.92
11415,Product_11415,Electronics,866.02
11416,Product_11416,Clothing,2900.65
11417,Product_11417,Home & Kitchen,4386.86
11418,Product_11418,Sports,4719.41
11419,Product_11419,Beauty,321.02
11420,Product_11420,Home & Kitchen,2783.47
11421,Product_11421,Sports,834.87
11422,Product_11422,Furniture,1184.86
11423,Product_11423,Clothing,4882.0
11424,Product_11424,Furniture,1048.17
11425,Product_11425,Home & Kitchen,772.6
11426,Product_11426,Beauty,4694.98
11427,Product_11427,Electronics,431.46
11428,Product_11428,Clothing,4853.81
11429,Product_11429,Furniture,4100.47
11430,Product_11430,Home & Kitchen,3722.97
11431,Product_11431,Home & Kitchen,3884.18
11432,Product_11432,Clothing,3491.83
11433,Product_11433,Sports,2919.01
11434,Product_11434,Furniture,2240.95
11435,Product_11435,Furniture,3590.38
11436,Product_11436,Clothing,160.94
11437,Product_11437,Sports,3434.32
11438,Product_11438,Beauty,3401.91
11439,Product_11439,Sports,1717.74
11440,Product_11440,Office Supplies,2118.07
11441,Product_11441,Beauty,3212.81
11442,Product_11442,Clothing,1263.95
11443,Product_11443,Toys,1801.09
11444,Product_11444,Toys,1397.95
11445,Product_11445,Clothing,2163.07
11446,Product_11446,Electronics,250.03
11447,Product_11447,Clothing,1560.14
11448,Product_11448,Clothing,1933.59
11449,Product_11449,Home & Kitchen,4489.45
11450,Product_11450,Sports,2447.91
11451,Product_11451,Electronics,1847.06
11452,Product_11452,Clothing,4827.34
11453,Product_11453,Home & Kitchen,2814.78
11454,Product_11454,Furniture,946.64
11455,Product_11455,Sports,3755.27
11456,Product_11456,Toys,4806.97
11457,Product_11457,Clothing,1310.63
11458,Product_11458,Electronics,4165.74
11459,Product_11459,Electronics,970.94
11460,Product_11460,Home & Kitchen,395.87
11461,Product_11461,Home & Kitchen,654.93
11462,Product_11462,Sports,2373.44
11463,Product_11463,Toys,3782.45
11464,Product_11464,Office Supplies,3909.77
11465,Product_11465,Sports,680.27
11466,Product_11466,Sports,3173.91
11467,Product_11467,Home & Kitchen,1977.24
11468,Product_11468,Beauty,827.3
11469,Product_11469,Beauty,1499.94
11470,Product_11470,Clothing,1890.01
11471,Product_11471,Beauty,4144.28
11472,Product_11472,Beauty,3218.7
11473,Product_11473,Sports,3042.97
11474,Product_11474,Sports,401.09
11475,Product_11475,Sports,4430.41
11476,Product_11476,Clothing,2780.42
11477,Product_11477,Office Supplies,856.97
11478,Product_11478,Clothing,1339.63
11479,Product_11479,Electronics,2207.73
11480,Product_11480,Home & Kitchen,667.33
11481,Product_11481,Home & Kitchen,1519.37
11482,Product_11482,Furniture,3130.55
11483,Product_11483,Clothing,1285.75
11484,Product_11484,Electronics,3638.31
11485,Product_11485,Clothing,3685.11
11486,Product_11486,Home & Kitchen,38.4
11487,Product_11487,Home & Kitchen,1979.84
11488,Product_11488,Home & Kitchen,190.63
11489,Product_11489,Beauty,1214.52
11490,Product_11490,Home & Kitchen,923.98
11491,Product_11491,Home & Kitchen,4539.78
11492,Product_11492,Office Supplies,1135.22
11493,Product_11493,Toys,3090.05
11494,Product_11494,Electronics,775.0
11495,Product_11495,Home & Kitchen,3016.14
11496,Product_11496,Furniture,1839.51
11497,Product_11497,Furniture,334.29
11498,Product_11498,Clothing,1145.03
11499,Product_11499,Furniture,4671.01
11500,Product_11500,Clothing,372.21
11501,Product_11501,Sports,4914.69
11502,Product_11502,Beauty,3169.21
11503,Product_11503,Office Supplies,2012.55
11504,Product_11504,Furniture,1479.74
11505,Product_11505,Electronics,1876.16
11506,Product_11506,Sports,3448.02
11507,Product_11507,Beauty,2943.35
11508,Product_11508,Home & Kitchen,2334.14
11509,Product_11509,Toys,1032.82
11510,Product_11510,Home & Kitchen,3179.92
11511,Product_11511,Home & Kitchen,2110.75
11512,Product_11512,Toys,3790.09
11513,Product_11513,Sports,1842.35
11514,Product_11514,Furniture,4866.61
11515,Product_11515,Home & Kitchen,2333.25
11516,Product_11516,Toys,3354.75
11517,Product_11517,Toys,1883.09
11518,Product_11518,Sports,3608.52
11519,Product_11519,Sports,2803.47
11520,Product_11520,Sports,4490.45
11521,Product_11521,Electronics,906.19
11522,Product_11522,Furniture,2597.55
11523,Product_11523,Home & Kitchen,4629.31
11524,Product_11524,Toys,4890.33
11525,Product_11525,Office Supplies,2900.03
11526,Product_11526,Clothing,2143.71
11527,Product_11527,Furniture,1649.73
11528,Product_11528,Toys,1935.65
11529,Product_11529,Beauty,1485.93
11530,Product_11530,Toys,2655.16
11531,Product_11531,Office Supplies,153.8
11532,Product_11532,Toys,4308.17
11533,Product_11533,Beauty,1959.43
11534,Product_11534,Toys,222.61
11535,Product_11535,Sports,601.19
11536,Product_11536,Office Supplies,4358.08
11537,Product_11537,Toys,1574.17
11538,Product_11538,Beauty,2682.47
11539,Product_11539,Office Supplies,3961.28
11540,Product_11540,Sports,77.3
11541,Product_11541,Furniture,198.4
11542,Product_11542,Home & Kitchen,1495.26
11543,Product_11543,Beauty,3135.84
11544,Product_11544,Beauty,4486.0
11545,Product_11545,Clothing,801.36
11546,Product_11546,Home & Kitchen,3958.47
11547,Product_11547,Home & Kitchen,349.02
11548,Product_11548,Office Supplies,2161.7
11549,Product_11549,Office Supplies,4473.01
11550,Product_11550,Clothing,4131.94
11551,Product_11551,Toys,409.47
11552,Product_11552,Electronics,4356.78
11553,Product_11553,Home & Kitchen,3945.44
11554,Product_11554,Office Supplies,2159.09
11555,Product_11555,Home & Kitchen,2093.62
11556,Product_11556,Toys,2193.63
11557,Product_11557,Beauty,492.59
11558,Product_11558,Toys,4395.59
11559,Product_11559,Office Supplies,1739.27
11560,Product_11560,Sports,2768.21
11561,Product_11561,Electronics,398.8
11562,Product_11562,Sports,3178.78
11563,Product_11563,Clothing,1725.3
11564,Product_11564,Sports,4848.26
11565,Product_11565,Electronics,1879.62
11566,Product_11566,Office Supplies,2632.59
11567,Product_11567,Electronics,188.19
11568,Product_11568,Sports,1146.6
11569,Product_11569,Clothing,2879.7
11570,Product_11570,Office Supplies,4943.74
11571,Product_11571,Beauty,4144.55
11572,Product_11572,Beauty,2577.11
11573,Product_11573,Furniture,3046.08
11574,Product_11574,Electronics,907.78
11575,Product_11575,Beauty,2842.49
11576,Product_11576,Electronics,1269.89
11577,Product_11577,Furniture,2425.37
11578,Product_11578,Sports,132.35
11579,Product_11579,Clothing,3806.22
11580,Product_11580,Office Supplies,340.63
11581,Product_11581,Sports,4342.02
11582,Product_11582,Clothing,872.72
11583,Product_11583,Toys,2902.12
11584,Product_11584,Toys,745.03
11585,Product_11585,Home & Kitchen,3708.83
11586,Product_11586,Furniture,553.56
11587,Product_11587,Beauty,873.35
11588,Product_11588,Beauty,2092.7
11589,Product_11589,Toys,2244.9
11590,Product_11590,Home & Kitchen,3447.79
11591,Product_11591,Toys,2371.42
11592,Product_11592,Furniture,4866.59
11593,Product_11593,Sports,410.52
11594,Product_11594,Office Supplies,1962.34
11595,Product_11595,Furniture,350.52
11596,Product_11596,Toys,1337.79
11597,Product_11597,Furniture,410.4
11598,Product_11598,Home & Kitchen,3360.16
11599,Product_11599,Sports,784.9
11600,Product_11600,Furniture,3747.41
11601,Product_11601,Beauty,1425.36
11602,Product_11602,Furniture,4271.91
11603,Product_11603,Electronics,33.39
11604,Product_11604,Sports,4069.89
11605,Product_11605,Sports,1971.15
11606,Product_11606,Electronics,433.15
11607,Product_11607,Sports,1536.82
11608,Product_11608,Sports,1126.25
11609,Product_11609,Sports,1290.61
11610,Product_11610,Office Supplies,155.3
11611,Product_11611,Office Supplies,3311.31
11612,Product_11612,Home & Kitchen,4643.57
11613,Product_11613,Beauty,2689.83
11614,Product_11614,Electronics,4794.56
11615,Product_11615,Sports,989.74
11616,Product_11616,Office Supplies,2212.59
11617,Product_11617,Beauty,4816.88
11618,Product_11618,Toys,2051.85
11619,Product_11619,Toys,659.86
11620,Product_11620,Furniture,4729.4
11621,Product_11621,Electronics,4025.06
11622,Product_11622,Sports,3748.33
11623,Product_11623,Beauty,2209.04
11624,Product_11624,Toys,3744.89
11625,Product_11625,Home & Kitchen,2793.05
11626,Product_11626,Electronics,1860.83
11627,Product_11627,Toys,517.15
11628,Product_11628,Toys,1284.91
11629,Product_11629,Electronics,2443.92
11630,Product_11630,Home & Kitchen,2265.94
11631,Product_11631,Clothing,899.13
11632,Product_11632,Office Supplies,2104.01
11633,Product_11633,Electronics,604.1
11634,Product_11634,Office Supplies,44.78
11635,Product_11635,Furniture,2487.3
11636,Product_11636,Home & Kitchen,2050.32
11637,Product_11637,Clothing,1438.4
11638,Product_11638,Beauty,511.4
11639,Product_11639,Furniture,4939.39
11640,Product_11640,Furniture,4668.87
11641,Product_11641,Sports,3678.94
11642,Product_11642,Toys,4233.95
11643,Product_11643,Furniture,1805.9
11644,Product_11644,Sports,4967.64
11645,Product_11645,Electronics,4920.73
11646,Product_11646,Toys,1384.56
11647,Product_11647,Home & Kitchen,588.49
11648,Product_11648,Sports,3996.56
11649,Product_11649,Furniture,312.5
11650,Product_11650,Beauty,1541.07
11651,Product_11651,Office Supplies,2658.84
11652,Product_11652,Furniture,922.03
11653,Product_11653,Office Supplies,4693.3
11654,Product_11654,Home & Kitchen,357.53
11655,Product_11655,Toys,4067.61
11656,Product_11656,Home & Kitchen,4343.14
11657,Product_11657,Beauty,703.24
11658,Product_11658,Furniture,2558.21
11659,Product_11659,Home & Kitchen,4779.72
11660,Product_11660,Clothing,3768.72
11661,Product_11661,Home & Kitchen,964.12
11662,Product_11662,Office Supplies,2942.58
11663,Product_11663,Office Supplies,2361.3
11664,Product_11664,Toys,135.72
11665,Product_11665,Electronics,4784.53
11666,Product_11666,Furniture,3046.51
11667,Product_11667,Clothing,69.93
11668,Product_11668,Beauty,4653.64
11669,Product_11669,Furniture,674.39
11670,Product_11670,Clothing,4956.35
11671,Product_11671,Furniture,103.92
11672,Product_11672,Office Supplies,1681.88
11673,Product_11673,Toys,435.35
11674,Product_11674,Toys,3343.8
11675,Product_11675,Beauty,1444.07
11676,Product_11676,Toys,4420.6
11677,Product_11677,Electronics,4066.93
11678,Product_11678,Sports,3074.38
11679,Product_11679,Home & Kitchen,4768.64
11680,Product_11680,Furniture,3282.67
11681,Product_11681,Office Supplies,4361.94
11682,Product_11682,Beauty,197.5
11683,Product_11683,Toys,1128.54
11684,Product_11684,Toys,2857.8
11685,Product_11685,Beauty,4216.43
11686,Product_11686,Sports,4223.89
11687,Product_11687,Beauty,4416.84
11688,Product_11688,Toys,544.98
11689,Product_11689,Sports,1527.28
11690,Product_11690,Home & Kitchen,4327.12
11691,Product_11691,Beauty,1810.86
11692,Product_11692,Toys,977.08
11693,Product_11693,Electronics,4387.5
11694,Product_11694,Sports,3142.86
11695,Product_11695,Sports,4345.17
11696,Product_11696,Toys,3472.57
11697,Product_11697,Home & Kitchen,4511.91
11698,Product_11698,Electronics,3844.86
11699,Product_11699,Toys,163.55
11700,Product_11700,Furniture,3995.88
11701,Product_11701,Electronics,249.65
11702,Product_11702,Home & Kitchen,2959.23
11703,Product_11703,Clothing,187.78
11704,Product_11704,Furniture,2961.81
11705,Product_11705,Electronics,1552.44
11706,Product_11706,Furniture,4996.16
11707,Product_11707,Electronics,2444.97
11708,Product_11708,Sports,255.93
11709,Product_11709,Sports,129.03
11710,Product_11710,Sports,597.59
11711,Product_11711,Beauty,393.95
11712,Product_11712,Home & Kitchen,761.47
11713,Product_11713,Furniture,232.6
11714,Product_11714,Office Supplies,3709.61
11715,Product_11715,Clothing,383.36
11716,Product_11716,Home & Kitchen,3237.19
11717,Product_11717,Clothing,4428.39
11718,Product_11718,Clothing,3209.84
11719,Product_11719,Furniture,4443.96
11720,Product_11720,Beauty,790.05
11721,Product_11721,Clothing,4630.0
11722,Product_11722,Clothing,1828.53
11723,Product_11723,Home & Kitchen,1984.97
11724,Product_11724,Beauty,3658.11
11725,Product_11725,Electronics,4051.7
11726,Product_11726,Beauty,2164.97
11727,Product_11727,Sports,2782.43
11728,Product_11728,Home & Kitchen,2544.61
11729,Product_11729,Office Supplies,2190.65
11730,Product_11730,Beauty,3899.78
11731,Product_11731,Beauty,2339.21
11732,Product_11732,Electronics,3196.82
11733,Product_11733,Clothing,4666.58
11734,Product_11734,Sports,97.91
11735,Product_11735,Electronics,3466.34
11736,Product_11736,Beauty,4818.99
11737,Product_11737,Toys,810.81
11738,Product_11738,Beauty,2568.3
11739,Product_11739,Sports,241.03
11740,Product_11740,Furniture,898.93
11741,Product_11741,Clothing,1468.98
11742,Product_11742,Clothing,89.7
11743,Product_11743,Sports,2313.02
11744,Product_11744,Sports,597.45
11745,Product_11745,Clothing,1341.43
11746,Product_11746,Sports,2765.12
11747,Product_11747,Office Supplies,4848.23
11748,Product_11748,Toys,1927.77
11749,Product_11749,Toys,4874.01
11750,Product_11750,Electronics,37.93
11751,Product_11751,Clothing,1779.12
11752,Product_11752,Home & Kitchen,3715.31
11753,Product_11753,Sports,4589.3
11754,Product_11754,Toys,4947.46
11755,Product_11755,Office Supplies,791.7
11756,Product_11756,Clothing,153.8
11757,Product_11757,Sports,2306.54
11758,Product_11758,Electronics,4429.99
11759,Product_11759,Electronics,4904.39
11760,Product_11760,Sports,242.46
11761,Product_11761,Sports,1851.8
11762,Product_11762,Sports,4023.2
11763,Product_11763,Clothing,1261.7
11764,Product_11764,Sports,4414.55
11765,Product_11765,Sports,1178.14
11766,Product_11766,Toys,1740.52
11767,Product_11767,Toys,2778.41
11768,Product_11768,Toys,29.32
11769,Product_11769,Office Supplies,3458.18
11770,Product_11770,Furniture,1150.1
11771,Product_11771,Electronics,2139.46
11772,Product_11772,Sports,392.15
11773,Product_11773,Sports,2252.46
11774,Product_11774,Home & Kitchen,1382.8
11775,Product_11775,Beauty,1352.8
11776,Product_11776,Toys,4769.55
11777,Product_11777,Sports,4485.54
11778,Product_11778,Toys,2887.64
11779,Product_11779,Sports,2488.19
11780,Product_11780,Clothing,402.09
11781,Product_11781,Beauty,1562.34
11782,Product_11782,Office Supplies,298.26
11783,Product_11783,Sports,4332.15
11784,Product_11784,Beauty,384.73
11785,Product_11785,Clothing,4922.93
11786,Product_11786,Home & Kitchen,1422.03
11787,Product_11787,Beauty,3227.84
11788,Product_11788,Home & Kitchen,3642.26
11789,Product_11789,Home & Kitchen,4513.99
11790,Product_11790,Beauty,696.94
11791,Product_11791,Beauty,3258.67
11792,Product_11792,Home & Kitchen,3869.97
11793,Product_11793,Sports,582.01
11794,Product_11794,Electronics,14.85
11795,Product_11795,Electronics,4976.19
11796,Product_11796,Toys,926.05
11797,Product_11797,Home & Kitchen,304.56
11798,Product_11798,Furniture,4497.17
11799,Product_11799,Sports,1515.72
11800,Product_11800,Office Supplies,2072.19
11801,Product_11801,Clothing,500.01
11802,Product_11802,Beauty,1586.51
11803,Product_11803,Clothing,3637.38
11804,Product_11804,Furniture,3145.49
11805,Product_11805,Clothing,3531.83
11806,Product_11806,Electronics,3543.8
11807,Product_11807,Furniture,1307.19
11808,Product_11808,Toys,3195.24
11809,Product_11809,Furniture,2797.18
11810,Product_11810,Clothing,3332.92
11811,Product_11811,Home & Kitchen,4128.38
11812,Product_11812,Home & Kitchen,1723.54
11813,Product_11813,Clothing,896.61
11814,Product_11814,Beauty,2757.42
11815,Product_11815,Office Supplies,116.82
11816,Product_11816,Beauty,2154.47
11817,Product_11817,Home & Kitchen,1629.03
11818,Product_11818,Clothing,1796.28
11819,Product_11819,Home & Kitchen,2808.5
11820,Product_11820,Office Supplies,487.1
11821,Product_11821,Home & Kitchen,4448.97
11822,Product_11822,Sports,2118.7
11823,Product_11823,Furniture,3635.32
11824,Product_11824,Furniture,3390.26
11825,Product_11825,Toys,1357.62
11826,Product_11826,Toys,4997.95
11827,Product_11827,Office Supplies,3052.68
11828,Product_11828,Office Supplies,871.96
11829,Product_11829,Sports,3482.97
11830,Product_11830,Furniture,1412.04
11831,Product_11831,Beauty,555.39
11832,Product_11832,Beauty,1004.24
11833,Product_11833,Electronics,4834.73
11834,Product_11834,Home & Kitchen,1533.59
11835,Product_11835,Clothing,3129.15
11836,Product_11836,Beauty,1681.22
11837,Product_11837,Sports,229.3
11838,Product_11838,Beauty,2236.48
11839,Product_11839,Office Supplies,810.19
11840,Product_11840,Office Supplies,1671.28
11841,Product_11841,Sports,3809.34
11842,Product_11842,Office Supplies,2157.34
11843,Product_11843,Beauty,2080.73
11844,Product_11844,Sports,94.29
11845,Product_11845,Beauty,3700.52
11846,Product_11846,Toys,10.1
11847,Product_11847,Office Supplies,4202.29
11848,Product_11848,Clothing,3083.57
11849,Product_11849,Beauty,1452.84
11850,Product_11850,Beauty,1536.75
11851,Product_11851,Office Supplies,2792.44
11852,Product_11852,Electronics,4101.07
11853,Product_11853,Electronics,3408.09
11854,Product_11854,Office Supplies,2275.74
11855,Product_11855,Clothing,3234.16
11856,Product_11856,Office Supplies,3944.23
11857,Product_11857,Electronics,2708.52
11858,Product_11858,Beauty,1657.71
11859,Product_11859,Sports,237.84
11860,Product_11860,Electronics,1565.41
11861,Product_11861,Electronics,200.21
11862,Product_11862,Furniture,2703.99
11863,Product_11863,Sports,1448.45
11864,Product_11864,Clothing,3462.01
11865,Product_11865,Home & Kitchen,1730.45
11866,Product_11866,Clothing,3702.06
11867,Product_11867,Clothing,12.7
11868,Product_11868,Furniture,4554.05
11869,Product_11869,Office Supplies,4405.84
11870,Product_11870,Clothing,148.41
11871,Product_11871,Sports,21.64
11872,Product_11872,Electronics,2775.44
11873,Product_11873,Toys,3459.82
11874,Product_11874,Office Supplies,1383.7
11875,Product_11875,Sports,4906.08
11876,Product_11876,Electronics,1047.08
11877,Product_11877,Electronics,196.08
11878,Product_11878,Clothing,1659.24
11879,Product_11879,Beauty,585.3
11880,Product_11880,Home & Kitchen,2633.98
11881,Product_11881,Furniture,1939.64
11882,Product_11882,Furniture,1160.24
11883,Product_11883,Beauty,1576.07
11884,Product_11884,Clothing,1862.71
11885,Product_11885,Clothing,2865.19
11886,Product_11886,Clothing,972.14
11887,Product_11887,Clothing,2971.51
11888,Product_11888,Toys,3018.54
11889,Product_11889,Electronics,1193.6
11890,Product_11890,Home & Kitchen,3708.19
11891,Product_11891,Clothing,3710.93
11892,Product_11892,Beauty,4687.13
11893,Product_11893,Furniture,3059.13
11894,Product_11894,Furniture,3508.53
11895,Product_11895,Home & Kitchen,4735.12
11896,Product_11896,Furniture,3534.88
11897,Product_11897,Toys,630.91
11898,Product_11898,Office Supplies,1904.2
11899,Product_11899,Electronics,2294.34
11900,Product_11900,Clothing,769.47
11901,Product_11901,Clothing,1683.78
11902,Product_11902,Clothing,2471.01
11903,Product_11903,Home & Kitchen,4783.78
11904,Product_11904,Furniture,3489.5
11905,Product_11905,Electronics,4614.94
11906,Product_11906,Office Supplies,2966.51
11907,Product_11907,Office Supplies,3652.72
11908,Product_11908,Sports,4120.39
11909,Product_11909,Home & Kitchen,2483.43
11910,Product_11910,Furniture,4701.55
11911,Product_11911,Sports,361.07
11912,Product_11912,Office Supplies,163.18
11913,Product_11913,Clothing,441.94
11914,Product_11914,Toys,788.16
11915,Product_11915,Home & Kitchen,4945.32
11916,Product_11916,Furniture,1619.51
11917,Product_11917,Home & Kitchen,2068.54
11918,Product_11918,Toys,2364.53
11919,Product_11919,Beauty,1916.62
11920,Product_11920,Beauty,2761.71
11921,Product_11921,Clothing,4386.41
11922,Product_11922,Electronics,2927.8
11923,Product_11923,Electronics,300.24
11924,Product_11924,Furniture,3544.11
11925,Product_11925,Toys,3416.09
11926,Product_11926,Sports,4073.07
11927,Product_11927,Sports,4747.6
11928,Product_11928,Clothing,1659.5
11929,Product_11929,Electronics,1754.73
11930,Product_11930,Clothing,3249.19
11931,Product_11931,Office Supplies,1182.0
11932,Product_11932,Home & Kitchen,726.3
11933,Product_11933,Furniture,2352.92
11934,Product_11934,Sports,4751.35
11935,Product_11935,Electronics,2249.55
11936,Product_11936,Clothing,279.58
11937,Product_11937,Office Supplies,1500.35
11938,Product_11938,Electronics,3236.82
11939,Product_11939,Toys,3032.25
11940,Product_11940,Electronics,4724.13
11941,Product_11941,Sports,263.49
11942,Product_11942,Electronics,2234.13
11943,Product_11943,Clothing,698.8
11944,Product_11944,Furniture,3524.68
11945,Product_11945,Sports,1595.26
11946,Product_11946,Toys,4407.36
11947,Product_11947,Beauty,1107.59
11948,Product_11948,Toys,3083.54
11949,Product_11949,Beauty,4583.1
11950,Product_11950,Sports,3021.73
11951,Product_11951,Furniture,1347.86
11952,Product_11952,Clothing,3201.64
11953,Product_11953,Beauty,4176.07
11954,Product_11954,Sports,1214.56
11955,Product_11955,Beauty,4011.4
11956,Product_11956,Beauty,3932.87
11957,Product_11957,Beauty,4849.29
11958,Product_11958,Beauty,2131.43
11959,Product_11959,Clothing,1569.94
11960,Product_11960,Clothing,167.68
11961,Product_11961,Home & Kitchen,453.66
11962,Product_11962,Electronics,2407.62
11963,Product_11963,Home & Kitchen,3023.54
11964,Product_11964,Clothing,1778.0
11965,Product_11965,Toys,4625.11
11966,Product_11966,Clothing,3702.92
11967,Product_11967,Home & Kitchen,3943.13
11968,Product_11968,Home & Kitchen,4449.41
11969,Product_11969,Electronics,2336.3
11970,Product_11970,Office Supplies,399.08
11971,Product_11971,Electronics,2693.55
11972,Product_11972,Office Supplies,2128.22
11973,Product_11973,Beauty,1904.57
11974,Product_11974,Electronics,4136.2
11975,Product_11975,Beauty,764.33
11976,Product_11976,Home & Kitchen,4269.29
11977,Product_11977,Clothing,478.47
11978,Product_11978,Beauty,1526.12
11979,Product_11979,Furniture,4804.45
11980,Product_11980,Furniture,2672.57
11981,Product_11981,Clothing,1685.27
11982,Product_11982,Electronics,2465.01
11983,Product_11983,Clothing,4893.09
11984,Product_11984,Furniture,4900.26
11985,Product_11985,Sports,700.18
11986,Product_11986,Toys,1028.31
11987,Product_11987,Toys,3371.0
11988,Product_11988,Electronics,3231.45
11989,Product_11989,Sports,4917.7
11990,Product_11990,Furniture,4766.59
11991,Product_11991,Sports,2881.23
11992,Product_11992,Home & Kitchen,711.41
11993,Product_11993,Electronics,2767.58
11994,Product_11994,Clothing,2107.27
11995,Product_11995,Office Supplies,4827.16
11996,Product_11996,Beauty,817.52
11997,Product_11997,Toys,2434.08
11998,Product_11998,Sports,1372.43
11999,Product_11999,Sports,2780.64
12000,Product_12000,Sports,3665.74
12001,Product_12001,Furniture,3379.57
12002,Product_12002,Toys,2358.39
12003,Product_12003,Home & Kitchen,4265.86
12004,Product_12004,Furniture,4858.04
12005,Product_12005,Beauty,3486.46
12006,Product_12006,Office Supplies,3627.37
12007,Product_12007,Furniture,3112.84
12008,Product_12008,Home & Kitchen,689.48
12009,Product_12009,Home & Kitchen,2063.84
12010,Product_12010,Electronics,2663.67
12011,Product_12011,Beauty,4512.76
12012,Product_12012,Electronics,4290.89
12013,Product_12013,Clothing,1661.32
12014,Product_12014,Beauty,2702.31
12015,Product_12015,Clothing,3976.55
12016,Product_12016,Clothing,1488.05
12017,Product_12017,Sports,1810.99
12018,Product_12018,Furniture,2655.13
12019,Product_12019,Office Supplies,3182.7
12020,Product_12020,Office Supplies,4157.6
12021,Product_12021,Office Supplies,2755.22
12022,Product_12022,Toys,1945.48
12023,Product_12023,Sports,3609.44
12024,Product_12024,Electronics,1075.89
12025,Product_12025,Furniture,2466.65
12026,Product_12026,Furniture,1422.88
12027,Product_12027,Beauty,2195.22
12028,Product_12028,Office Supplies,1295.41
12029,Product_12029,Home & Kitchen,4955.03
12030,Product_12030,Electronics,3822.88
12031,Product_12031,Beauty,4462.52
12032,Product_12032,Toys,445.49
12033,Product_12033,Toys,2699.26
12034,Product_12034,Electronics,277.69
12035,Product_12035,Clothing,3934.3
12036,Product_12036,Electronics,3029.07
12037,Product_12037,Sports,2334.82
12038,Product_12038,Home & Kitchen,4056.01
12039,Product_12039,Furniture,2668.62
12040,Product_12040,Toys,584.76
12041,Product_12041,Furniture,206.25
12042,Product_12042,Beauty,2963.49
12043,Product_12043,Toys,3003.43
12044,Product_12044,Furniture,1886.78
12045,Product_12045,Home & Kitchen,1956.8
12046,Product_12046,Furniture,3145.56
12047,Product_12047,Beauty,2741.44
12048,Product_12048,Clothing,3663.46
12049,Product_12049,Beauty,3838.86
12050,Product_12050,Electronics,350.75
12051,Product_12051,Electronics,3347.65
12052,Product_12052,Beauty,4835.12
12053,Product_12053,Beauty,1191.74
12054,Product_12054,Sports,2439.21
12055,Product_12055,Clothing,1219.54
12056,Product_12056,Beauty,4744.63
12057,Product_12057,Clothing,3918.95
12058,Product_12058,Sports,793.74
12059,Product_12059,Furniture,214.17
12060,Product_12060,Toys,3628.12
12061,Product_12061,Toys,1804.67
12062,Product_12062,Toys,959.07
12063,Product_12063,Office Supplies,1086.9
12064,Product_12064,Electronics,2780.02
12065,Product_12065,Office Supplies,3830.98
12066,Product_12066,Toys,3169.2
12067,Product_12067,Beauty,4683.5
12068,Product_12068,Office Supplies,1609.23
12069,Product_12069,Home & Kitchen,3676.92
12070,Product_12070,Beauty,794.8
12071,Product_12071,Office Supplies,2481.31
12072,Product_12072,Electronics,1329.56
12073,Product_12073,Sports,3650.09
12074,Product_12074,Clothing,3611.18
12075,Product_12075,Home & Kitchen,1378.05
12076,Product_12076,Clothing,224.2
12077,Product_12077,Beauty,3307.25
12078,Product_12078,Office Supplies,319.67
12079,Product_12079,Beauty,1320.56
12080,Product_12080,Clothing,4893.46
12081,Product_12081,Toys,2090.44
12082,Product_12082,Home & Kitchen,276.6
12083,Product_12083,Sports,2576.5
12084,Product_12084,Office Supplies,4972.91
12085,Product_12085,Sports,2327.52
12086,Product_12086,Furniture,1680.74
12087,Product_12087,Clothing,767.96
12088,Product_12088,Sports,1506.47
12089,Product_12089,Beauty,4488.13
12090,Product_12090,Beauty,3680.2
12091,Product_12091,Office Supplies,4211.1
12092,Product_12092,Clothing,1076.66
12093,Product_12093,Toys,573.63
12094,Product_12094,Furniture,4508.32
12095,Product_12095,Beauty,3253.78
12096,Product_12096,Office Supplies,3657.74
12097,Product_12097,Home & Kitchen,2195.39
12098,Product_12098,Toys,769.35
12099,Product_12099,Furniture,457.19
12100,Product_12100,Electronics,2826.38
12101,Product_12101,Beauty,3381.56
12102,Product_12102,Toys,2713.87
12103,Product_12103,Furniture,875.17
12104,Product_12104,Electronics,3800.35
12105,Product_12105,Beauty,2900.86
12106,Product_12106,Office Supplies,2519.16
12107,Product_12107,Toys,4851.93
12108,Product_12108,Electronics,886.13
12109,Product_12109,Office Supplies,512.21
12110,Product_12110,Clothing,3475.67
12111,Product_12111,Home & Kitchen,3916.8
12112,Product_12112,Furniture,4153.42
12113,Product_12113,Home & Kitchen,1295.6
12114,Product_12114,Clothing,1451.05
12115,Product_12115,Furniture,91.54
12116,Product_12116,Beauty,4760.77
12117,Product_12117,Home & Kitchen,2029.07
12118,Product_12118,Home & Kitchen,4718.59
12119,Product_12119,Clothing,3956.47
12120,Product_12120,Clothing,4671.38
12121,Product_12121,Toys,4237.79
12122,Product_12122,Toys,2103.51
12123,Product_12123,Beauty,3841.44
12124,Product_12124,Electronics,4090.44
12125,Product_12125,Sports,1638.98
12126,Product_12126,Furniture,3814.23
12127,Product_12127,Sports,3573.65
12128,Product_12128,Beauty,4355.83
12129,Product_12129,Sports,4925.14
12130,Product_12130,Clothing,378.1
12131,Product_12131,Furniture,4883.04
12132,Product_12132,Office Supplies,2387.76
12133,Product_12133,Sports,4608.25
12134,Product_12134,Home & Kitchen,2014.25
12135,Product_12135,Home & Kitchen,4872.45
12136,Product_12136,Beauty,3631.76
12137,Product_12137,Clothing,4489.6
12138,Product_12138,Beauty,558.39
12139,Product_12139,Furniture,2515.56
12140,Product_12140,Toys,2995.35
12141,Product_12141,Clothing,1309.61
12142,Product_12142,Home & Kitchen,4062.98
12143,Product_12143,Clothing,4438.73
12144,Product_12144,Toys,3255.29
12145,Product_12145,Sports,2884.88
12146,Product_12146,Electronics,3343.4
12147,Product_12147,Office Supplies,681.57
12148,Product_12148,Furniture,3790.16
12149,Product_12149,Sports,645.25
12150,Product_12150,Clothing,910.29
12151,Product_12151,Furniture,4416.85
12152,Product_12152,Sports,418.08
12153,Product_12153,Clothing,3170.24
12154,Product_12154,Electronics,3387.55
12155,Product_12155,Sports,1458.82
12156,Product_12156,Furniture,4488.79
12157,Product_12157,Toys,571.49
12158,Product_12158,Sports,2233.37
12159,Product_12159,Beauty,1531.38
12160,Product_12160,Toys,3242.05
12161,Product_12161,Office Supplies,4444.12
12162,Product_12162,Office Supplies,1831.32
12163,Product_12163,Office Supplies,4319.78
12164,Product_12164,Electronics,3674.98
12165,Product_12165,Beauty,59.92
12166,Product_12166,Sports,1614.8
12167,Product_12167,Beauty,4599.53
12168,Product_12168,Toys,1869.2
12169,Product_12169,Home & Kitchen,242.19
12170,Product_12170,Home & Kitchen,3457.49
12171,Product_12171,Home & Kitchen,1249.83
12172,Product_12172,Beauty,1976.59
12173,Product_12173,Beauty,729.42
12174,Product_12174,Sports,1302.3
12175,Product_12175,Furniture,1891.32
12176,Product_12176,Toys,3253.45
12177,Product_12177,Electronics,2582.85
12178,Product_12178,Toys,826.71
12179,Product_12179,Beauty,240.42
12180,Product_12180,Office Supplies,2970.83
12181,Product_12181,Home & Kitchen,1538.17
12182,Product_12182,Office Supplies,713.21
12183,Product_12183,Beauty,488.2
12184,Product_12184,Electronics,676.94
12185,Product_12185,Office Supplies,1314.61
12186,Product_12186,Clothing,1099.84
12187,Product_12187,Furniture,4001.06
12188,Product_12188,Electronics,463.81
12189,Product_12189,Furniture,4464.52
12190,Product_12190,Sports,2736.79
12191,Product_12191,Electronics,2594.55
12192,Product_12192,Toys,883.01
12193,Product_12193,Home & Kitchen,2199.68
12194,Product_12194,Clothing,224.13
12195,Product_12195,Furniture,3959.45
12196,Product_12196,Home & Kitchen,3759.72
12197,Product_12197,Toys,377.83
12198,Product_12198,Toys,1268.77
12199,Product_12199,Clothing,3093.75
12200,Product_12200,Office Supplies,3487.25
12201,Product_12201,Beauty,4691.39
12202,Product_12202,Clothing,3825.03
12203,Product_12203,Electronics,2841.17
12204,Product_12204,Toys,1683.83
12205,Product_12205,Home & Kitchen,1880.21
12206,Product_12206,Office Supplies,1931.02
12207,Product_12207,Electronics,4772.84
12208,Product_12208,Sports,2957.69
12209,Product_12209,Sports,757.7
12210,Product_12210,Furniture,2937.35
12211,Product_12211,Office Supplies,643.62
12212,Product_12212,Office Supplies,1690.49
12213,Product_12213,Furniture,3611.37
12214,Product_12214,Electronics,2852.53
12215,Product_12215,Clothing,3916.27
12216,Product_12216,Home & Kitchen,3979.37
12217,Product_12217,Office Supplies,681.46
12218,Product_12218,Furniture,2851.92
12219,Product_12219,Home & Kitchen,1609.63
12220,Product_12220,Toys,643.43
12221,Product_12221,Beauty,2320.11
12222,Product_12222,Furniture,3221.16
12223,Product_12223,Beauty,1435.01
12224,Product_12224,Clothing,861.11
12225,Product_12225,Office Supplies,33.6
12226,Product_12226,Sports,1941.14
12227,Product_12227,Electronics,331.2
12228,Product_12228,Sports,1376.73
12229,Product_12229,Sports,4916.81
12230,Product_12230,Furniture,3082.36
12231,Product_12231,Clothing,4640.65
12232,Product_12232,Furniture,1274.67
12233,Product_12233,Toys,2523.82
12234,Product_12234,Beauty,2723.39
12235,Product_12235,Home & Kitchen,416.69
12236,Product_12236,Clothing,2111.64
12237,Product_12237,Office Supplies,283.72
12238,Product_12238,Furniture,1489.88
12239,Product_12239,Toys,4751.4
12240,Product_12240,Electronics,3807.23
12241,Product_12241,Electronics,661.7
12242,Product_12242,Beauty,1998.9
12243,Product_12243,Toys,4313.32
12244,Product_12244,Clothing,163.16
12245,Product_12245,Clothing,3900.16
12246,Product_12246,Beauty,4274.47
12247,Product_12247,Toys,399.64
12248,Product_12248,Electronics,3518.56
12249,Product_12249,Home & Kitchen,1508.81
12250,Product_12250,Furniture,1529.17
12251,Product_12251,Toys,1478.66
12252,Product_12252,Office Supplies,231.31
12253,Product_12253,Clothing,3823.17
12254,Product_12254,Clothing,4506.82
12255,Product_12255,Clothing,4049.33
12256,Product_12256,Furniture,4063.49
12257,Product_12257,Electronics,3930.34
12258,Product_12258,Electronics,1089.76
12259,Product_12259,Furniture,1214.29
12260,Product_12260,Sports,922.98
12261,Product_12261,Toys,4442.09
12262,Product_12262,Clothing,435.43
12263,Product_12263,Toys,1057.08
12264,Product_12264,Electronics,2404.32
12265,Product_12265,Office Supplies,3357.18
12266,Product_12266,Furniture,4691.22
12267,Product_12267,Toys,2884.81
12268,Product_12268,Clothing,534.66
12269,Product_12269,Beauty,2329.98
12270,Product_12270,Toys,1331.68
12271,Product_12271,Beauty,1198.28
12272,Product_12272,Electronics,28.75
12273,Product_12273,Toys,2413.97
12274,Product_12274,Office Supplies,3990.35
12275,Product_12275,Clothing,805.69
12276,Product_12276,Clothing,3215.34
12277,Product_12277,Electronics,2809.0
12278,Product_12278,Furniture,1073.78
12279,Product_12279,Toys,16.54
12280,Product_12280,Sports,4876.98
12281,Product_12281,Beauty,3531.18
12282,Product_12282,Clothing,4734.32
12283,Product_12283,Home & Kitchen,4632.3
12284,Product_12284,Office Supplies,532.7
12285,Product_12285,Electronics,1134.37
12286,Product_12286,Office Supplies,2552.39
12287,Product_12287,Toys,2259.05
12288,Product_12288,Office Supplies,3703.48
12289,Product_12289,Toys,1180.79
12290,Product_12290,Furniture,4922.12
12291,Product_12291,Toys,3941.91
12292,Product_12292,Office Supplies,4231.84
12293,Product_12293,Furniture,2848.99
12294,Product_12294,Beauty,1719.57
12295,Product_12295,Office Supplies,3566.77
12296,Product_12296,Beauty,3811.52
12297,Product_12297,Clothing,1584.68
12298,Product_12298,Furniture,934.23
12299,Product_12299,Electronics,2676.15
12300,Product_12300,Furniture,1260.03
12301,Product_12301,Electronics,1383.33
12302,Product_12302,Furniture,2725.56
12303,Product_12303,Clothing,4224.36
12304,Product_12304,Electronics,2300.64
12305,Product_12305,Furniture,2426.58
12306,Product_12306,Toys,1054.11
12307,Product_12307,Electronics,498.86
12308,Product_12308,Furniture,4224.05
12309,Product_12309,Beauty,1739.92
12310,Product_12310,Clothing,4053.4
12311,Product_12311,Toys,4633.06
12312,Product_12312,Clothing,1468.11
12313,Product_12313,Clothing,269.99
12314,Product_12314,Clothing,4325.97
12315,Product_12315,Electronics,4368.16
12316,Product_12316,Furniture,3553.77
12317,Product_12317,Furniture,1911.81
12318,Product_12318,Toys,538.14
12319,Product_12319,Furniture,2111.59
12320,Product_12320,Clothing,1446.5
12321,Product_12321,Furniture,1674.07
12322,Product_12322,Clothing,1290.32
12323,Product_12323,Sports,2810.83
12324,Product_12324,Sports,1560.6
12325,Product_12325,Clothing,792.83
12326,Product_12326,Home & Kitchen,2319.39
12327,Product_12327,Office Supplies,3793.04
12328,Product_12328,Office Supplies,26.27
12329,Product_12329,Beauty,1549.64
12330,Product_12330,Toys,1760.97
12331,Product_12331,Office Supplies,3276.18
12332,Product_12332,Clothing,4254.71
12333,Product_12333,Sports,1884.87
12334,Product_12334,Furniture,1629.21
12335,Product_12335,Beauty,4363.68
12336,Product_12336,Home & Kitchen,1112.82
12337,Product_12337,Toys,1950.52
12338,Product_12338,Office Supplies,3194.4
12339,Product_12339,Electronics,4246.7
12340,Product_12340,Clothing,4699.5
12341,Product_12341,Clothing,3893.39
12342,Product_12342,Furniture,933.26
12343,Product_12343,Clothing,645.55
12344,Product_12344,Office Supplies,262.61
12345,Product_12345,Clothing,1723.48
12346,Product_12346,Office Supplies,4581.54
12347,Product_12347,Office Supplies,3121.91
12348,Product_12348,Clothing,543.59
12349,Product_12349,Beauty,4006.23
12350,Product_12350,Sports,2983.08
12351,Product_12351,Home & Kitchen,2905.41
12352,Product_12352,Electronics,2685.16
12353,Product_12353,Furniture,3836.36
12354,Product_12354,Beauty,1111.62
12355,Product_12355,Home & Kitchen,1655.67
12356,Product_12356,Sports,4659.55
12357,Product_12357,Office Supplies,3500.07
12358,Product_12358,Office Supplies,1061.24
12359,Product_12359,Beauty,4634.32
12360,Product_12360,Toys,2418.19
12361,Product_12361,Home & Kitchen,31.53
12362,Product_12362,Clothing,137.4
12363,Product_12363,Office Supplies,3658.9
12364,Product_12364,Furniture,1495.11
12365,Product_12365,Toys,2506.18
12366,Product_12366,Clothing,4253.55
12367,Product_12367,Sports,1255.57
12368,Product_12368,Electronics,1241.18
12369,Product_12369,Furniture,1307.24
12370,Product_12370,Furniture,2361.96
12371,Product_12371,Clothing,3127.15
12372,Product_12372,Beauty,2825.61
12373,Product_12373,Electronics,2901.26
12374,Product_12374,Clothing,1336.23
12375,Product_12375,Furniture,3551.85
12376,Product_12376,Office Supplies,1992.99
12377,Product_12377,Electronics,3247.27
12378,Product_12378,Sports,1544.57
12379,Product_12379,Electronics,3684.28
12380,Product_12380,Electronics,186.92
12381,Product_12381,Office Supplies,236.32
12382,Product_12382,Beauty,1038.49
12383,Product_12383,Home & Kitchen,693.82
12384,Product_12384,Electronics,2780.33
12385,Product_12385,Beauty,2055.16
12386,Product_12386,Toys,245.27
12387,Product_12387,Toys,668.72
12388,Product_12388,Electronics,4526.22
12389,Product_12389,Sports,1464.63
12390,Product_12390,Toys,1978.45
12391,Product_12391,Beauty,2702.08
12392,Product_12392,Furniture,1759.64
12393,Product_12393,Clothing,146.35
12394,Product_12394,Toys,2305.31
12395,Product_12395,Sports,1136.6
12396,Product_12396,Toys,3628.61
12397,Product_12397,Clothing,1102.89
12398,Product_12398,Office Supplies,748.26
12399,Product_12399,Home & Kitchen,606.71
12400,Product_12400,Furniture,2636.34
12401,Product_12401,Sports,3518.49
12402,Product_12402,Electronics,3485.75
12403,Product_12403,Home & Kitchen,539.71
12404,Product_12404,Clothing,1357.9
12405,Product_12405,Home & Kitchen,3552.7
12406,Product_12406,Office Supplies,3654.45
12407,Product_12407,Furniture,510.92
12408,Product_12408,Clothing,3184.82
12409,Product_12409,Toys,3393.04
12410,Product_12410,Electronics,3224.32
12411,Product_12411,Beauty,2230.58
12412,Product_12412,Toys,715.98
12413,Product_12413,Home & Kitchen,3974.17
12414,Product_12414,Home & Kitchen,3252.61
12415,Product_12415,Clothing,3021.34
12416,Product_12416,Beauty,4012.21
12417,Product_12417,Office Supplies,509.47
12418,Product_12418,Home & Kitchen,815.32
12419,Product_12419,Beauty,1536.86
12420,Product_12420,Electronics,4403.37
12421,Product_12421,Sports,2796.61
12422,Product_12422,Clothing,3706.14
12423,Product_12423,Toys,4061.08
12424,Product_12424,Beauty,3001.74
12425,Product_12425,Toys,1696.41
12426,Product_12426,Toys,4264.99
12427,Product_12427,Sports,932.69
12428,Product_12428,Furniture,673.76
12429,Product_12429,Electronics,609.66
12430,Product_12430,Office Supplies,242.68
12431,Product_12431,Toys,4409.7
12432,Product_12432,Sports,3244.79
12433,Product_12433,Electronics,3349.69
12434,Product_12434,Office Supplies,2628.33
12435,Product_12435,Electronics,310.34
12436,Product_12436,Beauty,984.45
12437,Product_12437,Beauty,4834.27
12438,Product_12438,Toys,267.08
12439,Product_12439,Toys,1386.27
12440,Product_12440,Sports,4169.39
12441,Product_12441,Toys,1259.12
12442,Product_12442,Furniture,4997.06
12443,Product_12443,Clothing,3413.97
12444,Product_12444,Clothing,3986.47
12445,Product_12445,Office Supplies,126.31
12446,Product_12446,Electronics,1732.03
12447,Product_12447,Office Supplies,710.83
12448,Product_12448,Office Supplies,928.87
12449,Product_12449,Office Supplies,3247.17
12450,Product_12450,Clothing,2136.08
12451,Product_12451,Home & Kitchen,1942.97
12452,Product_12452,Sports,3227.17
12453,Product_12453,Office Supplies,3395.67
12454,Product_12454,Furniture,4904.26
12455,Product_12455,Electronics,1424.68
12456,Product_12456,Clothing,4517.38
12457,Product_12457,Toys,1226.58
12458,Product_12458,Furniture,3998.23
12459,Product_12459,Furniture,1207.96
12460,Product_12460,Electronics,4236.48
12461,Product_12461,Beauty,2253.81
12462,Product_12462,Clothing,2275.94
12463,Product_12463,Clothing,4535.7
12464,Product_12464,Electronics,4582.98
12465,Product_12465,Electronics,2686.81
12466,Product_12466,Electronics,1049.61
12467,Product_12467,Electronics,1318.0
12468,Product_12468,Office Supplies,732.95
12469,Product_12469,Electronics,4738.33
12470,Product_12470,Furniture,2376.19
12471,Product_12471,Toys,703.2
12472,Product_12472,Electronics,3653.71
12473,Product_12473,Office Supplies,4978.29
12474,Product_12474,Office Supplies,4429.63
12475,Product_12475,Furniture,1171.19
12476,Product_12476,Beauty,180.98
12477,Product_12477,Office Supplies,4162.5
12478,Product_12478,Toys,1375.36
12479,Product_12479,Home & Kitchen,4474.07
12480,Product_12480,Electronics,2727.07
12481,Product_12481,Furniture,456.08
12482,Product_12482,Office Supplies,4161.97
12483,Product_12483,Toys,4659.83
12484,Product_12484,Home & Kitchen,1847.27
12485,Product_12485,Electronics,4712.35
12486,Product_12486,Home & Kitchen,2164.57
12487,Product_12487,Home & Kitchen,430.54
12488,Product_12488,Toys,3225.56
12489,Product_12489,Sports,3637.17
12490,Product_12490,Home & Kitchen,1202.24
12491,Product_12491,Home & Kitchen,1281.49
12492,Product_12492,Electronics,930.09
12493,Product_12493,Office Supplies,4943.98
12494,Product_12494,Office Supplies,564.28
12495,Product_12495,Furniture,2763.33
12496,Product_12496,Office Supplies,4691.03
12497,Product_12497,Home & Kitchen,1937.46
12498,Product_12498,Sports,4912.39
12499,Product_12499,Sports,2648.52
12500,Product_12500,Toys,2464.89
12501,Product_12501,Toys,1539.75
12502,Product_12502,Sports,1821.34
12503,Product_12503,Toys,2626.91
12504,Product_12504,Home & Kitchen,4042.33
12505,Product_12505,Beauty,1020.86
12506,Product_12506,Office Supplies,467.3
12507,Product_12507,Beauty,1578.64
12508,Product_12508,Toys,682.48
12509,Product_12509,Furniture,4460.84
12510,Product_12510,Electronics,392.24
12511,Product_12511,Electronics,3249.88
12512,Product_12512,Beauty,2505.87
12513,Product_12513,Sports,2410.82
12514,Product_12514,Furniture,3256.46
12515,Product_12515,Furniture,1656.08
12516,Product_12516,Furniture,3015.56
12517,Product_12517,Home & Kitchen,2948.86
12518,Product_12518,Office Supplies,1008.31
12519,Product_12519,Beauty,4278.36
12520,Product_12520,Home & Kitchen,550.65
12521,Product_12521,Office Supplies,2425.96
12522,Product_12522,Sports,410.67
12523,Product_12523,Furniture,2319.19
12524,Product_12524,Home & Kitchen,4430.39
12525,Product_12525,Sports,3397.19
12526,Product_12526,Office Supplies,722.34
12527,Product_12527,Home & Kitchen,1568.03
12528,Product_12528,Beauty,398.37
12529,Product_12529,Home & Kitchen,1644.65
12530,Product_12530,Sports,4497.63
12531,Product_12531,Beauty,3596.34
12532,Product_12532,Office Supplies,126.49
12533,Product_12533,Sports,4811.26
12534,Product_12534,Sports,4482.98
12535,Product_12535,Clothing,2524.03
12536,Product_12536,Home & Kitchen,4058.24
12537,Product_12537,Clothing,3901.81
12538,Product_12538,Furniture,296.46
12539,Product_12539,Furniture,4595.75
12540,Product_12540,Home & Kitchen,1239.85
12541,Product_12541,Sports,3457.91
12542,Product_12542,Sports,414.67
12543,Product_12543,Electronics,538.88
12544,Product_12544,Electronics,2487.12
12545,Product_12545,Office Supplies,3630.51
12546,Product_12546,Electronics,2532.14
12547,Product_12547,Home & Kitchen,4787.94
12548,Product_12548,Clothing,867.32
12549,Product_12549,Toys,3019.14
12550,Product_12550,Toys,10.18
12551,Product_12551,Beauty,2623.3
12552,Product_12552,Electronics,1778.68
12553,Product_12553,Home & Kitchen,2776.26
12554,Product_12554,Home & Kitchen,2550.62
12555,Product_12555,Sports,1588.7
12556,Product_12556,Electronics,2538.02
12557,Product_12557,Beauty,1475.51
12558,Product_12558,Sports,966.69
12559,Product_12559,Toys,2983.39
12560,Product_12560,Clothing,3277.75
12561,Product_12561,Sports,1705.01
12562,Product_12562,Electronics,2330.7
12563,Product_12563,Beauty,4249.49
12564,Product_12564,Home & Kitchen,1096.86
12565,Product_12565,Office Supplies,1993.91
12566,Product_12566,Toys,1118.2
12567,Product_12567,Electronics,3893.7
12568,Product_12568,Home & Kitchen,3027.75
12569,Product_12569,Electronics,1795.63
12570,Product_12570,Sports,1663.9
12571,Product_12571,Toys,3546.42
12572,Product_12572,Toys,2087.0
12573,Product_12573,Electronics,2783.72
12574,Product_12574,Electronics,1194.66
12575,Product_12575,Electronics,2973.05
12576,Product_12576,Furniture,850.84
12577,Product_12577,Beauty,3719.64
12578,Product_12578,Electronics,4258.99
12579,Product_12579,Furniture,4226.48
12580,Product_12580,Office Supplies,1614.95
12581,Product_12581,Home & Kitchen,2504.69
12582,Product_12582,Sports,3229.05
12583,Product_12583,Sports,4531.29
12584,Product_12584,Electronics,2635.64
12585,Product_12585,Electronics,1061.11
12586,Product_12586,Beauty,3914.44
12587,Product_12587,Electronics,906.53
12588,Product_12588,Furniture,4479.1
12589,Product_12589,Office Supplies,3814.62
12590,Product_12590,Sports,1787.88
12591,Product_12591,Electronics,3588.36
12592,Product_12592,Sports,2524.8
12593,Product_12593,Furniture,1794.56
12594,Product_12594,Clothing,1428.39
12595,Product_12595,Beauty,1429.9
12596,Product_12596,Sports,3068.28
12597,Product_12597,Sports,2193.75
12598,Product_12598,Furniture,184.23
12599,Product_12599,Furniture,271.12
12600,Product_12600,Toys,660.1
12601,Product_12601,Clothing,4369.98
12602,Product_12602,Beauty,1689.68
12603,Product_12603,Office Supplies,1196.3
12604,Product_12604,Furniture,3737.72
12605,Product_12605,Sports,4206.43
12606,Product_12606,Home & Kitchen,2878.91
12607,Product_12607,Clothing,4663.94
12608,Product_12608,Beauty,2284.23
12609,Product_12609,Home & Kitchen,1504.62
12610,Product_12610,Furniture,1577.78
12611,Product_12611,Clothing,3186.61
12612,Product_12612,Electronics,4970.19
12613,Product_12613,Toys,4276.89
12614,Product_12614,Furniture,3113.19
12615,Product_12615,Electronics,4198.31
12616,Product_12616,Furniture,2459.03
12617,Product_12617,Beauty,400.94
12618,Product_12618,Toys,78.8
12619,Product_12619,Clothing,1626.57
12620,Product_12620,Home & Kitchen,3334.85
12621,Product_12621,Furniture,296.92
12622,Product_12622,Toys,3677.82
12623,Product_12623,Toys,4511.63
12624,Product_12624,Furniture,549.86
12625,Product_12625,Clothing,2992.37
12626,Product_12626,Furniture,4224.19
12627,Product_12627,Furniture,2920.54
12628,Product_12628,Home & Kitchen,3576.32
12629,Product_12629,Furniture,2043.13
12630,Product_12630,Clothing,4780.05
12631,Product_12631,Electronics,2713.84
12632,Product_12632,Electronics,4033.37
12633,Product_12633,Clothing,4124.75
12634,Product_12634,Home & Kitchen,3448.86
12635,Product_12635,Furniture,327.31
12636,Product_12636,Toys,197.83
12637,Product_12637,Beauty,4052.02
12638,Product_12638,Office Supplies,2820.62
12639,Product_12639,Clothing,4454.87
12640,Product_12640,Clothing,155.48
12641,Product_12641,Home & Kitchen,2373.75
12642,Product_12642,Electronics,4290.3
12643,Product_12643,Toys,1810.39
12644,Product_12644,Furniture,3065.65
12645,Product_12645,Home & Kitchen,284.62
12646,Product_12646,Clothing,187.55
12647,Product_12647,Electronics,4031.75
12648,Product_12648,Toys,4089.17
12649,Product_12649,Home & Kitchen,1326.62
12650,Product_12650,Sports,921.82
12651,Product_12651,Furniture,1728.07
12652,Product_12652,Home & Kitchen,433.79
12653,Product_12653,Clothing,1044.62
12654,Product_12654,Beauty,1306.69
12655,Product_12655,Clothing,3657.2
12656,Product_12656,Sports,1946.79
12657,Product_12657,Home & Kitchen,4542.03
12658,Product_12658,Sports,220.19
12659,Product_12659,Sports,1830.54
12660,Product_12660,Clothing,368.24
12661,Product_12661,Sports,754.43
12662,Product_12662,Office Supplies,1119.14
12663,Product_12663,Home & Kitchen,2620.23
12664,Product_12664,Sports,646.51
12665,Product_12665,Toys,4871.91
12666,Product_12666,Toys,1148.24
12667,Product_12667,Furniture,2934.53
12668,Product_12668,Beauty,3064.1
12669,Product_12669,Office Supplies,3323.35
12670,Product_12670,Furniture,3783.93
12671,Product_12671,Electronics,2049.88
12672,Product_12672,Sports,1545.5
12673,Product_12673,Beauty,3797.39
12674,Product_12674,Sports,4316.7
12675,Product_12675,Beauty,2961.84
12676,Product_12676,Furniture,3217.14
12677,Product_12677,Office Supplies,529.28
12678,Product_12678,Toys,435.72
12679,Product_12679,Office Supplies,1448.44
12680,Product_12680,Sports,363.89
12681,Product_12681,Beauty,1277.49
12682,Product_12682,Furniture,617.8
12683,Product_12683,Home & Kitchen,192.85
12684,Product_12684,Clothing,891.66
12685,Product_12685,Furniture,118.33
12686,Product_12686,Office Supplies,2307.17
12687,Product_12687,Beauty,4133.96
12688,Product_12688,Toys,2836.04
12689,Product_12689,Furniture,2491.43
12690,Product_12690,Furniture,1500.71
12691,Product_12691,Toys,2294.17
12692,Product_12692,Furniture,4842.23
12693,Product_12693,Office Supplies,1247.18
12694,Product_12694,Electronics,3955.7
12695,Product_12695,Sports,3969.41
12696,Product_12696,Office Supplies,4533.03
12697,Product_12697,Office Supplies,201.76
12698,Product_12698,Furniture,1667.41
12699,Product_12699,Furniture,1685.76
12700,Product_12700,Office Supplies,4963.11
12701,Product_12701,Sports,1959.53
12702,Product_12702,Office Supplies,4167.48
12703,Product_12703,Furniture,4183.53
12704,Product_12704,Office Supplies,1986.79
12705,Product_12705,Electronics,2608.03
12706,Product_12706,Toys,373.33
12707,Product_12707,Sports,4161.75
12708,Product_12708,Home & Kitchen,341.04
12709,Product_12709,Electronics,4391.82
12710,Product_12710,Beauty,4316.54
12711,Product_12711,Clothing,2866.7
12712,Product_12712,Furniture,1428.9
12713,Product_12713,Office Supplies,4313.42
12714,Product_12714,Sports,1165.86
12715,Product_12715,Beauty,306.5
12716,Product_12716,Beauty,3931.76
12717,Product_12717,Beauty,2675.29
12718,Product_12718,Clothing,2596.69
12719,Product_12719,Electronics,2230.06
12720,Product_12720,Home & Kitchen,1045.88
12721,Product_12721,Clothing,4947.18
12722,Product_12722,Furniture,1870.6
12723,Product_12723,Office Supplies,3189.24
12724,Product_12724,Furniture,724.28
12725,Product_12725,Sports,3074.24
12726,Product_12726,Clothing,2860.79
12727,Product_12727,Home & Kitchen,2842.11
12728,Product_12728,Electronics,3277.79
12729,Product_12729,Furniture,1493.14
12730,Product_12730,Clothing,4641.0
12731,Product_12731,Office Supplies,286.87
12732,Product_12732,Furniture,4669.94
12733,Product_12733,Clothing,1434.48
12734,Product_12734,Electronics,746.99
12735,Product_12735,Furniture,1046.46
12736,Product_12736,Office Supplies,1259.72
12737,Product_12737,Sports,2776.23
12738,Product_12738,Furniture,1223.58
12739,Product_12739,Furniture,2141.22
12740,Product_12740,Beauty,4068.43
12741,Product_12741,Clothing,4266.27
12742,Product_12742,Electronics,1078.29
12743,Product_12743,Office Supplies,1160.02
12744,Product_12744,Clothing,3587.57
12745,Product_12745,Beauty,2194.01
12746,Product_12746,Toys,2616.04
12747,Product_12747,Furniture,3874.32
12748,Product_12748,Furniture,3432.72
12749,Product_12749,Beauty,462.91
12750,Product_12750,Home & Kitchen,4278.6
12751,Product_12751,Office Supplies,2429.35
12752,Product_12752,Sports,668.36
12753,Product_12753,Electronics,4656.95
12754,Product_12754,Electronics,3065.24
12755,Product_12755,Clothing,3405.33
12756,Product_12756,Electronics,1937.48
12757,Product_12757,Sports,157.02
12758,Product_12758,Furniture,1297.81
12759,Product_12759,Home & Kitchen,1728.94
12760,Product_12760,Furniture,883.89
12761,Product_12761,Beauty,3142.07
12762,Product_12762,Clothing,1955.6
12763,Product_12763,Electronics,4090.29
12764,Product_12764,Sports,1280.58
12765,Product_12765,Clothing,2130.63
12766,Product_12766,Beauty,3019.11
12767,Product_12767,Home & Kitchen,2075.9
12768,Product_12768,Furniture,3334.79
12769,Product_12769,Toys,329.73
12770,Product_12770,Office Supplies,1247.52
12771,Product_12771,Toys,3586.3
12772,Product_12772,Toys,2080.78
12773,Product_12773,Electronics,3584.01
12774,Product_12774,Clothing,1019.55
12775,Product_12775,Toys,2267.38
12776,Product_12776,Beauty,1316.42
12777,Product_12777,Toys,350.11
12778,Product_12778,Home & Kitchen,2067.04
12779,Product_12779,Beauty,3858.3
12780,Product_12780,Home & Kitchen,222.67
12781,Product_12781,Electronics,692.12
12782,Product_12782,Clothing,4783.15
12783,Product_12783,Sports,3193.93
12784,Product_12784,Office Supplies,427.15
12785,Product_12785,Beauty,2391.71
12786,Product_12786,Home & Kitchen,4084.03
12787,Product_12787,Beauty,4074.13
12788,Product_12788,Home & Kitchen,1731.5
12789,Product_12789,Clothing,748.84
12790,Product_12790,Home & Kitchen,2478.8
12791,Product_12791,Toys,4270.99
12792,Product_12792,Furniture,3946.79
12793,Product_12793,Home & Kitchen,4766.42
12794,Product_12794,Sports,2579.63
12795,Product_12795,Home & Kitchen,3555.69
12796,Product_12796,Beauty,2260.54
12797,Product_12797,Home & Kitchen,2854.06
12798,Product_12798,Beauty,2608.09
12799,Product_12799,Furniture,4631.01
12800,Product_12800,Toys,1753.74
12801,Product_12801,Toys,1278.41
12802,Product_12802,Clothing,3005.86
12803,Product_12803,Home & Kitchen,2724.78
12804,Product_12804,Sports,1070.76
12805,Product_12805,Sports,853.82
12806,Product_12806,Sports,1726.05
12807,Product_12807,Sports,4796.14
12808,Product_12808,Clothing,3215.74
12809,Product_12809,Toys,941.03
12810,Product_12810,Electronics,3233.77
12811,Product_12811,Beauty,1769.37
12812,Product_12812,Home & Kitchen,27.59
12813,Product_12813,Home & Kitchen,2811.96
12814,Product_12814,Clothing,3634.26
12815,Product_12815,Home & Kitchen,1142.25
12816,Product_12816,Sports,736.12
12817,Product_12817,Beauty,450.12
12818,Product_12818,Furniture,4551.35
12819,Product_12819,Clothing,2206.31
12820,Product_12820,Clothing,1780.95
12821,Product_12821,Clothing,3139.18
12822,Product_12822,Sports,1490.91
12823,Product_12823,Office Supplies,46.3
12824,Product_12824,Office Supplies,3055.69
12825,Product_12825,Home & Kitchen,1938.01
12826,Product_12826,Beauty,145.35
12827,Product_12827,Furniture,3512.24
12828,Product_12828,Electronics,432.07
12829,Product_12829,Beauty,1341.8
12830,Product_12830,Beauty,4242.02
12831,Product_12831,Sports,3481.19
12832,Product_12832,Sports,1154.12
12833,Product_12833,Sports,2498.5
12834,Product_12834,Electronics,1573.07
12835,Product_12835,Electronics,4405.39
12836,Product_12836,Electronics,3209.06
12837,Product_12837,Home & Kitchen,868.26
12838,Product_12838,Clothing,2100.72
12839,Product_12839,Beauty,3474.37
12840,Product_12840,Clothing,2512.65
12841,Product_12841,Clothing,1014.33
12842,Product_12842,Sports,2724.87
12843,Product_12843,Beauty,1174.46
12844,Product_12844,Toys,2471.12
12845,Product_12845,Beauty,2497.97
12846,Product_12846,Beauty,2943.21
12847,Product_12847,Home & Kitchen,1780.8
12848,Product_12848,Sports,3032.81
12849,Product_12849,Furniture,4866.99
12850,Product_12850,Office Supplies,1527.02
12851,Product_12851,Office Supplies,1850.18
12852,Product_12852,Office Supplies,2266.39
12853,Product_12853,Furniture,1107.65
12854,Product_12854,Clothing,1063.93
12855,Product_12855,Home & Kitchen,1958.37
12856,Product_12856,Clothing,215.63
12857,Product_12857,Office Supplies,3891.48
12858,Product_12858,Toys,4051.9
12859,Product_12859,Furniture,2660.12
12860,Product_12860,Clothing,2985.47
12861,Product_12861,Office Supplies,139.87
12862,Product_12862,Clothing,2706.55
12863,Product_12863,Office Supplies,1455.81
12864,Product_12864,Sports,2888.66
12865,Product_12865,Electronics,2437.41
12866,Product_12866,Sports,4461.68
12867,Product_12867,Beauty,1847.6
12868,Product_12868,Sports,539.81
12869,Product_12869,Furniture,4044.57
12870,Product_12870,Clothing,908.51
12871,Product_12871,Beauty,179.49
12872,Product_12872,Home & Kitchen,1764.63
12873,Product_12873,Home & Kitchen,2623.33
12874,Product_12874,Office Supplies,3706.59
12875,Product_12875,Electronics,1670.17
12876,Product_12876,Home & Kitchen,335.69
12877,Product_12877,Toys,4668.75
12878,Product_12878,Toys,3618.72
12879,Product_12879,Toys,1690.09
12880,Product_12880,Clothing,2880.11
12881,Product_12881,Office Supplies,201.22
12882,Product_12882,Sports,4822.65
12883,Product_12883,Office Supplies,915.97
12884,Product_12884,Electronics,1318.25
12885,Product_12885,Sports,4751.44
12886,Product_12886,Home & Kitchen,261.39
12887,Product_12887,Office Supplies,4323.83
12888,Product_12888,Clothing,3735.97
12889,Product_12889,Electronics,4261.5
12890,Product_12890,Sports,4440.07
12891,Product_12891,Toys,2839.78
12892,Product_12892,Sports,4158.52
12893,Product_12893,Toys,2737.55
12894,Product_12894,Furniture,4768.01
12895,Product_12895,Furniture,3969.36
12896,Product_12896,Home & Kitchen,2263.52
12897,Product_12897,Electronics,2230.64
12898,Product_12898,Electronics,1856.11
12899,Product_12899,Furniture,50.79
12900,Product_12900,Office Supplies,4453.77
12901,Product_12901,Sports,4351.57
12902,Product_12902,Toys,2981.17
12903,Product_12903,Clothing,2965.82
12904,Product_12904,Toys,3079.4
12905,Product_12905,Clothing,2806.64
12906,Product_12906,Office Supplies,4567.96
12907,Product_12907,Beauty,3346.93
12908,Product_12908,Beauty,1223.42
12909,Product_12909,Beauty,31.27
12910,Product_12910,Clothing,1719.49
12911,Product_12911,Clothing,2306.36
12912,Product_12912,Sports,1848.21
12913,Product_12913,Electronics,4145.65
12914,Product_12914,Clothing,577.42
12915,Product_12915,Beauty,4942.31
12916,Product_12916,Office Supplies,2094.56
12917,Product_12917,Toys,1037.84
12918,Product_12918,Beauty,4866.53
12919,Product_12919,Home & Kitchen,2942.12
12920,Product_12920,Office Supplies,3661.79
12921,Product_12921,Furniture,3696.24
12922,Product_12922,Sports,3083.23
12923,Product_12923,Home & Kitchen,3309.72
12924,Product_12924,Sports,1426.43
12925,Product_12925,Office Supplies,3168.8
12926,Product_12926,Electronics,3100.31
12927,Product_12927,Office Supplies,4832.16
12928,Product_12928,Home & Kitchen,4784.98
12929,Product_12929,Beauty,700.98
12930,Product_12930,Furniture,1553.47
12931,Product_12931,Sports,4277.73
12932,Product_12932,Beauty,1049.59
12933,Product_12933,Home & Kitchen,4266.06
12934,Product_12934,Office Supplies,4634.95
12935,Product_12935,Home & Kitchen,4387.94
12936,Product_12936,Beauty,749.77
12937,Product_12937,Furniture,1635.85
12938,Product_12938,Beauty,4852.17
12939,Product_12939,Office Supplies,4025.55
12940,Product_12940,Sports,1891.21
12941,Product_12941,Toys,1038.17
12942,Product_12942,Electronics,3514.65
12943,Product_12943,Sports,1481.81
12944,Product_12944,Electronics,4840.05
12945,Product_12945,Furniture,2105.57
12946,Product_12946,Electronics,3905.48
12947,Product_12947,Clothing,3856.84
12948,Product_12948,Electronics,1307.21
12949,Product_12949,Home & Kitchen,779.53
12950,Product_12950,Home & Kitchen,3606.02
12951,Product_12951,Home & Kitchen,1908.87
12952,Product_12952,Office Supplies,3039.59
12953,Product_12953,Home & Kitchen,1673.44
12954,Product_12954,Office Supplies,1896.55
12955,Product_12955,Toys,1657.02
12956,Product_12956,Clothing,3357.58
12957,Product_12957,Office Supplies,2279.1
12958,Product_12958,Clothing,203.08
12959,Product_12959,Home & Kitchen,4453.51
12960,Product_12960,Electronics,1296.85
12961,Product_12961,Home & Kitchen,3194.25
12962,Product_12962,Sports,872.14
12963,Product_12963,Electronics,983.17
12964,Product_12964,Office Supplies,447.13
12965,Product_12965,Office Supplies,3017.81
12966,Product_12966,Toys,2922.7
12967,Product_12967,Clothing,4385.46
12968,Product_12968,Sports,1803.57
12969,Product_12969,Electronics,2697.88
12970,Product_12970,Beauty,4097.13
12971,Product_12971,Office Supplies,4342.1
12972,Product_12972,Clothing,120.3
12973,Product_12973,Furniture,4293.9
12974,Product_12974,Beauty,2736.74
12975,Product_12975,Furniture,1425.72
12976,Product_12976,Furniture,2197.29
12977,Product_12977,Electronics,3563.03
12978,Product_12978,Toys,316.42
12979,Product_12979,Furniture,4713.42
12980,Product_12980,Beauty,2819.62
12981,Product_12981,Sports,3262.2
12982,Product_12982,Electronics,2763.55
12983,Product_12983,Sports,4368.08
12984,Product_12984,Beauty,4948.97
12985,Product_12985,Clothing,3160.86
12986,Product_12986,Toys,892.68
12987,Product_12987,Furniture,4137.72
12988,Product_12988,Home & Kitchen,2317.5
12989,Product_12989,Office Supplies,2791.29
12990,Product_12990,Toys,3144.99
12991,Product_12991,Beauty,106.93
12992,Product_12992,Home & Kitchen,401.24
12993,Product_12993,Office Supplies,4159.67
12994,Product_12994,Toys,2783.33
12995,Product_12995,Home & Kitchen,4894.4
12996,Product_12996,Furniture,756.44
12997,Product_12997,Clothing,3908.13
12998,Product_12998,Sports,3583.86
12999,Product_12999,Furniture,4793.94
13000,Product_13000,Electronics,927.2
13001,Product_13001,Office Supplies,4760.07
13002,Product_13002,Sports,1184.21
13003,Product_13003,Sports,4539.49
13004,Product_13004,Home & Kitchen,4427.51
13005,Product_13005,Electronics,2830.57
13006,Product_13006,Clothing,276.94
13007,Product_13007,Toys,2944.99
13008,Product_13008,Sports,182.38
13009,Product_13009,Electronics,3571.87
13010,Product_13010,Home & Kitchen,1978.65
13011,Product_13011,Clothing,1066.78
13012,Product_13012,Electronics,4910.15
13013,Product_13013,Furniture,780.95
13014,Product_13014,Furniture,656.84
13015,Product_13015,Toys,2392.01
13016,Product_13016,Sports,121.95
13017,Product_13017,Sports,2081.62
13018,Product_13018,Home & Kitchen,4934.8
13019,Product_13019,Clothing,4324.56
13020,Product_13020,Sports,1769.53
13021,Product_13021,Furniture,2014.57
13022,Product_13022,Beauty,4512.24
13023,Product_13023,Home & Kitchen,2530.24
13024,Product_13024,Beauty,1303.62
13025,Product_13025,Sports,2339.33
13026,Product_13026,Electronics,1831.1
13027,Product_13027,Furniture,1339.41
13028,Product_13028,Electronics,4948.21
13029,Product_13029,Beauty,3270.32
13030,Product_13030,Clothing,1096.62
13031,Product_13031,Home & Kitchen,1121.09
13032,Product_13032,Sports,3382.18
13033,Product_13033,Beauty,1312.81
13034,Product_13034,Furniture,4402.77
13035,Product_13035,Office Supplies,418.74
13036,Product_13036,Toys,2559.61
13037,Product_13037,Beauty,3612.2
13038,Product_13038,Sports,3009.49
13039,Product_13039,Electronics,4195.16
13040,Product_13040,Home & Kitchen,1728.16
13041,Product_13041,Sports,3511.14
13042,Product_13042,Home & Kitchen,4938.28
13043,Product_13043,Home & Kitchen,4388.46
13044,Product_13044,Clothing,4280.93
13045,Product_13045,Toys,1367.1
13046,Product_13046,Office Supplies,1892.69
13047,Product_13047,Clothing,4009.37
13048,Product_13048,Beauty,1294.39
13049,Product_13049,Sports,4964.38
13050,Product_13050,Beauty,1341.86
13051,Product_13051,Furniture,3488.74
13052,Product_13052,Electronics,1042.62
13053,Product_13053,Office Supplies,3717.37
13054,Product_13054,Sports,4559.97
13055,Product_13055,Furniture,752.43
13056,Product_13056,Electronics,825.14
13057,Product_13057,Office Supplies,4964.95
13058,Product_13058,Electronics,4117.77
13059,Product_13059,Home & Kitchen,2879.03
13060,Product_13060,Clothing,694.95
13061,Product_13061,Furniture,1799.88
13062,Product_13062,Toys,2420.77
13063,Product_13063,Clothing,265.91
13064,Product_13064,Office Supplies,2079.71
13065,Product_13065,Furniture,2720.18
13066,Product_13066,Office Supplies,4594.59
13067,Product_13067,Furniture,4564.03
13068,Product_13068,Sports,3303.08
13069,Product_13069,Toys,1110.79
13070,Product_13070,Furniture,1871.13
13071,Product_13071,Furniture,3913.0
13072,Product_13072,Beauty,3290.79
13073,Product_13073,Beauty,800.89
13074,Product_13074,Electronics,1894.38
13075,Product_13075,Toys,3598.48
13076,Product_13076,Furniture,119.47
13077,Product_13077,Home & Kitchen,2376.91
13078,Product_13078,Clothing,3399.1
13079,Product_13079,Beauty,1408.54
13080,Product_13080,Toys,2778.12
13081,Product_13081,Toys,3864.89
13082,Product_13082,Beauty,2007.98
13083,Product_13083,Beauty,2858.21
13084,Product_13084,Electronics,4150.96
13085,Product_13085,Beauty,2028.2
13086,Product_13086,Home & Kitchen,2391.76
13087,Product_13087,Furniture,4365.97
13088,Product_13088,Office Supplies,503.4
13089,Product_13089,Toys,2990.74
13090,Product_13090,Sports,1501.92
13091,Product_13091,Toys,681.68
13092,Product_13092,Furniture,4353.46
13093,Product_13093,Clothing,735.46
13094,Product_13094,Furniture,1707.4
13095,Product_13095,Beauty,4645.08
13096,Product_13096,Home & Kitchen,2905.29
13097,Product_13097,Beauty,3266.84
13098,Product_13098,Furniture,2597.83
13099,Product_13099,Sports,3486.46
13100,Product_13100,Clothing,4602.95
13101,Product_13101,Office Supplies,628.52
13102,Product_13102,Office Supplies,3199.43
13103,Product_13103,Clothing,1730.68
13104,Product_13104,Home & Kitchen,4319.87
13105,Product_13105,Beauty,4366.7
13106,Product_13106,Furniture,1570.91
13107,Product_13107,Furniture,3381.25
13108,Product_13108,Office Supplies,4902.37
13109,Product_13109,Home & Kitchen,4465.76
13110,Product_13110,Sports,4008.58
13111,Product_13111,Office Supplies,2453.06
13112,Product_13112,Furniture,1112.38
13113,Product_13113,Electronics,1266.38
13114,Product_13114,Electronics,4847.95
13115,Product_13115,Furniture,4025.23
13116,Product_13116,Beauty,4324.97
13117,Product_13117,Sports,3148.86
13118,Product_13118,Sports,3507.05
13119,Product_13119,Home & Kitchen,1369.97
13120,Product_13120,Beauty,1689.55
13121,Product_13121,Home & Kitchen,2089.56
13122,Product_13122,Beauty,1203.24
13123,Product_13123,Beauty,3885.71
13124,Product_13124,Clothing,3360.72
13125,Product_13125,Home & Kitchen,82.52
13126,Product_13126,Beauty,965.7
13127,Product_13127,Toys,2512.02
13128,Product_13128,Home & Kitchen,2850.63
13129,Product_13129,Beauty,107.79
13130,Product_13130,Electronics,365.14
13131,Product_13131,Electronics,4291.12
13132,Product_13132,Electronics,3587.9
13133,Product_13133,Electronics,2087.66
13134,Product_13134,Office Supplies,4175.92
13135,Product_13135,Toys,3721.79
13136,Product_13136,Sports,2784.95
13137,Product_13137,Electronics,1013.75
13138,Product_13138,Electronics,4631.79
13139,Product_13139,Sports,2452.39
13140,Product_13140,Electronics,2136.67
13141,Product_13141,Furniture,4519.94
13142,Product_13142,Furniture,2253.48
13143,Product_13143,Electronics,3086.62
13144,Product_13144,Clothing,3724.18
13145,Product_13145,Sports,1192.21
13146,Product_13146,Furniture,2033.39
13147,Product_13147,Clothing,2729.57
13148,Product_13148,Clothing,1898.38
13149,Product_13149,Sports,567.2
13150,Product_13150,Clothing,4326.51
13151,Product_13151,Furniture,2181.84
13152,Product_13152,Sports,830.82
13153,Product_13153,Office Supplies,3727.28
13154,Product_13154,Clothing,1837.16
13155,Product_13155,Sports,3816.78
13156,Product_13156,Office Supplies,3183.94
13157,Product_13157,Office Supplies,503.2
13158,Product_13158,Clothing,2713.28
13159,Product_13159,Office Supplies,418.65
13160,Product_13160,Beauty,3945.6
13161,Product_13161,Beauty,2072.4
13162,Product_13162,Sports,3550.28
13163,Product_13163,Office Supplies,3182.24
13164,Product_13164,Beauty,2495.51
13165,Product_13165,Electronics,600.64
13166,Product_13166,Home & Kitchen,3657.01
13167,Product_13167,Sports,1564.75
13168,Product_13168,Toys,3796.65
13169,Product_13169,Furniture,3056.91
13170,Product_13170,Clothing,2187.18
13171,Product_13171,Office Supplies,4309.79
13172,Product_13172,Electronics,1240.72
13173,Product_13173,Clothing,2085.87
13174,Product_13174,Beauty,2308.82
13175,Product_13175,Sports,4666.63
13176,Product_13176,Electronics,229.36
13177,Product_13177,Furniture,2931.1
13178,Product_13178,Office Supplies,369.69
13179,Product_13179,Furniture,3717.99
13180,Product_13180,Office Supplies,3325.45
13181,Product_13181,Clothing,1822.4
13182,Product_13182,Home & Kitchen,2137.83
13183,Product_13183,Home & Kitchen,657.57
13184,Product_13184,Office Supplies,2127.11
13185,Product_13185,Office Supplies,3383.77
13186,Product_13186,Home & Kitchen,2115.52
13187,Product_13187,Toys,3799.35
13188,Product_13188,Electronics,3131.31
13189,Product_13189,Office Supplies,2599.35
13190,Product_13190,Furniture,1131.31
13191,Product_13191,Home & Kitchen,83.21
13192,Product_13192,Sports,2797.05
13193,Product_13193,Electronics,561.43
13194,Product_13194,Toys,4255.67
13195,Product_13195,Clothing,124.69
13196,Product_13196,Toys,2959.58
13197,Product_13197,Office Supplies,586.95
13198,Product_13198,Furniture,3138.14
13199,Product_13199,Home & Kitchen,3291.98
13200,Product_13200,Office Supplies,1922.36
13201,Product_13201,Office Supplies,1771.68
13202,Product_13202,Office Supplies,3431.43
13203,Product_13203,Office Supplies,102.44
13204,Product_13204,Office Supplies,4188.78
13205,Product_13205,Electronics,466.19
13206,Product_13206,Electronics,1501.49
13207,Product_13207,Home & Kitchen,731.3
13208,Product_13208,Beauty,3187.56
13209,Product_13209,Electronics,3849.64
13210,Product_13210,Furniture,1616.94
13211,Product_13211,Beauty,1859.7
13212,Product_13212,Furniture,2822.7
13213,Product_13213,Electronics,2913.72
13214,Product_13214,Toys,930.04
13215,Product_13215,Home & Kitchen,4757.56
13216,Product_13216,Electronics,3080.82
13217,Product_13217,Toys,1837.35
13218,Product_13218,Sports,1725.63
13219,Product_13219,Toys,3961.13
13220,Product_13220,Clothing,2782.11
13221,Product_13221,Electronics,977.58
13222,Product_13222,Clothing,2887.69
13223,Product_13223,Furniture,382.04
13224,Product_13224,Beauty,262.64
13225,Product_13225,Home & Kitchen,3870.11
13226,Product_13226,Furniture,4098.13
13227,Product_13227,Electronics,3760.97
13228,Product_13228,Office Supplies,4207.49
13229,Product_13229,Clothing,879.1
13230,Product_13230,Office Supplies,2000.76
13231,Product_13231,Electronics,1346.27
13232,Product_13232,Furniture,4167.68
13233,Product_13233,Sports,4607.28
13234,Product_13234,Toys,1787.73
13235,Product_13235,Beauty,4197.88
13236,Product_13236,Toys,1878.17
13237,Product_13237,Toys,1288.48
13238,Product_13238,Electronics,181.82
13239,Product_13239,Beauty,2876.85
13240,Product_13240,Beauty,4274.58
13241,Product_13241,Toys,3421.13
13242,Product_13242,Furniture,3904.75
13243,Product_13243,Furniture,3426.17
13244,Product_13244,Clothing,2311.73
13245,Product_13245,Electronics,2738.31
13246,Product_13246,Beauty,1764.59
13247,Product_13247,Electronics,4732.24
13248,Product_13248,Electronics,2142.16
13249,Product_13249,Home & Kitchen,3072.38
13250,Product_13250,Office Supplies,4352.99
13251,Product_13251,Home & Kitchen,4452.28
13252,Product_13252,Home & Kitchen,1178.64
13253,Product_13253,Home & Kitchen,4701.68
13254,Product_13254,Toys,3573.26
13255,Product_13255,Home & Kitchen,3737.05
13256,Product_13256,Furniture,745.15
13257,Product_13257,Beauty,976.26
13258,Product_13258,Home & Kitchen,3885.5
13259,Product_13259,Electronics,3182.92
13260,Product_13260,Office Supplies,1371.33
13261,Product_13261,Sports,711.71
13262,Product_13262,Beauty,4493.53
13263,Product_13263,Home & Kitchen,245.78
13264,Product_13264,Clothing,4121.78
13265,Product_13265,Beauty,3632.62
13266,Product_13266,Sports,347.04
13267,Product_13267,Toys,198.65
13268,Product_13268,Electronics,3037.52
13269,Product_13269,Beauty,4387.18
13270,Product_13270,Electronics,3969.96
13271,Product_13271,Clothing,4203.98
13272,Product_13272,Beauty,4286.34
13273,Product_13273,Beauty,1344.31
13274,Product_13274,Home & Kitchen,4692.09
13275,Product_13275,Beauty,2984.01
13276,Product_13276,Furniture,2159.44
13277,Product_13277,Toys,324.37
13278,Product_13278,Beauty,2666.29
13279,Product_13279,Electronics,4665.94
13280,Product_13280,Furniture,4572.4
13281,Product_13281,Office Supplies,1277.69
13282,Product_13282,Electronics,4818.84
13283,Product_13283,Clothing,4241.02
13284,Product_13284,Furniture,188.26
13285,Product_13285,Home & Kitchen,716.75
13286,Product_13286,Clothing,3426.35
13287,Product_13287,Furniture,1311.88
13288,Product_13288,Toys,4103.59
13289,Product_13289,Beauty,2805.83
13290,Product_13290,Toys,951.64
13291,Product_13291,Clothing,398.83
13292,Product_13292,Furniture,3799.83
13293,Product_13293,Furniture,353.12
13294,Product_13294,Sports,3441.26
13295,Product_13295,Clothing,4068.55
13296,Product_13296,Electronics,2180.38
13297,Product_13297,Furniture,2109.25
13298,Product_13298,Electronics,921.62
13299,Product_13299,Office Supplies,555.45
13300,Product_13300,Toys,1775.33
13301,Product_13301,Clothing,4563.29
13302,Product_13302,Clothing,3998.86
13303,Product_13303,Toys,1375.12
13304,Product_13304,Beauty,4098.97
13305,Product_13305,Beauty,3574.73
13306,Product_13306,Clothing,1625.95
13307,Product_13307,Beauty,4725.44
13308,Product_13308,Office Supplies,4965.27
13309,Product_13309,Electronics,450.96
13310,Product_13310,Beauty,3891.18
13311,Product_13311,Office Supplies,4460.09
13312,Product_13312,Toys,2167.8
13313,Product_13313,Furniture,1903.73
13314,Product_13314,Home & Kitchen,393.64
13315,Product_13315,Toys,2308.82
13316,Product_13316,Clothing,3540.47
13317,Product_13317,Office Supplies,3818.48
13318,Product_13318,Office Supplies,1619.74
13319,Product_13319,Home & Kitchen,4912.73
13320,Product_13320,Toys,3825.77
13321,Product_13321,Electronics,785.56
13322,Product_13322,Clothing,2964.88
13323,Product_13323,Beauty,3135.46
13324,Product_13324,Clothing,713.75
13325,Product_13325,Office Supplies,2409.64
13326,Product_13326,Sports,3757.98
13327,Product_13327,Beauty,1842.13
13328,Product_13328,Electronics,786.15
13329,Product_13329,Home & Kitchen,1488.56
13330,Product_13330,Electronics,4692.01
13331,Product_13331,Clothing,2559.02
13332,Product_13332,Furniture,3136.98
13333,Product_13333,Office Supplies,2177.96
13334,Product_13334,Clothing,1374.04
13335,Product_13335,Clothing,3406.07
13336,Product_13336,Toys,2217.8
13337,Product_13337,Beauty,3181.33
13338,Product_13338,Electronics,1889.72
13339,Product_13339,Home & Kitchen,603.7
13340,Product_13340,Furniture,4807.06
13341,Product_13341,Home & Kitchen,3866.18
13342,Product_13342,Toys,4289.82
13343,Product_13343,Beauty,376.37
13344,Product_13344,Home & Kitchen,3909.39
13345,Product_13345,Beauty,2836.44
13346,Product_13346,Clothing,3191.06
13347,Product_13347,Home & Kitchen,3331.44
13348,Product_13348,Home & Kitchen,4116.07
13349,Product_13349,Furniture,1307.93
13350,Product_13350,Office Supplies,1834.62
13351,Product_13351,Toys,4116.67
13352,Product_13352,Office Supplies,4222.77
13353,Product_13353,Office Supplies,522.36
13354,Product_13354,Sports,2022.73
13355,Product_13355,Furniture,2557.67
13356,Product_13356,Office Supplies,2306.72
13357,Product_13357,Toys,4660.88
13358,Product_13358,Electronics,3929.62
13359,Product_13359,Electronics,1366.17
13360,Product_13360,Toys,659.04
13361,Product_13361,Electronics,1193.18
13362,Product_13362,Clothing,4672.85
13363,Product_13363,Toys,2110.84
13364,Product_13364,Beauty,214.84
13365,Product_13365,Clothing,356.55
13366,Product_13366,Clothing,1373.42
13367,Product_13367,Beauty,2911.01
13368,Product_13368,Clothing,484.9
13369,Product_13369,Beauty,4600.93
13370,Product_13370,Beauty,4332.42
13371,Product_13371,Beauty,1443.22
13372,Product_13372,Office Supplies,4874.57
13373,Product_13373,Home & Kitchen,3337.35
13374,Product_13374,Clothing,1263.2
13375,Product_13375,Clothing,2706.78
13376,Product_13376,Office Supplies,1984.6
13377,Product_13377,Office Supplies,3632.19
13378,Product_13378,Home & Kitchen,1199.48
13379,Product_13379,Home & Kitchen,3540.6
13380,Product_13380,Sports,3028.31
13381,Product_13381,Office Supplies,2214.62
13382,Product_13382,Clothing,164.99
13383,Product_13383,Electronics,1191.08
13384,Product_13384,Home & Kitchen,4736.16
13385,Product_13385,Sports,1784.69
13386,Product_13386,Beauty,3630.39
13387,Product_13387,Beauty,507.67
13388,Product_13388,Clothing,3014.26
13389,Product_13389,Office Supplies,2431.12
13390,Product_13390,Clothing,2269.22
13391,Product_13391,Clothing,4986.64
13392,Product_13392,Toys,1925.29
13393,Product_13393,Furniture,2672.38
13394,Product_13394,Furniture,244.33
13395,Product_13395,Sports,4638.47
13396,Product_13396,Furniture,638.65
13397,Product_13397,Home & Kitchen,2855.6
13398,Product_13398,Home & Kitchen,2130.16
13399,Product_13399,Toys,3283.26
13400,Product_13400,Office Supplies,2233.89
13401,Product_13401,Toys,2621.22
13402,Product_13402,Furniture,1379.58
13403,Product_13403,Home & Kitchen,2659.31
13404,Product_13404,Sports,2126.87
13405,Product_13405,Beauty,3374.66
13406,Product_13406,Beauty,4496.53
13407,Product_13407,Sports,3440.26
13408,Product_13408,Beauty,3927.82
13409,Product_13409,Clothing,1493.85
13410,Product_13410,Toys,2109.29
13411,Product_13411,Office Supplies,4204.27
13412,Product_13412,Home & Kitchen,380.39
13413,Product_13413,Office Supplies,2989.83
13414,Product_13414,Beauty,3784.1
13415,Product_13415,Sports,4144.97
13416,Product_13416,Office Supplies,707.04
13417,Product_13417,Beauty,629.89
13418,Product_13418,Sports,2756.08
13419,Product_13419,Clothing,4225.52
13420,Product_13420,Office Supplies,3124.91
13421,Product_13421,Sports,951.7
13422,Product_13422,Beauty,4066.45
13423,Product_13423,Furniture,2256.0
13424,Product_13424,Furniture,4121.58
13425,Product_13425,Clothing,2316.19
13426,Product_13426,Furniture,37.61
13427,Product_13427,Beauty,1436.74
13428,Product_13428,Toys,4507.86
13429,Product_13429,Office Supplies,3020.63
13430,Product_13430,Beauty,2571.15
13431,Product_13431,Sports,2993.33
13432,Product_13432,Clothing,3420.32
13433,Product_13433,Electronics,3048.52
13434,Product_13434,Electronics,2401.62
13435,Product_13435,Home & Kitchen,16.63
13436,Product_13436,Toys,2517.96
13437,Product_13437,Furniture,972.2
13438,Product_13438,Toys,4455.15
13439,Product_13439,Clothing,440.33
13440,Product_13440,Clothing,1085.77
13441,Product_13441,Electronics,3942.56
13442,Product_13442,Toys,871.77
13443,Product_13443,Home & Kitchen,4525.87
13444,Product_13444,Toys,3201.47
13445,Product_13445,Electronics,4186.44
13446,Product_13446,Clothing,3421.53
13447,Product_13447,Home & Kitchen,2835.18
13448,Product_13448,Office Supplies,4413.73
13449,Product_13449,Toys,2595.06
13450,Product_13450,Office Supplies,3766.96
13451,Product_13451,Furniture,3188.16
13452,Product_13452,Beauty,11.41
13453,Product_13453,Electronics,2540.71
13454,Product_13454,Beauty,2919.98
13455,Product_13455,Sports,1714.04
13456,Product_13456,Sports,3759.98
13457,Product_13457,Home & Kitchen,3951.31
13458,Product_13458,Beauty,2501.66
13459,Product_13459,Beauty,2307.88
13460,Product_13460,Office Supplies,558.51
13461,Product_13461,Beauty,2309.7
13462,Product_13462,Sports,4860.51
13463,Product_13463,Home & Kitchen,1334.87
13464,Product_13464,Toys,4992.41
13465,Product_13465,Home & Kitchen,268.57
13466,Product_13466,Toys,3506.81
13467,Product_13467,Clothing,3165.05
13468,Product_13468,Sports,2356.15
13469,Product_13469,Office Supplies,3812.28
13470,Product_13470,Electronics,4166.24
13471,Product_13471,Electronics,4024.87
13472,Product_13472,Clothing,2646.62
13473,Product_13473,Electronics,2906.24
13474,Product_13474,Electronics,3922.68
13475,Product_13475,Electronics,1750.24
13476,Product_13476,Sports,162.46
13477,Product_13477,Home & Kitchen,1779.46
13478,Product_13478,Furniture,4242.32
13479,Product_13479,Sports,1505.48
13480,Product_13480,Furniture,2820.87
13481,Product_13481,Sports,690.5
13482,Product_13482,Office Supplies,1704.37
13483,Product_13483,Toys,4084.29
13484,Product_13484,Home & Kitchen,1735.56
13485,Product_13485,Toys,1568.74
13486,Product_13486,Beauty,4206.31
13487,Product_13487,Toys,2732.2
13488,Product_13488,Office Supplies,2267.99
13489,Product_13489,Furniture,61.24
13490,Product_13490,Toys,1420.75
13491,Product_13491,Beauty,1814.16
13492,Product_13492,Clothing,3827.49
13493,Product_13493,Beauty,3685.05
13494,Product_13494,Electronics,4622.14
13495,Product_13495,Electronics,4648.34
13496,Product_13496,Electronics,894.2
13497,Product_13497,Furniture,1229.72
13498,Product_13498,Clothing,135.05
13499,Product_13499,Sports,174.19
13500,Product_13500,Furniture,1173.34
13501,Product_13501,Office Supplies,3509.95
13502,Product_13502,Electronics,2059.54
13503,Product_13503,Beauty,3260.67
13504,Product_13504,Furniture,243.3
13505,Product_13505,Furniture,4950.82
13506,Product_13506,Home & Kitchen,3148.53
13507,Product_13507,Sports,1710.8
13508,Product_13508,Home & Kitchen,1352.07
13509,Product_13509,Toys,3754.25
13510,Product_13510,Sports,4080.69
13511,Product_13511,Toys,973.75
13512,Product_13512,Furniture,1728.06
13513,Product_13513,Clothing,2854.55
13514,Product_13514,Toys,1845.61
13515,Product_13515,Beauty,3834.34
13516,Product_13516,Electronics,3397.52
13517,Product_13517,Electronics,775.37
13518,Product_13518,Toys,4115.73
13519,Product_13519,Clothing,1285.53
13520,Product_13520,Beauty,3240.29
13521,Product_13521,Home & Kitchen,3352.06
13522,Product_13522,Furniture,3822.89
13523,Product_13523,Toys,1964.92
13524,Product_13524,Office Supplies,994.47
13525,Product_13525,Beauty,128.18
13526,Product_13526,Beauty,3809.26
13527,Product_13527,Sports,1559.98
13528,Product_13528,Furniture,2089.53
13529,Product_13529,Electronics,4245.55
13530,Product_13530,Clothing,2096.0
13531,Product_13531,Clothing,1854.47
13532,Product_13532,Office Supplies,1847.59
13533,Product_13533,Sports,2134.96
13534,Product_13534,Electronics,86.99
13535,Product_13535,Furniture,4748.36
13536,Product_13536,Home & Kitchen,3017.47
13537,Product_13537,Furniture,400.14
13538,Product_13538,Sports,1366.2
13539,Product_13539,Sports,3613.04
13540,Product_13540,Toys,4613.42
13541,Product_13541,Home & Kitchen,1260.03
13542,Product_13542,Clothing,4521.64
13543,Product_13543,Beauty,1292.17
13544,Product_13544,Clothing,1220.86
13545,Product_13545,Office Supplies,112.14
13546,Product_13546,Clothing,3384.22
13547,Product_13547,Clothing,939.72
13548,Product_13548,Clothing,3018.54
13549,Product_13549,Toys,4485.03
13550,Product_13550,Clothing,3146.18
13551,Product_13551,Toys,1315.5
13552,Product_13552,Beauty,3178.0
13553,Product_13553,Office Supplies,934.48
13554,Product_13554,Sports,2464.01
13555,Product_13555,Home & Kitchen,792.33
13556,Product_13556,Home & Kitchen,2575.87
13557,Product_13557,Beauty,3415.26
13558,Product_13558,Sports,502.06
13559,Product_13559,Toys,725.77
13560,Product_13560,Furniture,513.75
13561,Product_13561,Electronics,3939.44
13562,Product_13562,Home & Kitchen,633.74
13563,Product_13563,Clothing,3174.83
13564,Product_13564,Sports,3567.14
13565,Product_13565,Clothing,4440.92
13566,Product_13566,Clothing,275.43
13567,Product_13567,Toys,3647.47
13568,Product_13568,Home & Kitchen,4969.69
13569,Product_13569,Furniture,1526.67
13570,Product_13570,Beauty,1003.31
13571,Product_13571,Toys,544.83
13572,Product_13572,Clothing,577.17
13573,Product_13573,Home & Kitchen,377.56
13574,Product_13574,Office Supplies,4000.09
13575,Product_13575,Office Supplies,3112.28
13576,Product_13576,Sports,4797.33
13577,Product_13577,Clothing,2918.0
13578,Product_13578,Furniture,1722.72
13579,Product_13579,Furniture,1252.42
13580,Product_13580,Beauty,1322.64
13581,Product_13581,Clothing,1196.2
13582,Product_13582,Home & Kitchen,3268.11
13583,Product_13583,Sports,4711.44
13584,Product_13584,Beauty,4536.48
13585,Product_13585,Home & Kitchen,3806.42
13586,Product_13586,Home & Kitchen,501.28
13587,Product_13587,Furniture,252.67
13588,Product_13588,Toys,2272.76
13589,Product_13589,Beauty,3888.72
13590,Product_13590,Office Supplies,1239.71
13591,Product_13591,Clothing,1253.98
13592,Product_13592,Toys,239.39
13593,Product_13593,Toys,1536.33
13594,Product_13594,Toys,629.72
13595,Product_13595,Beauty,968.3
13596,Product_13596,Beauty,241.32
13597,Product_13597,Sports,2895.81
13598,Product_13598,Electronics,2983.72
13599,Product_13599,Electronics,2347.85
13600,Product_13600,Home & Kitchen,359.63
13601,Product_13601,Clothing,2023.95
13602,Product_13602,Electronics,4771.35
13603,Product_13603,Toys,1310.02
13604,Product_13604,Toys,490.05
13605,Product_13605,Clothing,1996.12
13606,Product_13606,Home & Kitchen,4046.36
13607,Product_13607,Electronics,1780.85
13608,Product_13608,Electronics,1581.38
13609,Product_13609,Toys,242.77
13610,Product_13610,Home & Kitchen,4207.69
13611,Product_13611,Clothing,2263.49
13612,Product_13612,Beauty,951.03
13613,Product_13613,Beauty,3697.52
13614,Product_13614,Furniture,4222.86
13615,Product_13615,Office Supplies,214.96
13616,Product_13616,Sports,1279.3
13617,Product_13617,Clothing,1207.96
13618,Product_13618,Toys,4310.42
13619,Product_13619,Electronics,3312.25
13620,Product_13620,Clothing,4814.33
13621,Product_13621,Furniture,2595.93
13622,Product_13622,Beauty,4399.52
13623,Product_13623,Home & Kitchen,3488.1
13624,Product_13624,Sports,1408.18
13625,Product_13625,Beauty,2594.58
13626,Product_13626,Beauty,4974.95
13627,Product_13627,Sports,4229.66
13628,Product_13628,Beauty,984.44
13629,Product_13629,Office Supplies,375.87
13630,Product_13630,Electronics,3346.06
13631,Product_13631,Office Supplies,2226.28
13632,Product_13632,Beauty,3859.21
13633,Product_13633,Furniture,273.38
13634,Product_13634,Furniture,3468.34
13635,Product_13635,Furniture,1365.27
13636,Product_13636,Electronics,696.8
13637,Product_13637,Electronics,1360.46
13638,Product_13638,Home & Kitchen,218.49
13639,Product_13639,Electronics,2483.37
13640,Product_13640,Toys,2691.49
13641,Product_13641,Beauty,1564.36
13642,Product_13642,Electronics,2918.57
13643,Product_13643,Sports,4342.64
13644,Product_13644,Clothing,4640.86
13645,Product_13645,Sports,2731.46
13646,Product_13646,Office Supplies,746.81
13647,Product_13647,Furniture,2146.28
13648,Product_13648,Electronics,2136.88
13649,Product_13649,Home & Kitchen,1915.87
13650,Product_13650,Sports,4109.63
13651,Product_13651,Office Supplies,4764.38
13652,Product_13652,Beauty,738.0
13653,Product_13653,Clothing,792.94
13654,Product_13654,Furniture,3672.91
13655,Product_13655,Electronics,4100.55
13656,Product_13656,Clothing,4379.96
13657,Product_13657,Clothing,2351.34
13658,Product_13658,Sports,466.01
13659,Product_13659,Beauty,2953.19
13660,Product_13660,Office Supplies,1569.54
13661,Product_13661,Sports,4122.47
13662,Product_13662,Office Supplies,4183.23
13663,Product_13663,Home & Kitchen,2147.82
13664,Product_13664,Office Supplies,2530.8
13665,Product_13665,Toys,4176.5
13666,Product_13666,Beauty,2310.58
13667,Product_13667,Electronics,3945.83
13668,Product_13668,Clothing,1232.94
13669,Product_13669,Clothing,568.95
13670,Product_13670,Clothing,4050.69
13671,Product_13671,Sports,59.77
13672,Product_13672,Electronics,3657.23
13673,Product_13673,Clothing,457.45
13674,Product_13674,Clothing,1928.91
13675,Product_13675,Home & Kitchen,1762.69
13676,Product_13676,Sports,230.5
13677,Product_13677,Clothing,3647.75
13678,Product_13678,Office Supplies,4120.65
13679,Product_13679,Sports,2207.53
13680,Product_13680,Beauty,1320.08
13681,Product_13681,Electronics,4576.21
13682,Product_13682,Electronics,1949.74
13683,Product_13683,Home & Kitchen,4541.82
13684,Product_13684,Clothing,1907.45
13685,Product_13685,Toys,1057.01
13686,Product_13686,Toys,3879.67
13687,Product_13687,Beauty,552.34
13688,Product_13688,Furniture,3221.83
13689,Product_13689,Sports,1010.74
13690,Product_13690,Beauty,2352.21
13691,Product_13691,Office Supplies,3869.51
13692,Product_13692,Sports,4196.2
13693,Product_13693,Furniture,2531.65
13694,Product_13694,Office Supplies,3044.9
13695,Product_13695,Clothing,4631.41
13696,Product_13696,Furniture,3962.89
13697,Product_13697,Clothing,163.13
13698,Product_13698,Toys,3748.93
13699,Product_13699,Furniture,2173.58
13700,Product_13700,Beauty,2915.75
13701,Product_13701,Electronics,2617.38
13702,Product_13702,Office Supplies,1172.3
13703,Product_13703,Beauty,1381.38
13704,Product_13704,Clothing,2797.8
13705,Product_13705,Home & Kitchen,2066.56
13706,Product_13706,Home & Kitchen,2332.93
13707,Product_13707,Beauty,4019.46
13708,Product_13708,Furniture,4423.16
13709,Product_13709,Furniture,813.31
13710,Product_13710,Toys,4522.97
13711,Product_13711,Office Supplies,4012.73
13712,Product_13712,Furniture,4539.98
13713,Product_13713,Beauty,1289.35
13714,Product_13714,Office Supplies,3172.53
13715,Product_13715,Electronics,3239.05
13716,Product_13716,Home & Kitchen,4253.5
13717,Product_13717,Home & Kitchen,4686.57
13718,Product_13718,Office Supplies,3382.28
13719,Product_13719,Office Supplies,4963.54
13720,Product_13720,Clothing,4330.84
13721,Product_13721,Sports,4912.24
13722,Product_13722,Clothing,4760.65
13723,Product_13723,Toys,3094.21
13724,Product_13724,Home & Kitchen,4795.92
13725,Product_13725,Clothing,1236.63
13726,Product_13726,Sports,4493.17
13727,Product_13727,Electronics,2916.84
13728,Product_13728,Furniture,2410.55
13729,Product_13729,Sports,545.85
13730,Product_13730,Sports,3340.43
13731,Product_13731,Electronics,1285.99
13732,Product_13732,Office Supplies,2791.78
13733,Product_13733,Beauty,4990.69
13734,Product_13734,Furniture,4390.07
13735,Product_13735,Furniture,2467.48
13736,Product_13736,Home & Kitchen,1534.02
13737,Product_13737,Office Supplies,4050.54
13738,Product_13738,Beauty,543.61
13739,Product_13739,Office Supplies,4274.43
13740,Product_13740,Electronics,4504.08
13741,Product_13741,Electronics,689.0
13742,Product_13742,Beauty,1238.19
13743,Product_13743,Toys,3928.06
13744,Product_13744,Electronics,1521.28
13745,Product_13745,Furniture,3675.78
13746,Product_13746,Office Supplies,1932.98
13747,Product_13747,Clothing,746.45
13748,Product_13748,Furniture,3266.54
13749,Product_13749,Beauty,1134.61
13750,Product_13750,Sports,3965.7
13751,Product_13751,Home & Kitchen,2703.54
13752,Product_13752,Home & Kitchen,2354.55
13753,Product_13753,Sports,2205.17
13754,Product_13754,Sports,3729.38
13755,Product_13755,Clothing,4367.83
13756,Product_13756,Furniture,701.2
13757,Product_13757,Office Supplies,222.86
13758,Product_13758,Office Supplies,32.6
13759,Product_13759,Office Supplies,4575.89
13760,Product_13760,Electronics,2683.81
13761,Product_13761,Office Supplies,4355.34
13762,Product_13762,Home & Kitchen,178.64
13763,Product_13763,Furniture,1792.07
13764,Product_13764,Furniture,2923.66
13765,Product_13765,Office Supplies,3280.4
13766,Product_13766,Sports,3114.01
13767,Product_13767,Office Supplies,3780.91
13768,Product_13768,Sports,2242.11
13769,Product_13769,Toys,2859.15
13770,Product_13770,Sports,930.87
13771,Product_13771,Clothing,502.15
13772,Product_13772,Furniture,668.17
13773,Product_13773,Electronics,853.5
13774,Product_13774,Clothing,2497.57
13775,Product_13775,Sports,1788.3
13776,Product_13776,Toys,1072.78
13777,Product_13777,Clothing,4301.96
13778,Product_13778,Clothing,2314.61
13779,Product_13779,Beauty,2948.01
13780,Product_13780,Toys,2806.92
13781,Product_13781,Beauty,1468.65
13782,Product_13782,Sports,2738.41
13783,Product_13783,Beauty,4232.88
13784,Product_13784,Sports,2947.53
13785,Product_13785,Electronics,4950.09
13786,Product_13786,Office Supplies,2117.66
13787,Product_13787,Electronics,3148.56
13788,Product_13788,Sports,1657.17
13789,Product_13789,Toys,930.68
13790,Product_13790,Furniture,664.18
13791,Product_13791,Beauty,563.48
13792,Product_13792,Office Supplies,1810.89
13793,Product_13793,Beauty,3398.74
13794,Product_13794,Office Supplies,1225.09
13795,Product_13795,Electronics,464.18
13796,Product_13796,Office Supplies,3078.11
13797,Product_13797,Office Supplies,1590.73
13798,Product_13798,Clothing,3323.35
13799,Product_13799,Office Supplies,4210.92
13800,Product_13800,Toys,2573.6
13801,Product_13801,Furniture,1917.49
13802,Product_13802,Furniture,1221.72
13803,Product_13803,Office Supplies,969.55
13804,Product_13804,Office Supplies,4157.75
13805,Product_13805,Beauty,3371.67
13806,Product_13806,Toys,3349.15
13807,Product_13807,Clothing,974.77
13808,Product_13808,Sports,2812.54
13809,Product_13809,Beauty,187.08
13810,Product_13810,Home & Kitchen,4435.38
13811,Product_13811,Beauty,1969.3
13812,Product_13812,Sports,989.16
13813,Product_13813,Sports,4417.37
13814,Product_13814,Office Supplies,3229.15
13815,Product_13815,Beauty,3406.5
13816,Product_13816,Toys,3493.77
13817,Product_13817,Office Supplies,1301.01
13818,Product_13818,Sports,3142.74
13819,Product_13819,Furniture,2181.86
13820,Product_13820,Office Supplies,734.34
13821,Product_13821,Beauty,1148.08
13822,Product_13822,Sports,1287.47
13823,Product_13823,Toys,1684.17
13824,Product_13824,Furniture,515.78
13825,Product_13825,Home & Kitchen,1928.17
13826,Product_13826,Home & Kitchen,3209.57
13827,Product_13827,Electronics,3336.06
13828,Product_13828,Furniture,1769.46
13829,Product_13829,Office Supplies,3694.62
13830,Product_13830,Electronics,1180.05
13831,Product_13831,Electronics,4666.88
13832,Product_13832,Furniture,745.71
13833,Product_13833,Clothing,2313.11
13834,Product_13834,Home & Kitchen,4437.73
13835,Product_13835,Clothing,724.17
13836,Product_13836,Sports,1530.4
13837,Product_13837,Beauty,1057.48
13838,Product_13838,Furniture,680.64
13839,Product_13839,Toys,460.45
13840,Product_13840,Home & Kitchen,3420.34
13841,Product_13841,Furniture,4062.45
13842,Product_13842,Furniture,726.11
13843,Product_13843,Electronics,4324.53
13844,Product_13844,Sports,1453.25
13845,Product_13845,Electronics,1246.97
13846,Product_13846,Electronics,1615.78
13847,Product_13847,Sports,4102.74
13848,Product_13848,Office Supplies,4250.82
13849,Product_13849,Office Supplies,4445.47
13850,Product_13850,Electronics,4583.32
13851,Product_13851,Toys,1399.83
13852,Product_13852,Clothing,167.84
13853,Product_13853,Furniture,4404.37
13854,Product_13854,Office Supplies,934.37
13855,Product_13855,Toys,2396.85
13856,Product_13856,Clothing,4291.86
13857,Product_13857,Furniture,1038.03
13858,Product_13858,Toys,779.98
13859,Product_13859,Electronics,4827.6
13860,Product_13860,Electronics,4605.28
13861,Product_13861,Toys,4522.13
13862,Product_13862,Sports,3634.02
13863,Product_13863,Office Supplies,710.64
13864,Product_13864,Home & Kitchen,1760.42
13865,Product_13865,Home & Kitchen,1336.76
13866,Product_13866,Electronics,324.76
13867,Product_13867,Electronics,1622.24
13868,Product_13868,Furniture,2302.32
13869,Product_13869,Beauty,385.97
13870,Product_13870,Sports,3480.16
13871,Product_13871,Clothing,549.16
13872,Product_13872,Clothing,1674.77
13873,Product_13873,Clothing,1051.05
13874,Product_13874,Clothing,4896.07
13875,Product_13875,Beauty,3403.64
13876,Product_13876,Sports,86.02
13877,Product_13877,Beauty,3368.78
13878,Product_13878,Toys,169.97
13879,Product_13879,Sports,1218.31
13880,Product_13880,Clothing,3835.06
13881,Product_13881,Toys,1042.98
13882,Product_13882,Sports,84.69
13883,Product_13883,Clothing,898.89
13884,Product_13884,Toys,2101.56
13885,Product_13885,Home & Kitchen,278.42
13886,Product_13886,Beauty,3528.98
13887,Product_13887,Clothing,103.13
13888,Product_13888,Office Supplies,1274.54
13889,Product_13889,Furniture,3113.61
13890,Product_13890,Home & Kitchen,3046.89
13891,Product_13891,Office Supplies,729.29
13892,Product_13892,Furniture,2592.9
13893,Product_13893,Clothing,1119.35
13894,Product_13894,Furniture,2366.41
13895,Product_13895,Home & Kitchen,4848.6
13896,Product_13896,Furniture,3992.24
13897,Product_13897,Electronics,482.11
13898,Product_13898,Electronics,228.83
13899,Product_13899,Beauty,3626.91
13900,Product_13900,Furniture,1686.54
13901,Product_13901,Home & Kitchen,2944.78
13902,Product_13902,Toys,956.03
13903,Product_13903,Home & Kitchen,1721.53
13904,Product_13904,Office Supplies,2055.87
13905,Product_13905,Sports,2715.08
13906,Product_13906,Home & Kitchen,570.54
13907,Product_13907,Furniture,3530.89
13908,Product_13908,Beauty,4186.93
13909,Product_13909,Furniture,3533.43
13910,Product_13910,Electronics,2528.11
13911,Product_13911,Office Supplies,3885.97
13912,Product_13912,Toys,4436.31
13913,Product_13913,Beauty,65.12
13914,Product_13914,Furniture,677.91
13915,Product_13915,Clothing,3738.44
13916,Product_13916,Furniture,4588.45
13917,Product_13917,Clothing,4318.89
13918,Product_13918,Beauty,566.97
13919,Product_13919,Furniture,2949.16
13920,Product_13920,Electronics,2001.22
13921,Product_13921,Toys,1439.35
13922,Product_13922,Toys,1146.96
13923,Product_13923,Furniture,1715.18
13924,Product_13924,Sports,2850.2
13925,Product_13925,Office Supplies,4791.95
13926,Product_13926,Beauty,3772.02
13927,Product_13927,Beauty,3762.58
13928,Product_13928,Toys,2074.46
13929,Product_13929,Electronics,57.63
13930,Product_13930,Clothing,2681.66
13931,Product_13931,Home & Kitchen,3500.34
13932,Product_13932,Beauty,2391.11
13933,Product_13933,Beauty,3796.36
13934,Product_13934,Furniture,4430.42
13935,Product_13935,Sports,2862.18
13936,Product_13936,Toys,4143.26
13937,Product_13937,Furniture,1222.48
13938,Product_13938,Furniture,4147.0
13939,Product_13939,Toys,3419.32
13940,Product_13940,Beauty,4028.31
13941,Product_13941,Furniture,1980.59
13942,Product_13942,Beauty,542.04
13943,Product_13943,Electronics,3429.84
13944,Product_13944,Office Supplies,2297.64
13945,Product_13945,Sports,4701.8
13946,Product_13946,Electronics,4314.6
13947,Product_13947,Sports,1413.96
13948,Product_13948,Sports,2866.39
13949,Product_13949,Beauty,2976.51
13950,Product_13950,Electronics,33.29
13951,Product_13951,Beauty,1326.77
13952,Product_13952,Electronics,944.12
13953,Product_13953,Beauty,2541.96
13954,Product_13954,Sports,3072.37
13955,Product_13955,Home & Kitchen,516.5
13956,Product_13956,Electronics,4992.72
13957,Product_13957,Toys,2178.55
13958,Product_13958,Electronics,590.97
13959,Product_13959,Furniture,3417.42
13960,Product_13960,Office Supplies,3148.16
13961,Product_13961,Furniture,4955.79
13962,Product_13962,Electronics,1305.3
13963,Product_13963,Toys,3531.0
13964,Product_13964,Electronics,1005.31
13965,Product_13965,Clothing,1710.92
13966,Product_13966,Furniture,2530.17
13967,Product_13967,Beauty,2349.36
13968,Product_13968,Clothing,31.18
13969,Product_13969,Toys,741.24
13970,Product_13970,Office Supplies,3226.8
13971,Product_13971,Toys,4098.71
13972,Product_13972,Furniture,3939.56
13973,Product_13973,Clothing,2461.06
13974,Product_13974,Electronics,590.64
13975,Product_13975,Toys,4715.87
13976,Product_13976,Office Supplies,4420.49
13977,Product_13977,Clothing,2423.53
13978,Product_13978,Furniture,1043.34
13979,Product_13979,Office Supplies,4214.55
13980,Product_13980,Furniture,4145.5
13981,Product_13981,Home & Kitchen,1466.13
13982,Product_13982,Clothing,711.11
13983,Product_13983,Toys,4499.67
13984,Product_13984,Electronics,2694.62
13985,Product_13985,Toys,2862.53
13986,Product_13986,Furniture,4795.4
13987,Product_13987,Beauty,1326.58
13988,Product_13988,Electronics,4263.81
13989,Product_13989,Beauty,112.0
13990,Product_13990,Sports,4147.55
13991,Product_13991,Beauty,3019.27
13992,Product_13992,Furniture,807.49
13993,Product_13993,Toys,1701.63
13994,Product_13994,Toys,1836.01
13995,Product_13995,Sports,1609.7
13996,Product_13996,Sports,1595.67
13997,Product_13997,Toys,4335.88
13998,Product_13998,Office Supplies,4791.76
13999,Product_13999,Toys,632.22
14000,Product_14000,Home & Kitchen,2820.78
14001,Product_14001,Office Supplies,2560.48
14002,Product_14002,Office Supplies,1411.87
14003,Product_14003,Sports,111.51
14004,Product_14004,Clothing,3742.46
14005,Product_14005,Sports,2727.91
14006,Product_14006,Clothing,2446.97
14007,Product_14007,Furniture,3389.48
14008,Product_14008,Clothing,4846.18
14009,Product_14009,Office Supplies,935.96
14010,Product_14010,Electronics,3381.58
14011,Product_14011,Office Supplies,2243.78
14012,Product_14012,Home & Kitchen,1811.36
14013,Product_14013,Electronics,3485.94
14014,Product_14014,Beauty,1530.42
14015,Product_14015,Furniture,520.13
14016,Product_14016,Electronics,2990.65
14017,Product_14017,Sports,3554.95
14018,Product_14018,Clothing,430.79
14019,Product_14019,Toys,2908.12
14020,Product_14020,Furniture,3875.77
14021,Product_14021,Beauty,1821.57
14022,Product_14022,Sports,4420.98
14023,Product_14023,Toys,4242.51
14024,Product_14024,Electronics,2763.03
14025,Product_14025,Electronics,2100.11
14026,Product_14026,Electronics,4583.27
14027,Product_14027,Electronics,3857.21
14028,Product_14028,Toys,1764.15
14029,Product_14029,Electronics,4845.04
14030,Product_14030,Clothing,4222.65
14031,Product_14031,Beauty,3388.14
14032,Product_14032,Furniture,1810.96
14033,Product_14033,Sports,1932.46
14034,Product_14034,Furniture,3896.09
14035,Product_14035,Sports,1366.99
14036,Product_14036,Toys,838.88
14037,Product_14037,Office Supplies,616.65
14038,Product_14038,Home & Kitchen,3630.54
14039,Product_14039,Home & Kitchen,2562.06
14040,Product_14040,Office Supplies,1403.99
14041,Product_14041,Furniture,2084.58
14042,Product_14042,Beauty,1779.23
14043,Product_14043,Office Supplies,2820.78
14044,Product_14044,Sports,4386.46
14045,Product_14045,Home & Kitchen,1128.09
14046,Product_14046,Sports,3822.25
14047,Product_14047,Beauty,546.25
14048,Product_14048,Clothing,293.21
14049,Product_14049,Furniture,1724.71
14050,Product_14050,Beauty,48.22
14051,Product_14051,Clothing,560.03
14052,Product_14052,Beauty,519.24
14053,Product_14053,Sports,1967.5
14054,Product_14054,Beauty,4580.87
14055,Product_14055,Beauty,4730.01
14056,Product_14056,Sports,1898.17
14057,Product_14057,Sports,1217.54
14058,Product_14058,Clothing,4207.96
14059,Product_14059,Electronics,3888.04
14060,Product_14060,Electronics,4863.26
14061,Product_14061,Furniture,875.4
14062,Product_14062,Office Supplies,1619.91
14063,Product_14063,Beauty,1994.96
14064,Product_14064,Sports,2574.63
14065,Product_14065,Clothing,2230.21
14066,Product_14066,Clothing,1145.54
14067,Product_14067,Toys,4259.48
14068,Product_14068,Home & Kitchen,1269.13
14069,Product_14069,Sports,1257.3
14070,Product_14070,Clothing,1649.84
14071,Product_14071,Electronics,3957.41
14072,Product_14072,Beauty,3530.35
14073,Product_14073,Office Supplies,3205.22
14074,Product_14074,Toys,2544.81
14075,Product_14075,Clothing,1849.06
14076,Product_14076,Electronics,3027.47
14077,Product_14077,Furniture,3820.82
14078,Product_14078,Home & Kitchen,312.35
14079,Product_14079,Home & Kitchen,1170.23
14080,Product_14080,Beauty,1235.88
14081,Product_14081,Sports,4197.95
14082,Product_14082,Home & Kitchen,4899.76
14083,Product_14083,Clothing,2537.9
14084,Product_14084,Office Supplies,2013.06
14085,Product_14085,Electronics,263.48
14086,Product_14086,Electronics,1447.09
14087,Product_14087,Beauty,4144.96
14088,Product_14088,Furniture,4526.71
14089,Product_14089,Furniture,1296.01
14090,Product_14090,Electronics,402.05
14091,Product_14091,Toys,2353.46
14092,Product_14092,Sports,1580.53
14093,Product_14093,Home & Kitchen,2890.7
14094,Product_14094,Toys,2791.53
14095,Product_14095,Clothing,2237.52
14096,Product_14096,Office Supplies,4418.75
14097,Product_14097,Office Supplies,2637.12
14098,Product_14098,Beauty,845.72
14099,Product_14099,Home & Kitchen,1160.11
14100,Product_14100,Sports,1704.7
14101,Product_14101,Furniture,4336.91
14102,Product_14102,Office Supplies,1651.33
14103,Product_14103,Home & Kitchen,1757.88
14104,Product_14104,Furniture,1069.67
14105,Product_14105,Home & Kitchen,3015.12
14106,Product_14106,Toys,89.92
14107,Product_14107,Clothing,4322.66
14108,Product_14108,Home & Kitchen,2058.7
14109,Product_14109,Clothing,3141.77
14110,Product_14110,Office Supplies,1504.15
14111,Product_14111,Sports,1867.31
14112,Product_14112,Clothing,3229.71
14113,Product_14113,Electronics,2914.0
14114,Product_14114,Toys,3066.62
14115,Product_14115,Electronics,1885.31
14116,Product_14116,Office Supplies,2749.76
14117,Product_14117,Home & Kitchen,4136.44
14118,Product_14118,Office Supplies,1688.55
14119,Product_14119,Office Supplies,4048.56
14120,Product_14120,Clothing,2842.09
14121,Product_14121,Toys,4587.05
14122,Product_14122,Beauty,1166.43
14123,Product_14123,Furniture,4328.71
14124,Product_14124,Sports,3507.94
14125,Product_14125,Electronics,2968.08
14126,Product_14126,Toys,2051.1
14127,Product_14127,Home & Kitchen,4282.78
14128,Product_14128,Office Supplies,3869.61
14129,Product_14129,Toys,4876.16
14130,Product_14130,Electronics,4848.49
14131,Product_14131,Beauty,984.94
14132,Product_14132,Toys,4169.91
14133,Product_14133,Clothing,4118.78
14134,Product_14134,Sports,2854.18
14135,Product_14135,Home & Kitchen,2717.77
14136,Product_14136,Beauty,3337.36
14137,Product_14137,Office Supplies,395.17
14138,Product_14138,Toys,3391.61
14139,Product_14139,Home & Kitchen,2265.12
14140,Product_14140,Home & Kitchen,3535.93
14141,Product_14141,Home & Kitchen,4993.71
14142,Product_14142,Home & Kitchen,4520.36
14143,Product_14143,Beauty,4595.46
14144,Product_14144,Toys,2335.58
14145,Product_14145,Home & Kitchen,4196.77
14146,Product_14146,Furniture,247.12
14147,Product_14147,Office Supplies,2700.56
14148,Product_14148,Home & Kitchen,3714.49
14149,Product_14149,Furniture,1470.32
14150,Product_14150,Furniture,1819.98
14151,Product_14151,Office Supplies,4774.5
14152,Product_14152,Beauty,3520.17
14153,Product_14153,Furniture,1254.41
14154,Product_14154,Electronics,4100.51
14155,Product_14155,Clothing,2205.88
14156,Product_14156,Beauty,2654.38
14157,Product_14157,Clothing,1194.37
14158,Product_14158,Toys,4513.74
14159,Product_14159,Home & Kitchen,833.49
14160,Product_14160,Beauty,891.75
14161,Product_14161,Beauty,4362.71
14162,Product_14162,Office Supplies,3705.45
14163,Product_14163,Home & Kitchen,3743.07
14164,Product_14164,Beauty,2482.12
14165,Product_14165,Office Supplies,642.06
14166,Product_14166,Toys,868.1
14167,Product_14167,Furniture,100.27
14168,Product_14168,Toys,3711.51
14169,Product_14169,Electronics,503.11
14170,Product_14170,Furniture,3692.98
14171,Product_14171,Electronics,3860.67
14172,Product_14172,Sports,4796.99
14173,Product_14173,Toys,716.81
14174,Product_14174,Sports,3274.72
14175,Product_14175,Electronics,527.15
14176,Product_14176,Electronics,3113.81
14177,Product_14177,Beauty,3272.87
14178,Product_14178,Electronics,3580.41
14179,Product_14179,Furniture,561.76
14180,Product_14180,Furniture,4769.28
14181,Product_14181,Office Supplies,3534.46
14182,Product_14182,Home & Kitchen,4268.34
14183,Product_14183,Electronics,3220.36
14184,Product_14184,Furniture,1383.83
14185,Product_14185,Beauty,4745.57
14186,Product_14186,Beauty,134.48
14187,Product_14187,Toys,757.41
14188,Product_14188,Electronics,2997.36
14189,Product_14189,Clothing,3232.09
14190,Product_14190,Home & Kitchen,2315.05
14191,Product_14191,Electronics,1409.99
14192,Product_14192,Furniture,3932.91
14193,Product_14193,Clothing,1880.6
14194,Product_14194,Toys,1075.36
14195,Product_14195,Toys,602.9
14196,Product_14196,Beauty,3826.44
14197,Product_14197,Clothing,1615.34
14198,Product_14198,Electronics,1950.31
14199,Product_14199,Toys,1669.03
14200,Product_14200,Sports,2696.27
14201,Product_14201,Toys,4137.6
14202,Product_14202,Electronics,4758.21
14203,Product_14203,Clothing,1791.49
14204,Product_14204,Clothing,937.0
14205,Product_14205,Beauty,322.24
14206,Product_14206,Beauty,3284.56
14207,Product_14207,Home & Kitchen,2297.22
14208,Product_14208,Home & Kitchen,2569.92
14209,Product_14209,Home & Kitchen,1684.61
14210,Product_14210,Clothing,1946.82
14211,Product_14211,Clothing,1787.86
14212,Product_14212,Office Supplies,4273.17
14213,Product_14213,Home & Kitchen,2335.99
14214,Product_14214,Furniture,3991.82
14215,Product_14215,Sports,1844.33
14216,Product_14216,Toys,4555.9
14217,Product_14217,Toys,4765.39
14218,Product_14218,Toys,2323.56
14219,Product_14219,Office Supplies,1439.24
14220,Product_14220,Office Supplies,192.45
14221,Product_14221,Home & Kitchen,559.0
14222,Product_14222,Beauty,1917.19
14223,Product_14223,Beauty,289.21
14224,Product_14224,Electronics,3737.17
14225,Product_14225,Office Supplies,529.98
14226,Product_14226,Clothing,2076.26
14227,Product_14227,Furniture,4299.12
14228,Product_14228,Furniture,117.46
14229,Product_14229,Clothing,3914.46
14230,Product_14230,Electronics,1380.4
14231,Product_14231,Office Supplies,3083.45
14232,Product_14232,Furniture,4819.1
14233,Product_14233,Clothing,1381.42
14234,Product_14234,Beauty,898.73
14235,Product_14235,Beauty,4540.73
14236,Product_14236,Clothing,2178.48
14237,Product_14237,Beauty,149.63
14238,Product_14238,Beauty,523.0
14239,Product_14239,Beauty,3639.17
14240,Product_14240,Office Supplies,681.78
14241,Product_14241,Sports,1420.93
14242,Product_14242,Toys,1098.53
14243,Product_14243,Electronics,705.23
14244,Product_14244,Furniture,3091.71
14245,Product_14245,Clothing,2016.27
14246,Product_14246,Electronics,2800.28
14247,Product_14247,Office Supplies,3017.78
14248,Product_14248,Electronics,3018.61
14249,Product_14249,Furniture,4263.94
14250,Product_14250,Toys,10.68
14251,Product_14251,Sports,2552.45
14252,Product_14252,Furniture,2114.89
14253,Product_14253,Toys,632.66
14254,Product_14254,Furniture,1262.04
14255,Product_14255,Toys,2632.05
14256,Product_14256,Beauty,151.59
14257,Product_14257,Beauty,1709.83
14258,Product_14258,Home & Kitchen,4511.24
14259,Product_14259,Sports,2700.94
14260,Product_14260,Beauty,861.43
14261,Product_14261,Toys,2461.07
14262,Product_14262,Home & Kitchen,3648.01
14263,Product_14263,Electronics,4090.36
14264,Product_14264,Toys,3904.49
14265,Product_14265,Furniture,4517.18
14266,Product_14266,Beauty,4967.87
14267,Product_14267,Furniture,835.45
14268,Product_14268,Furniture,831.67
14269,Product_14269,Toys,3326.09
14270,Product_14270,Beauty,1342.06
14271,Product_14271,Sports,1371.16
14272,Product_14272,Toys,2698.75
14273,Product_14273,Beauty,1745.37
14274,Product_14274,Electronics,3735.18
14275,Product_14275,Furniture,3141.24
14276,Product_14276,Home & Kitchen,1382.24
14277,Product_14277,Clothing,3595.06
14278,Product_14278,Sports,4414.63
14279,Product_14279,Sports,765.02
14280,Product_14280,Toys,816.82
14281,Product_14281,Sports,454.67
14282,Product_14282,Office Supplies,4471.2
14283,Product_14283,Sports,4710.95
14284,Product_14284,Sports,1408.33
14285,Product_14285,Clothing,1114.77
14286,Product_14286,Office Supplies,1879.52
14287,Product_14287,Sports,2918.44
14288,Product_14288,Office Supplies,3257.63
14289,Product_14289,Home & Kitchen,4366.65
14290,Product_14290,Electronics,4854.68
14291,Product_14291,Beauty,3139.5
14292,Product_14292,Beauty,1662.12
14293,Product_14293,Home & Kitchen,4696.41
14294,Product_14294,Clothing,4642.15
14295,Product_14295,Toys,4500.22
14296,Product_14296,Home & Kitchen,1928.25
14297,Product_14297,Office Supplies,4386.87
14298,Product_14298,Sports,3057.45
14299,Product_14299,Home & Kitchen,4736.32
14300,Product_14300,Sports,4916.93
14301,Product_14301,Clothing,534.34
14302,Product_14302,Home & Kitchen,427.19
14303,Product_14303,Office Supplies,3130.64
14304,Product_14304,Beauty,750.14
14305,Product_14305,Home & Kitchen,4744.71
14306,Product_14306,Home & Kitchen,3399.28
14307,Product_14307,Office Supplies,2678.54
14308,Product_14308,Office Supplies,2817.61
14309,Product_14309,Toys,3120.42
14310,Product_14310,Sports,1384.55
14311,Product_14311,Beauty,4988.21
14312,Product_14312,Electronics,180.13
14313,Product_14313,Clothing,3208.3
14314,Product_14314,Office Supplies,3365.34
14315,Product_14315,Clothing,1045.72
14316,Product_14316,Beauty,766.92
14317,Product_14317,Beauty,2798.85
14318,Product_14318,Clothing,2828.13
14319,Product_14319,Home & Kitchen,2292.76
14320,Product_14320,Toys,611.59
14321,Product_14321,Toys,738.05
14322,Product_14322,Sports,3267.84
14323,Product_14323,Clothing,2500.17
14324,Product_14324,Clothing,3556.98
14325,Product_14325,Beauty,606.64
14326,Product_14326,Clothing,2542.98
14327,Product_14327,Beauty,2051.82
14328,Product_14328,Sports,2567.41
14329,Product_14329,Beauty,4391.94
14330,Product_14330,Home & Kitchen,1818.97
14331,Product_14331,Home & Kitchen,550.66
14332,Product_14332,Home & Kitchen,1272.31
14333,Product_14333,Toys,4963.94
14334,Product_14334,Toys,4588.46
14335,Product_14335,Beauty,3583.85
14336,Product_14336,Home & Kitchen,342.69
14337,Product_14337,Toys,820.64
14338,Product_14338,Furniture,2169.79
14339,Product_14339,Electronics,3502.26
14340,Product_14340,Beauty,3780.09
14341,Product_14341,Home & Kitchen,1655.52
14342,Product_14342,Beauty,4878.82
14343,Product_14343,Clothing,2897.84
14344,Product_14344,Clothing,2486.27
14345,Product_14345,Toys,4017.75
14346,Product_14346,Home & Kitchen,4243.19
14347,Product_14347,Beauty,1762.89
14348,Product_14348,Toys,508.61
14349,Product_14349,Beauty,4187.8
14350,Product_14350,Office Supplies,1028.67
14351,Product_14351,Electronics,1193.76
14352,Product_14352,Office Supplies,4614.99
14353,Product_14353,Toys,4014.49
14354,Product_14354,Sports,2730.33
14355,Product_14355,Sports,763.83
14356,Product_14356,Beauty,896.86
14357,Product_14357,Home & Kitchen,3712.8
14358,Product_14358,Sports,176.32
14359,Product_14359,Sports,4499.69
14360,Product_14360,Beauty,2684.18
14361,Product_14361,Clothing,944.91
14362,Product_14362,Electronics,4741.43
14363,Product_14363,Clothing,594.11
14364,Product_14364,Furniture,1121.1
14365,Product_14365,Beauty,4657.38
14366,Product_14366,Sports,82.96
14367,Product_14367,Office Supplies,843.84
14368,Product_14368,Furniture,4211.5
14369,Product_14369,Office Supplies,4910.69
14370,Product_14370,Sports,2804.1
14371,Product_14371,Electronics,1627.9
14372,Product_14372,Toys,4030.75
14373,Product_14373,Office Supplies,2190.23
14374,Product_14374,Home & Kitchen,2673.76
14375,Product_14375,Home & Kitchen,741.98
14376,Product_14376,Office Supplies,2002.85
14377,Product_14377,Furniture,3914.45
14378,Product_14378,Home & Kitchen,2487.8
14379,Product_14379,Home & Kitchen,3187.02
14380,Product_14380,Beauty,1522.84
14381,Product_14381,Clothing,267.8
14382,Product_14382,Home & Kitchen,3706.68
14383,Product_14383,Clothing,333.16
14384,Product_14384,Toys,3058.79
14385,Product_14385,Home & Kitchen,3550.0
14386,Product_14386,Office Supplies,4049.74
14387,Product_14387,Office Supplies,3311.93
14388,Product_14388,Office Supplies,3957.54
14389,Product_14389,Electronics,3311.36
14390,Product_14390,Clothing,3986.55
14391,Product_14391,Clothing,484.12
14392,Product_14392,Home & Kitchen,4787.64
14393,Product_14393,Clothing,1244.54
14394,Product_14394,Beauty,36.46
14395,Product_14395,Toys,982.53
14396,Product_14396,Clothing,3981.97
14397,Product_14397,Home & Kitchen,2449.64
14398,Product_14398,Toys,474.01
14399,Product_14399,Sports,3888.67
14400,Product_14400,Electronics,2402.26
14401,Product_14401,Clothing,1548.4
14402,Product_14402,Home & Kitchen,2269.14
14403,Product_14403,Sports,475.53
14404,Product_14404,Furniture,1741.36
14405,Product_14405,Toys,4490.36
14406,Product_14406,Toys,1998.03
14407,Product_14407,Sports,4897.65
14408,Product_14408,Beauty,1391.44
14409,Product_14409,Office Supplies,1116.26
14410,Product_14410,Clothing,1530.98
14411,Product_14411,Office Supplies,1520.58
14412,Product_14412,Sports,3287.24
14413,Product_14413,Home & Kitchen,1005.05
14414,Product_14414,Home & Kitchen,77.08
14415,Product_14415,Toys,4794.81
14416,Product_14416,Electronics,749.74
14417,Product_14417,Home & Kitchen,4989.43
14418,Product_14418,Furniture,2197.16
14419,Product_14419,Electronics,3177.22
14420,Product_14420,Clothing,3015.89
14421,Product_14421,Office Supplies,3100.75
14422,Product_14422,Office Supplies,3166.77
14423,Product_14423,Electronics,3347.45
14424,Product_14424,Clothing,2377.04
14425,Product_14425,Sports,915.83
14426,Product_14426,Office Supplies,4211.49
14427,Product_14427,Home & Kitchen,314.49
14428,Product_14428,Toys,1650.83
14429,Product_14429,Furniture,4399.92
14430,Product_14430,Sports,971.71
14431,Product_14431,Office Supplies,2211.01
14432,Product_14432,Home & Kitchen,1229.8
14433,Product_14433,Home & Kitchen,1824.61
14434,Product_14434,Sports,4363.66
14435,Product_14435,Toys,477.45
14436,Product_14436,Sports,1251.75
14437,Product_14437,Beauty,1984.38
14438,Product_14438,Clothing,1513.38
14439,Product_14439,Office Supplies,1003.93
14440,Product_14440,Clothing,3872.09
14441,Product_14441,Electronics,2170.3
14442,Product_14442,Furniture,3287.36
14443,Product_14443,Sports,929.83
14444,Product_14444,Electronics,4978.23
14445,Product_14445,Furniture,3568.14
14446,Product_14446,Office Supplies,3331.11
14447,Product_14447,Electronics,2515.64
14448,Product_14448,Sports,4806.51
14449,Product_14449,Home & Kitchen,495.21
14450,Product_14450,Clothing,2626.22
14451,Product_14451,Beauty,2654.28
14452,Product_14452,Office Supplies,4561.58
14453,Product_14453,Office Supplies,3311.88
14454,Product_14454,Clothing,619.72
14455,Product_14455,Home & Kitchen,3356.24
14456,Product_14456,Office Supplies,4811.04
14457,Product_14457,Furniture,403.96
14458,Product_14458,Toys,2384.75
14459,Product_14459,Sports,4809.39
14460,Product_14460,Clothing,4575.32
14461,Product_14461,Beauty,3338.05
14462,Product_14462,Toys,3684.41
14463,Product_14463,Clothing,1263.08
14464,Product_14464,Office Supplies,41.61
14465,Product_14465,Office Supplies,3024.72
14466,Product_14466,Clothing,1400.35
14467,Product_14467,Toys,751.18
14468,Product_14468,Sports,706.0
14469,Product_14469,Office Supplies,4682.29
14470,Product_14470,Office Supplies,2727.24
14471,Product_14471,Toys,4782.97
14472,Product_14472,Furniture,515.37
14473,Product_14473,Beauty,2533.8
14474,Product_14474,Sports,2167.18
14475,Product_14475,Furniture,3852.09
14476,Product_14476,Electronics,2364.21
14477,Product_14477,Furniture,931.98
14478,Product_14478,Beauty,3005.69
14479,Product_14479,Clothing,2982.58
14480,Product_14480,Clothing,4558.93
14481,Product_14481,Sports,1040.7
14482,Product_14482,Beauty,4094.58
14483,Product_14483,Home & Kitchen,3752.76
14484,Product_14484,Clothing,2561.24
14485,Product_14485,Electronics,4757.32
14486,Product_14486,Office Supplies,3909.57
14487,Product_14487,Beauty,1247.7
14488,Product_14488,Home & Kitchen,2075.22
14489,Product_14489,Home & Kitchen,1015.27
14490,Product_14490,Office Supplies,1112.69
14491,Product_14491,Furniture,2720.07
14492,Product_14492,Clothing,584.01
14493,Product_14493,Toys,117.17
14494,Product_14494,Electronics,3885.28
14495,Product_14495,Clothing,4317.46
14496,Product_14496,Clothing,3454.3
14497,Product_14497,Beauty,329.99
14498,Product_14498,Toys,2929.64
14499,Product_14499,Clothing,4869.74
14500,Product_14500,Office Supplies,3654.48
14501,Product_14501,Beauty,3480.04
14502,Product_14502,Home & Kitchen,2635.68
14503,Product_14503,Office Supplies,176.71
14504,Product_14504,Furniture,4099.69
14505,Product_14505,Office Supplies,1765.58
14506,Product_14506,Office Supplies,1837.0
14507,Product_14507,Clothing,804.32
14508,Product_14508,Toys,4291.68
14509,Product_14509,Sports,4535.96
14510,Product_14510,Office Supplies,114.99
14511,Product_14511,Beauty,1334.56
14512,Product_14512,Office Supplies,1346.82
14513,Product_14513,Toys,3003.11
14514,Product_14514,Clothing,1652.73
14515,Product_14515,Clothing,2083.89
14516,Product_14516,Toys,248.16
14517,Product_14517,Sports,1017.8
14518,Product_14518,Clothing,2641.27
14519,Product_14519,Sports,692.61
14520,Product_14520,Clothing,4013.94
14521,Product_14521,Clothing,2756.68
14522,Product_14522,Office Supplies,1502.79
14523,Product_14523,Furniture,3486.97
14524,Product_14524,Home & Kitchen,1270.76
14525,Product_14525,Clothing,1317.21
14526,Product_14526,Beauty,2222.85
14527,Product_14527,Home & Kitchen,161.58
14528,Product_14528,Furniture,2728.21
14529,Product_14529,Clothing,3195.42
14530,Product_14530,Toys,1110.93
14531,Product_14531,Sports,493.27
14532,Product_14532,Electronics,4622.16
14533,Product_14533,Sports,4418.73
14534,Product_14534,Office Supplies,4880.22
14535,Product_14535,Sports,1280.6
14536,Product_14536,Office Supplies,2692.31
14537,Product_14537,Sports,1704.56
14538,Product_14538,Electronics,3609.1
14539,Product_14539,Furniture,146.82
14540,Product_14540,Beauty,3992.47
14541,Product_14541,Toys,1525.95
14542,Product_14542,Furniture,3317.47
14543,Product_14543,Office Supplies,82.43
14544,Product_14544,Clothing,3838.5
14545,Product_14545,Home & Kitchen,1489.8
14546,Product_14546,Toys,1233.69
14547,Product_14547,Home & Kitchen,1309.9
14548,Product_14548,Sports,3864.5
14549,Product_14549,Beauty,4052.89
14550,Product_14550,Electronics,4331.67
14551,Product_14551,Toys,2126.29
14552,Product_14552,Home & Kitchen,968.46
14553,Product_14553,Clothing,315.03
14554,Product_14554,Beauty,629.7
14555,Product_14555,Clothing,4309.93
14556,Product_14556,Toys,177.65
14557,Product_14557,Office Supplies,619.47
14558,Product_14558,Sports,3879.34
14559,Product_14559,Sports,3276.67
14560,Product_14560,Beauty,3903.81
14561,Product_14561,Home & Kitchen,463.25
14562,Product_14562,Beauty,3337.79
14563,Product_14563,Beauty,1462.6
14564,Product_14564,Clothing,995.53
14565,Product_14565,Furniture,759.07
14566,Product_14566,Beauty,1186.93
14567,Product_14567,Beauty,463.83
14568,Product_14568,Office Supplies,4002.37
14569,Product_14569,Home & Kitchen,2234.59
14570,Product_14570,Sports,4205.0
14571,Product_14571,Toys,1794.49
14572,Product_14572,Toys,4783.58
14573,Product_14573,Beauty,1400.14
14574,Product_14574,Home & Kitchen,154.1
14575,Product_14575,Electronics,2051.33
14576,Product_14576,Furniture,710.02
14577,Product_14577,Home & Kitchen,1544.71
14578,Product_14578,Office Supplies,3978.61
14579,Product_14579,Furniture,534.94
14580,Product_14580,Home & Kitchen,3246.07
14581,Product_14581,Office Supplies,1027.79
14582,Product_14582,Sports,2406.95
14583,Product_14583,Clothing,4293.49
14584,Product_14584,Home & Kitchen,4408.83
14585,Product_14585,Office Supplies,319.36
14586,Product_14586,Beauty,4832.67
14587,Product_14587,Sports,3966.08
14588,Product_14588,Toys,81.4
14589,Product_14589,Sports,4539.14
14590,Product_14590,Sports,1469.97
14591,Product_14591,Office Supplies,4742.13
14592,Product_14592,Beauty,3999.34
14593,Product_14593,Furniture,2293.56
14594,Product_14594,Clothing,877.99
14595,Product_14595,Clothing,4974.27
14596,Product_14596,Electronics,4588.97
14597,Product_14597,Office Supplies,3220.65
14598,Product_14598,Clothing,752.81
14599,Product_14599,Toys,3484.63
14600,Product_14600,Sports,3878.54
14601,Product_14601,Beauty,1845.95
14602,Product_14602,Home & Kitchen,2257.28
14603,Product_14603,Home & Kitchen,1209.84
14604,Product_14604,Furniture,4780.79
14605,Product_14605,Toys,1871.34
14606,Product_14606,Toys,230.63
14607,Product_14607,Furniture,3292.53
14608,Product_14608,Electronics,1040.29
14609,Product_14609,Sports,2226.54
14610,Product_14610,Office Supplies,733.22
14611,Product_14611,Toys,457.43
14612,Product_14612,Electronics,1932.64
14613,Product_14613,Electronics,2657.84
14614,Product_14614,Beauty,2535.15
14615,Product_14615,Beauty,1576.88
14616,Product_14616,Beauty,4669.0
14617,Product_14617,Sports,2081.05
14618,Product_14618,Clothing,1051.08
14619,Product_14619,Home & Kitchen,3715.78
14620,Product_14620,Home & Kitchen,3591.32
14621,Product_14621,Office Supplies,4155.42
14622,Product_14622,Furniture,441.1
14623,Product_14623,Home & Kitchen,3367.56
14624,Product_14624,Beauty,2700.72
14625,Product_14625,Electronics,3777.82
14626,Product_14626,Clothing,915.58
14627,Product_14627,Office Supplies,3913.03
14628,Product_14628,Beauty,3852.8
14629,Product_14629,Home & Kitchen,2329.03
14630,Product_14630,Sports,1254.83
14631,Product_14631,Sports,2739.39
14632,Product_14632,Clothing,4766.19
14633,Product_14633,Toys,3611.19
14634,Product_14634,Sports,1754.49
14635,Product_14635,Furniture,746.68
14636,Product_14636,Beauty,467.67
14637,Product_14637,Furniture,273.6
14638,Product_14638,Clothing,4329.93
14639,Product_14639,Home & Kitchen,2965.85
14640,Product_14640,Home & Kitchen,4972.73
14641,Product_14641,Electronics,515.71
14642,Product_14642,Beauty,279.57
14643,Product_14643,Clothing,281.65
14644,Product_14644,Sports,1842.09
14645,Product_14645,Beauty,4624.93
14646,Product_14646,Beauty,410.17
14647,Product_14647,Beauty,2246.34
14648,Product_14648,Electronics,1769.21
14649,Product_14649,Beauty,2313.67
14650,Product_14650,Beauty,1566.72
14651,Product_14651,Office Supplies,2846.08
14652,Product_14652,Home & Kitchen,4220.9
14653,Product_14653,Toys,1781.37
14654,Product_14654,Home & Kitchen,3684.66
14655,Product_14655,Beauty,3304.82
14656,Product_14656,Furniture,2999.37
14657,Product_14657,Office Supplies,4644.05
14658,Product_14658,Furniture,2139.68
14659,Product_14659,Beauty,3648.77
14660,Product_14660,Home & Kitchen,843.69
14661,Product_14661,Beauty,2707.39
14662,Product_14662,Beauty,1434.6
14663,Product_14663,Toys,1654.15
14664,Product_14664,Home & Kitchen,3351.76
14665,Product_14665,Beauty,1802.38
14666,Product_14666,Sports,4971.3
14667,Product_14667,Beauty,4277.39
14668,Product_14668,Toys,3218.39
14669,Product_14669,Clothing,4386.29
14670,Product_14670,Toys,536.17
14671,Product_14671,Sports,2620.42
14672,Product_14672,Office Supplies,2164.39
14673,Product_14673,Beauty,1751.35
14674,Product_14674,Toys,2663.12
14675,Product_14675,Office Supplies,458.05
14676,Product_14676,Office Supplies,3551.68
14677,Product_14677,Beauty,248.08
14678,Product_14678,Sports,1858.45
14679,Product_14679,Furniture,3119.37
14680,Product_14680,Furniture,1600.59
14681,Product_14681,Furniture,1365.49
14682,Product_14682,Sports,1192.03
14683,Product_14683,Beauty,1613.26
14684,Product_14684,Electronics,4884.75
14685,Product_14685,Toys,1998.29
14686,Product_14686,Toys,1304.3
14687,Product_14687,Beauty,4316.14
14688,Product_14688,Home & Kitchen,622.68
14689,Product_14689,Electronics,2178.79
14690,Product_14690,Furniture,1613.76
14691,Product_14691,Office Supplies,2827.68
14692,Product_14692,Home & Kitchen,4181.43
14693,Product_14693,Beauty,3733.36
14694,Product_14694,Office Supplies,2526.49
14695,Product_14695,Electronics,4746.01
14696,Product_14696,Toys,2882.92
14697,Product_14697,Toys,2264.02
14698,Product_14698,Office Supplies,3539.81
14699,Product_14699,Furniture,4236.21
14700,Product_14700,Clothing,679.55
14701,Product_14701,Furniture,3219.27
14702,Product_14702,Electronics,1122.98
14703,Product_14703,Sports,709.73
14704,Product_14704,Toys,4278.56
14705,Product_14705,Toys,130.23
14706,Product_14706,Furniture,2344.19
14707,Product_14707,Furniture,3639.58
14708,Product_14708,Home & Kitchen,3872.77
14709,Product_14709,Sports,2033.97
14710,Product_14710,Office Supplies,3771.39
14711,Product_14711,Clothing,4517.81
14712,Product_14712,Home & Kitchen,3690.97
14713,Product_14713,Office Supplies,3666.25
14714,Product_14714,Home & Kitchen,4270.83
14715,Product_14715,Sports,4516.31
14716,Product_14716,Beauty,4720.63
14717,Product_14717,Sports,4836.77
14718,Product_14718,Toys,4480.47
14719,Product_14719,Clothing,4607.52
14720,Product_14720,Sports,2530.81
14721,Product_14721,Sports,2606.83
14722,Product_14722,Office Supplies,1760.57
14723,Product_14723,Furniture,4649.91
14724,Product_14724,Toys,4910.71
14725,Product_14725,Home & Kitchen,4395.38
14726,Product_14726,Beauty,4337.63
14727,Product_14727,Home & Kitchen,2932.32
14728,Product_14728,Beauty,1923.07
14729,Product_14729,Office Supplies,4670.07
14730,Product_14730,Toys,572.74
14731,Product_14731,Home & Kitchen,4827.41
14732,Product_14732,Toys,3477.39
14733,Product_14733,Office Supplies,400.14
14734,Product_14734,Office Supplies,793.69
14735,Product_14735,Furniture,478.58
14736,Product_14736,Beauty,1950.12
14737,Product_14737,Office Supplies,1946.49
14738,Product_14738,Beauty,1254.35
14739,Product_14739,Home & Kitchen,3540.82
14740,Product_14740,Home & Kitchen,812.36
14741,Product_14741,Home & Kitchen,3659.52
14742,Product_14742,Toys,4836.99
14743,Product_14743,Sports,4157.19
14744,Product_14744,Sports,2868.74
14745,Product_14745,Electronics,3434.13
14746,Product_14746,Electronics,3118.54
14747,Product_14747,Furniture,1329.15
14748,Product_14748,Office Supplies,4128.09
14749,Product_14749,Clothing,2568.96
14750,Product_14750,Electronics,954.82
14751,Product_14751,Office Supplies,4777.25
14752,Product_14752,Beauty,840.64
14753,Product_14753,Toys,3685.96
14754,Product_14754,Sports,247.72
14755,Product_14755,Toys,2675.91
14756,Product_14756,Sports,2602.05
14757,Product_14757,Clothing,645.32
14758,Product_14758,Clothing,4981.49
14759,Product_14759,Beauty,3336.86
14760,Product_14760,Furniture,4433.3
14761,Product_14761,Toys,4812.92
14762,Product_14762,Beauty,1772.0
14763,Product_14763,Toys,4111.99
14764,Product_14764,Toys,578.23
14765,Product_14765,Office Supplies,103.39
14766,Product_14766,Clothing,1658.55
14767,Product_14767,Beauty,4831.45
14768,Product_14768,Clothing,2339.89
14769,Product_14769,Office Supplies,4220.25
14770,Product_14770,Home & Kitchen,4570.87
14771,Product_14771,Furniture,4465.04
14772,Product_14772,Furniture,4666.03
14773,Product_14773,Toys,3492.98
14774,Product_14774,Clothing,3295.41
14775,Product_14775,Clothing,4386.62
14776,Product_14776,Home & Kitchen,3506.06
14777,Product_14777,Furniture,698.0
14778,Product_14778,Electronics,455.58
14779,Product_14779,Furniture,4057.94
14780,Product_14780,Electronics,4619.12
14781,Product_14781,Home & Kitchen,1116.88
14782,Product_14782,Toys,2226.66
14783,Product_14783,Home & Kitchen,3680.45
14784,Product_14784,Sports,884.4
14785,Product_14785,Electronics,1326.63
14786,Product_14786,Home & Kitchen,4877.55
14787,Product_14787,Home & Kitchen,2380.43
14788,Product_14788,Sports,1317.25
14789,Product_14789,Office Supplies,3700.39
14790,Product_14790,Electronics,1731.01
14791,Product_14791,Sports,212.43
14792,Product_14792,Office Supplies,2814.5
14793,Product_14793,Toys,1656.96
14794,Product_14794,Sports,1279.3
14795,Product_14795,Office Supplies,2701.58
14796,Product_14796,Electronics,3726.57
14797,Product_14797,Toys,4628.35
14798,Product_14798,Sports,4681.88
14799,Product_14799,Beauty,2114.37
14800,Product_14800,Furniture,3198.83
14801,Product_14801,Sports,3484.0
14802,Product_14802,Clothing,2866.34
14803,Product_14803,Furniture,988.11
14804,Product_14804,Sports,4741.32
14805,Product_14805,Toys,1257.16
14806,Product_14806,Office Supplies,208.84
14807,Product_14807,Furniture,1276.38
14808,Product_14808,Furniture,161.15
14809,Product_14809,Toys,427.6
14810,Product_14810,Clothing,2069.23
14811,Product_14811,Beauty,4035.01
14812,Product_14812,Home & Kitchen,4943.23
14813,Product_14813,Furniture,4179.82
14814,Product_14814,Toys,144.89
14815,Product_14815,Sports,148.77
14816,Product_14816,Beauty,3373.95
14817,Product_14817,Home & Kitchen,3710.78
14818,Product_14818,Sports,1088.02
14819,Product_14819,Office Supplies,3539.83
14820,Product_14820,Clothing,4054.48
14821,Product_14821,Home & Kitchen,3405.15
14822,Product_14822,Home & Kitchen,3173.58
14823,Product_14823,Toys,4714.5
14824,Product_14824,Beauty,1811.59
14825,Product_14825,Clothing,3737.73
14826,Product_14826,Office Supplies,1663.74
14827,Product_14827,Home & Kitchen,3371.5
14828,Product_14828,Toys,2287.98
14829,Product_14829,Home & Kitchen,2452.23
14830,Product_14830,Beauty,2191.8
14831,Product_14831,Electronics,3590.12
14832,Product_14832,Office Supplies,4150.45
14833,Product_14833,Office Supplies,3449.41
14834,Product_14834,Beauty,1603.22
14835,Product_14835,Furniture,3639.24
14836,Product_14836,Beauty,2251.66
14837,Product_14837,Furniture,4662.69
14838,Product_14838,Electronics,1610.97
14839,Product_14839,Furniture,2462.58
14840,Product_14840,Home & Kitchen,1640.18
14841,Product_14841,Toys,4870.71
14842,Product_14842,Sports,3326.33
14843,Product_14843,Beauty,3176.64
14844,Product_14844,Electronics,1591.4
14845,Product_14845,Electronics,3924.87
14846,Product_14846,Office Supplies,3495.45
14847,Product_14847,Office Supplies,3488.25
14848,Product_14848,Sports,3474.69
14849,Product_14849,Office Supplies,543.98
14850,Product_14850,Sports,3098.75
14851,Product_14851,Office Supplies,4736.48
14852,Product_14852,Toys,2646.63
14853,Product_14853,Beauty,4603.52
14854,Product_14854,Beauty,4145.48
14855,Product_14855,Toys,4288.09
14856,Product_14856,Sports,3027.45
14857,Product_14857,Electronics,2661.63
14858,Product_14858,Clothing,418.38
14859,Product_14859,Office Supplies,4376.7
14860,Product_14860,Furniture,953.38
14861,Product_14861,Office Supplies,1267.33
14862,Product_14862,Furniture,1710.95
14863,Product_14863,Clothing,4302.12
14864,Product_14864,Beauty,4080.45
14865,Product_14865,Toys,1388.6
14866,Product_14866,Beauty,2073.93
14867,Product_14867,Clothing,2726.22
14868,Product_14868,Electronics,3071.4
14869,Product_14869,Toys,1197.21
14870,Product_14870,Sports,3012.59
14871,Product_14871,Office Supplies,3072.89
14872,Product_14872,Furniture,728.09
14873,Product_14873,Office Supplies,95.71
14874,Product_14874,Electronics,3351.6
14875,Product_14875,Clothing,808.4
14876,Product_14876,Beauty,4532.9
14877,Product_14877,Home & Kitchen,2816.02
14878,Product_14878,Electronics,4723.35
14879,Product_14879,Furniture,2186.54
14880,Product_14880,Beauty,1480.35
14881,Product_14881,Office Supplies,1227.77
14882,Product_14882,Toys,1178.22
14883,Product_14883,Home & Kitchen,667.6
14884,Product_14884,Office Supplies,4197.27
14885,Product_14885,Home & Kitchen,3732.46
14886,Product_14886,Sports,4762.83
14887,Product_14887,Beauty,3255.69
14888,Product_14888,Sports,4494.06
14889,Product_14889,Clothing,911.31
14890,Product_14890,Home & Kitchen,4269.49
14891,Product_14891,Clothing,935.25
14892,Product_14892,Clothing,1892.5
14893,Product_14893,Toys,3933.52
14894,Product_14894,Home & Kitchen,3444.54
14895,Product_14895,Clothing,1922.88
14896,Product_14896,Electronics,398.58
14897,Product_14897,Clothing,290.52
14898,Product_14898,Home & Kitchen,1668.83
14899,Product_14899,Beauty,4826.34
14900,Product_14900,Clothing,4761.04
14901,Product_14901,Sports,4412.69
14902,Product_14902,Office Supplies,773.37
14903,Product_14903,Electronics,2388.2
14904,Product_14904,Home & Kitchen,4655.71
14905,Product_14905,Sports,543.44
14906,Product_14906,Electronics,2825.35
14907,Product_14907,Home & Kitchen,2323.1
14908,Product_14908,Electronics,4474.43
14909,Product_14909,Toys,1258.77
14910,Product_14910,Beauty,4203.24
14911,Product_14911,Home & Kitchen,3514.23
14912,Product_14912,Home & Kitchen,101.43
14913,Product_14913,Clothing,4426.18
14914,Product_14914,Office Supplies,3869.08
14915,Product_14915,Sports,4084.07
14916,Product_14916,Home & Kitchen,1295.52
14917,Product_14917,Furniture,3983.05
14918,Product_14918,Sports,3028.88
14919,Product_14919,Sports,1474.25
14920,Product_14920,Office Supplies,2214.76
14921,Product_14921,Office Supplies,1333.2
14922,Product_14922,Home & Kitchen,2335.07
14923,Product_14923,Home & Kitchen,2666.3
14924,Product_14924,Furniture,3832.55
14925,Product_14925,Home & Kitchen,4050.3
14926,Product_14926,Electronics,720.91
14927,Product_14927,Furniture,1024.72
14928,Product_14928,Sports,2563.42
14929,Product_14929,Sports,2925.25
14930,Product_14930,Home & Kitchen,1198.84
14931,Product_14931,Clothing,4795.12
14932,Product_14932,Office Supplies,1034.51
14933,Product_14933,Beauty,23.19
14934,Product_14934,Beauty,2758.65
14935,Product_14935,Furniture,170.64
14936,Product_14936,Toys,3403.42
14937,Product_14937,Electronics,1327.13
14938,Product_14938,Toys,1737.36
14939,Product_14939,Office Supplies,4025.39
14940,Product_14940,Toys,81.58
14941,Product_14941,Toys,1244.95
14942,Product_14942,Office Supplies,3723.81
14943,Product_14943,Electronics,3989.96
14944,Product_14944,Office Supplies,4843.25
14945,Product_14945,Clothing,3128.64
14946,Product_14946,Electronics,4221.84
14947,Product_14947,Sports,3009.44
14948,Product_14948,Sports,4670.19
14949,Product_14949,Furniture,472.41
14950,Product_14950,Sports,3915.96
14951,Product_14951,Clothing,3926.41
14952,Product_14952,Electronics,1792.99
14953,Product_14953,Clothing,2910.46
14954,Product_14954,Electronics,518.13
14955,Product_14955,Clothing,302.18
14956,Product_14956,Beauty,3710.59
14957,Product_14957,Toys,3716.41
14958,Product_14958,Beauty,589.48
14959,Product_14959,Sports,2296.54
14960,Product_14960,Sports,4277.82
14961,Product_14961,Home & Kitchen,2968.75
14962,Product_14962,Electronics,1559.25
14963,Product_14963,Sports,3237.07
14964,Product_14964,Office Supplies,255.17
14965,Product_14965,Sports,1231.66
14966,Product_14966,Electronics,433.93
14967,Product_14967,Home & Kitchen,786.35
14968,Product_14968,Beauty,3565.71
14969,Product_14969,Office Supplies,1671.13
14970,Product_14970,Furniture,3101.24
14971,Product_14971,Office Supplies,1703.71
14972,Product_14972,Furniture,841.23
14973,Product_14973,Home & Kitchen,654.51
14974,Product_14974,Toys,333.22
14975,Product_14975,Clothing,2321.86
14976,Product_14976,Clothing,2071.72
14977,Product_14977,Office Supplies,2965.37
14978,Product_14978,Home & Kitchen,688.73
14979,Product_14979,Electronics,1915.36
14980,Product_14980,Office Supplies,3627.94
14981,Product_14981,Furniture,3683.4
14982,Product_14982,Sports,519.56
14983,Product_14983,Toys,2365.52
14984,Product_14984,Electronics,4910.57
14985,Product_14985,Home & Kitchen,1762.55
14986,Product_14986,Home & Kitchen,1647.86
14987,Product_14987,Home & Kitchen,4394.78
14988,Product_14988,Office Supplies,1443.54
14989,Product_14989,Home & Kitchen,2330.74
14990,Product_14990,Beauty,4043.7
14991,Product_14991,Sports,343.96
14992,Product_14992,Home & Kitchen,975.91
14993,Product_14993,Electronics,3580.44
14994,Product_14994,Home & Kitchen,4441.76
14995,Product_14995,Beauty,998.31
14996,Product_14996,Beauty,68.78
14997,Product_14997,Home & Kitchen,4922.04
14998,Product_14998,Toys,4489.14
14999,Product_14999,Home & Kitchen,2107.76
15000,Product_15000,Beauty,4100.91
15001,Product_15001,Electronics,346.33
15002,Product_15002,Clothing,3108.04
15003,Product_15003,Clothing,4880.49
15004,Product_15004,Office Supplies,2079.3
15005,Product_15005,Electronics,1500.68
15006,Product_15006,Office Supplies,863.84
15007,Product_15007,Sports,1964.53
15008,Product_15008,Furniture,2407.4
15009,Product_15009,Clothing,1443.38
15010,Product_15010,Clothing,1691.09
15011,Product_15011,Beauty,3925.25
15012,Product_15012,Office Supplies,2230.11
15013,Product_15013,Furniture,2086.52
15014,Product_15014,Beauty,3135.77
15015,Product_15015,Office Supplies,2972.15
15016,Product_15016,Beauty,3854.87
15017,Product_15017,Toys,2485.97
15018,Product_15018,Office Supplies,878.48
15019,Product_15019,Clothing,4962.48
15020,Product_15020,Beauty,3235.77
15021,Product_15021,Office Supplies,2117.81
15022,Product_15022,Beauty,1939.88
15023,Product_15023,Home & Kitchen,4748.95
15024,Product_15024,Electronics,4713.27
15025,Product_15025,Home & Kitchen,3764.64
15026,Product_15026,Toys,4184.02
15027,Product_15027,Toys,2392.14
15028,Product_15028,Beauty,3386.13
15029,Product_15029,Sports,807.16
15030,Product_15030,Beauty,1774.35
15031,Product_15031,Office Supplies,1439.38
15032,Product_15032,Office Supplies,740.81
15033,Product_15033,Office Supplies,918.88
15034,Product_15034,Electronics,4712.3
15035,Product_15035,Beauty,4352.54
15036,Product_15036,Sports,3485.13
15037,Product_15037,Office Supplies,1924.77
15038,Product_15038,Beauty,419.22
15039,Product_15039,Office Supplies,2083.14
15040,Product_15040,Electronics,1192.01
15041,Product_15041,Clothing,256.95
15042,Product_15042,Clothing,161.99
15043,Product_15043,Sports,4627.78
15044,Product_15044,Clothing,2354.2
15045,Product_15045,Toys,1620.99
15046,Product_15046,Office Supplies,2815.74
15047,Product_15047,Clothing,2076.46
15048,Product_15048,Office Supplies,2126.33
15049,Product_15049,Sports,3273.83
15050,Product_15050,Electronics,2718.32
15051,Product_15051,Electronics,1330.62
15052,Product_15052,Office Supplies,4009.1
15053,Product_15053,Beauty,529.36
15054,Product_15054,Office Supplies,368.52
15055,Product_15055,Clothing,3962.83
15056,Product_15056,Clothing,3944.16
15057,Product_15057,Clothing,3959.43
15058,Product_15058,Beauty,4769.74
15059,Product_15059,Office Supplies,3893.34
15060,Product_15060,Sports,4792.71
15061,Product_15061,Toys,546.68
15062,Product_15062,Toys,682.3
15063,Product_15063,Beauty,171.51
15064,Product_15064,Electronics,2346.38
15065,Product_15065,Furniture,4433.08
15066,Product_15066,Toys,4512.36
15067,Product_15067,Clothing,1639.95
15068,Product_15068,Clothing,3866.48
15069,Product_15069,Beauty,166.02
15070,Product_15070,Electronics,1555.04
15071,Product_15071,Toys,2257.47
15072,Product_15072,Clothing,1540.48
15073,Product_15073,Home & Kitchen,4138.31
15074,Product_15074,Clothing,4993.07
15075,Product_15075,Home & Kitchen,1705.44
15076,Product_15076,Office Supplies,2765.18
15077,Product_15077,Electronics,4216.43
15078,Product_15078,Clothing,3576.22
15079,Product_15079,Home & Kitchen,1883.61
15080,Product_15080,Toys,4067.09
15081,Product_15081,Clothing,4463.58
15082,Product_15082,Sports,4760.83
15083,Product_15083,Office Supplies,1658.57
15084,Product_15084,Toys,2030.07
15085,Product_15085,Toys,1699.3
15086,Product_15086,Home & Kitchen,2648.7
15087,Product_15087,Electronics,2455.71
15088,Product_15088,Sports,31.47
15089,Product_15089,Beauty,1567.28
15090,Product_15090,Office Supplies,3490.53
15091,Product_15091,Sports,1242.38
15092,Product_15092,Electronics,4208.68
15093,Product_15093,Office Supplies,2700.26
15094,Product_15094,Electronics,288.8
15095,Product_15095,Electronics,1246.22
15096,Product_15096,Clothing,3589.51
15097,Product_15097,Office Supplies,1555.84
15098,Product_15098,Clothing,3351.18
15099,Product_15099,Office Supplies,706.01
15100,Product_15100,Furniture,4616.52
15101,Product_15101,Electronics,408.0
15102,Product_15102,Home & Kitchen,764.24
15103,Product_15103,Beauty,3146.73
15104,Product_15104,Home & Kitchen,136.48
15105,Product_15105,Sports,2523.51
15106,Product_15106,Sports,1244.48
15107,Product_15107,Clothing,659.59
15108,Product_15108,Beauty,493.02
15109,Product_15109,Home & Kitchen,4708.08
15110,Product_15110,Toys,1490.87
15111,Product_15111,Toys,1757.63
15112,Product_15112,Electronics,480.27
15113,Product_15113,Home & Kitchen,3931.23
15114,Product_15114,Furniture,1413.17
15115,Product_15115,Toys,10.49
15116,Product_15116,Sports,4049.72
15117,Product_15117,Beauty,4680.53
15118,Product_15118,Beauty,4087.91
15119,Product_15119,Sports,2547.14
15120,Product_15120,Clothing,2660.03
15121,Product_15121,Clothing,669.07
15122,Product_15122,Furniture,3341.62
15123,Product_15123,Clothing,1039.28
15124,Product_15124,Furniture,4362.84
15125,Product_15125,Beauty,707.95
15126,Product_15126,Furniture,3960.55
15127,Product_15127,Clothing,1128.27
15128,Product_15128,Sports,2795.74
15129,Product_15129,Home & Kitchen,134.77
15130,Product_15130,Beauty,3130.33
15131,Product_15131,Sports,1613.7
15132,Product_15132,Toys,4435.7
15133,Product_15133,Beauty,3735.45
15134,Product_15134,Home & Kitchen,209.03
15135,Product_15135,Toys,2694.7
15136,Product_15136,Office Supplies,728.77
15137,Product_15137,Beauty,4111.77
15138,Product_15138,Toys,4343.3
15139,Product_15139,Toys,3596.98
15140,Product_15140,Sports,1792.78
15141,Product_15141,Sports,4612.43
15142,Product_15142,Electronics,152.98
15143,Product_15143,Office Supplies,4178.73
15144,Product_15144,Electronics,2568.6
15145,Product_15145,Beauty,4858.45
15146,Product_15146,Clothing,2689.11
15147,Product_15147,Beauty,1074.29
15148,Product_15148,Sports,3028.85
15149,Product_15149,Toys,500.12
15150,Product_15150,Sports,3018.14
15151,Product_15151,Clothing,327.03
15152,Product_15152,Furniture,3294.11
15153,Product_15153,Toys,368.71
15154,Product_15154,Sports,3492.66
15155,Product_15155,Sports,2175.37
15156,Product_15156,Beauty,2062.33
15157,Product_15157,Clothing,3322.19
15158,Product_15158,Office Supplies,969.9
15159,Product_15159,Electronics,688.89
15160,Product_15160,Office Supplies,2514.2
15161,Product_15161,Electronics,3217.53
15162,Product_15162,Home & Kitchen,4713.88
15163,Product_15163,Toys,1867.05
15164,Product_15164,Home & Kitchen,711.72
15165,Product_15165,Home & Kitchen,3198.45
15166,Product_15166,Home & Kitchen,1213.24
15167,Product_15167,Electronics,1342.91
15168,Product_15168,Furniture,4747.78
15169,Product_15169,Electronics,2416.8
15170,Product_15170,Home & Kitchen,4267.38
15171,Product_15171,Beauty,141.8
15172,Product_15172,Home & Kitchen,4133.05
15173,Product_15173,Home & Kitchen,3022.0
15174,Product_15174,Toys,4589.09
15175,Product_15175,Clothing,668.37
15176,Product_15176,Home & Kitchen,3032.03
15177,Product_15177,Sports,4195.6
15178,Product_15178,Home & Kitchen,45.64
15179,Product_15179,Furniture,213.6
15180,Product_15180,Sports,4391.7
15181,Product_15181,Clothing,1281.14
15182,Product_15182,Furniture,2185.28
15183,Product_15183,Beauty,3486.07
15184,Product_15184,Electronics,3844.51
15185,Product_15185,Electronics,1090.05
15186,Product_15186,Office Supplies,4967.74
15187,Product_15187,Electronics,1580.16
15188,Product_15188,Toys,848.39
15189,Product_15189,Office Supplies,2555.47
15190,Product_15190,Sports,468.18
15191,Product_15191,Toys,3029.87
15192,Product_15192,Furniture,1247.7
15193,Product_15193,Toys,3487.08
15194,Product_15194,Beauty,1020.12
15195,Product_15195,Electronics,4286.63
15196,Product_15196,Clothing,2852.25
15197,Product_15197,Sports,1534.23
15198,Product_15198,Sports,203.29
15199,Product_15199,Home & Kitchen,2011.06
15200,Product_15200,Home & Kitchen,3323.11
15201,Product_15201,Electronics,4733.7
15202,Product_15202,Office Supplies,4030.72
15203,Product_15203,Beauty,3114.84
15204,Product_15204,Office Supplies,3192.55
15205,Product_15205,Furniture,145.21
15206,Product_15206,Office Supplies,1824.21
15207,Product_15207,Office Supplies,3674.19
15208,Product_15208,Office Supplies,3595.74
15209,Product_15209,Toys,616.5
15210,Product_15210,Sports,2660.47
15211,Product_15211,Furniture,4318.78
15212,Product_15212,Toys,4632.65
15213,Product_15213,Toys,1584.76
15214,Product_15214,Beauty,3776.2
15215,Product_15215,Electronics,4570.8
15216,Product_15216,Clothing,1429.72
15217,Product_15217,Toys,4355.74
15218,Product_15218,Clothing,1893.48
15219,Product_15219,Furniture,962.01
15220,Product_15220,Beauty,3158.54
15221,Product_15221,Electronics,1731.58
15222,Product_15222,Toys,323.81
15223,Product_15223,Clothing,4644.03
15224,Product_15224,Office Supplies,3609.4
15225,Product_15225,Toys,1837.17
15226,Product_15226,Electronics,4629.48
15227,Product_15227,Clothing,873.74
15228,Product_15228,Office Supplies,1168.13
15229,Product_15229,Electronics,1567.4
15230,Product_15230,Home & Kitchen,2985.37
15231,Product_15231,Office Supplies,148.78
15232,Product_15232,Clothing,429.37
15233,Product_15233,Electronics,1344.95
15234,Product_15234,Beauty,3967.14
15235,Product_15235,Beauty,1799.23
15236,Product_15236,Beauty,3326.4
15237,Product_15237,Furniture,553.16
15238,Product_15238,Clothing,4720.53
15239,Product_15239,Office Supplies,1766.65
15240,Product_15240,Clothing,1036.98
15241,Product_15241,Sports,22.57
15242,Product_15242,Beauty,4106.89
15243,Product_15243,Furniture,368.73
15244,Product_15244,Office Supplies,1388.75
15245,Product_15245,Beauty,2545.81
15246,Product_15246,Toys,3061.6
15247,Product_15247,Office Supplies,374.3
15248,Product_15248,Sports,932.83
15249,Product_15249,Sports,3360.73
15250,Product_15250,Sports,2940.51
15251,Product_15251,Clothing,1289.18
15252,Product_15252,Sports,2710.39
15253,Product_15253,Electronics,2474.62
15254,Product_15254,Sports,1261.17
15255,Product_15255,Furniture,59.72
15256,Product_15256,Sports,3684.92
15257,Product_15257,Toys,3530.68
15258,Product_15258,Beauty,547.66
15259,Product_15259,Home & Kitchen,3664.42
15260,Product_15260,Sports,2898.9
15261,Product_15261,Sports,2223.51
15262,Product_15262,Home & Kitchen,515.47
15263,Product_15263,Office Supplies,4677.83
15264,Product_15264,Sports,1451.26
15265,Product_15265,Beauty,3272.59
15266,Product_15266,Clothing,4561.64
15267,Product_15267,Clothing,3377.5
15268,Product_15268,Beauty,1095.22
15269,Product_15269,Home & Kitchen,3333.7
15270,Product_15270,Clothing,618.28
15271,Product_15271,Clothing,136.65
15272,Product_15272,Home & Kitchen,3577.3
15273,Product_15273,Clothing,1135.4
15274,Product_15274,Beauty,797.41
15275,Product_15275,Home & Kitchen,2030.29
15276,Product_15276,Toys,1958.61
15277,Product_15277,Furniture,1519.46
15278,Product_15278,Furniture,614.07
15279,Product_15279,Beauty,3000.92
15280,Product_15280,Home & Kitchen,3308.61
15281,Product_15281,Sports,2336.5
15282,Product_15282,Clothing,756.3
15283,Product_15283,Clothing,681.97
15284,Product_15284,Toys,2269.12
15285,Product_15285,Electronics,593.12
15286,Product_15286,Sports,1399.81
15287,Product_15287,Sports,3691.72
15288,Product_15288,Office Supplies,1385.19
15289,Product_15289,Clothing,2700.79
15290,Product_15290,Sports,1703.09
15291,Product_15291,Office Supplies,3361.51
15292,Product_15292,Sports,3125.15
15293,Product_15293,Sports,1500.54
15294,Product_15294,Toys,3008.7
15295,Product_15295,Office Supplies,4480.69
15296,Product_15296,Home & Kitchen,1213.22
15297,Product_15297,Clothing,1356.71
15298,Product_15298,Furniture,2567.33
15299,Product_15299,Furniture,2229.31
15300,Product_15300,Beauty,2863.54
15301,Product_15301,Office Supplies,1054.21
15302,Product_15302,Clothing,2766.81
15303,Product_15303,Toys,3023.91
15304,Product_15304,Electronics,4188.71
15305,Product_15305,Office Supplies,3836.78
15306,Product_15306,Toys,1361.45
15307,Product_15307,Home & Kitchen,3964.01
15308,Product_15308,Home & Kitchen,1471.31
15309,Product_15309,Beauty,3272.68
15310,Product_15310,Home & Kitchen,4152.19
15311,Product_15311,Furniture,1471.26
15312,Product_15312,Toys,999.62
15313,Product_15313,Furniture,2767.31
15314,Product_15314,Sports,456.3
15315,Product_15315,Home & Kitchen,321.24
15316,Product_15316,Sports,2465.69
15317,Product_15317,Electronics,4405.88
15318,Product_15318,Beauty,3675.07
15319,Product_15319,Home & Kitchen,3928.03
15320,Product_15320,Sports,1814.23
15321,Product_15321,Office Supplies,1138.13
15322,Product_15322,Home & Kitchen,4845.23
15323,Product_15323,Toys,473.87
15324,Product_15324,Home & Kitchen,1043.18
15325,Product_15325,Furniture,487.57
15326,Product_15326,Office Supplies,3561.67
15327,Product_15327,Clothing,3757.52
15328,Product_15328,Furniture,2666.08
15329,Product_15329,Electronics,3683.9
15330,Product_15330,Furniture,4035.49
15331,Product_15331,Furniture,4893.54
15332,Product_15332,Office Supplies,455.12
15333,Product_15333,Sports,987.0
15334,Product_15334,Toys,1332.9
15335,Product_15335,Furniture,1249.71
15336,Product_15336,Electronics,4152.38
15337,Product_15337,Furniture,2572.86
15338,Product_15338,Office Supplies,254.7
15339,Product_15339,Home & Kitchen,3699.21
15340,Product_15340,Home & Kitchen,3137.07
15341,Product_15341,Sports,4148.8
15342,Product_15342,Toys,1825.71
15343,Product_15343,Office Supplies,822.7
15344,Product_15344,Sports,1718.21
15345,Product_15345,Beauty,2713.73
15346,Product_15346,Sports,1430.83
15347,Product_15347,Home & Kitchen,4301.02
15348,Product_15348,Toys,1696.94
15349,Product_15349,Sports,4985.16
15350,Product_15350,Home & Kitchen,417.17
15351,Product_15351,Furniture,76.3
15352,Product_15352,Home & Kitchen,2974.43
15353,Product_15353,Toys,1846.45
15354,Product_15354,Clothing,4602.73
15355,Product_15355,Office Supplies,4433.74
15356,Product_15356,Sports,3956.6
15357,Product_15357,Furniture,4964.99
15358,Product_15358,Office Supplies,3608.19
15359,Product_15359,Toys,1061.31
15360,Product_15360,Electronics,2766.49
15361,Product_15361,Sports,3126.29
15362,Product_15362,Furniture,4441.22
15363,Product_15363,Office Supplies,4739.99
15364,Product_15364,Sports,420.38
15365,Product_15365,Sports,4884.89
15366,Product_15366,Electronics,4231.22
15367,Product_15367,Home & Kitchen,2930.65
15368,Product_15368,Toys,79.19
15369,Product_15369,Furniture,566.09
15370,Product_15370,Sports,2919.93
15371,Product_15371,Furniture,4819.44
15372,Product_15372,Beauty,1034.07
15373,Product_15373,Sports,2008.61
15374,Product_15374,Home & Kitchen,19.46
15375,Product_15375,Office Supplies,1759.91
15376,Product_15376,Sports,1178.21
15377,Product_15377,Home & Kitchen,2466.71
15378,Product_15378,Electronics,713.81
15379,Product_15379,Electronics,615.17
15380,Product_15380,Home & Kitchen,768.78
15381,Product_15381,Toys,2644.53
15382,Product_15382,Furniture,4939.84
15383,Product_15383,Sports,1265.23
15384,Product_15384,Beauty,4823.01
15385,Product_15385,Clothing,4140.38
15386,Product_15386,Clothing,3074.99
15387,Product_15387,Furniture,1559.42
15388,Product_15388,Clothing,1916.6
15389,Product_15389,Home & Kitchen,786.44
15390,Product_15390,Office Supplies,1598.84
15391,Product_15391,Clothing,4745.07
15392,Product_15392,Home & Kitchen,140.24
15393,Product_15393,Office Supplies,1309.04
15394,Product_15394,Toys,4452.57
15395,Product_15395,Toys,1029.08
15396,Product_15396,Home & Kitchen,3831.01
15397,Product_15397,Electronics,631.78
15398,Product_15398,Furniture,1829.99
15399,Product_15399,Sports,1337.55
15400,Product_15400,Clothing,350.81
15401,Product_15401,Office Supplies,3667.98
15402,Product_15402,Clothing,4632.91
15403,Product_15403,Toys,4947.58
15404,Product_15404,Toys,2921.43
15405,Product_15405,Furniture,600.51
15406,Product_15406,Electronics,1362.59
15407,Product_15407,Home & Kitchen,2010.39
15408,Product_15408,Furniture,4501.28
15409,Product_15409,Office Supplies,1663.52
15410,Product_15410,Furniture,1181.6
15411,Product_15411,Clothing,2055.34
15412,Product_15412,Electronics,2673.65
15413,Product_15413,Beauty,2709.6
15414,Product_15414,Office Supplies,4273.72
15415,Product_15415,Office Supplies,4870.73
15416,Product_15416,Furniture,2426.69
15417,Product_15417,Furniture,1190.38
15418,Product_15418,Electronics,1789.36
15419,Product_15419,Furniture,3049.98
15420,Product_15420,Toys,701.34
15421,Product_15421,Furniture,3683.88
15422,Product_15422,Electronics,2992.57
15423,Product_15423,Sports,3619.26
15424,Product_15424,Toys,1255.98
15425,Product_15425,Furniture,4445.76
15426,Product_15426,Toys,2147.41
15427,Product_15427,Office Supplies,3492.92
15428,Product_15428,Electronics,4721.11
15429,Product_15429,Sports,1799.45
15430,Product_15430,Electronics,3081.25
15431,Product_15431,Office Supplies,3834.04
15432,Product_15432,Furniture,17.95
15433,Product_15433,Home & Kitchen,3228.37
15434,Product_15434,Electronics,3399.42
15435,Product_15435,Home & Kitchen,4814.57
15436,Product_15436,Office Supplies,4930.36
15437,Product_15437,Beauty,889.55
15438,Product_15438,Home & Kitchen,3867.8
15439,Product_15439,Sports,689.74
15440,Product_15440,Sports,4921.44
15441,Product_15441,Electronics,1031.96
15442,Product_15442,Home & Kitchen,2193.22
15443,Product_15443,Electronics,4980.73
15444,Product_15444,Toys,4699.3
15445,Product_15445,Furniture,2970.37
15446,Product_15446,Clothing,2474.72
15447,Product_15447,Office Supplies,2211.49
15448,Product_15448,Beauty,3199.5
15449,Product_15449,Sports,4615.77
15450,Product_15450,Clothing,4455.52
15451,Product_15451,Clothing,180.73
15452,Product_15452,Electronics,2248.16
15453,Product_15453,Furniture,1629.91
15454,Product_15454,Electronics,2534.05
15455,Product_15455,Home & Kitchen,3711.57
15456,Product_15456,Toys,3624.63
15457,Product_15457,Toys,2641.95
15458,Product_15458,Electronics,176.71
15459,Product_15459,Home & Kitchen,408.09
15460,Product_15460,Electronics,3517.8
15461,Product_15461,Furniture,2574.39
15462,Product_15462,Sports,2941.59
15463,Product_15463,Furniture,4108.93
15464,Product_15464,Office Supplies,1477.67
15465,Product_15465,Office Supplies,4132.81
15466,Product_15466,Beauty,4257.01
15467,Product_15467,Electronics,1930.46
15468,Product_15468,Office Supplies,1565.81
15469,Product_15469,Office Supplies,3446.59
15470,Product_15470,Electronics,2059.13
15471,Product_15471,Beauty,3845.29
15472,Product_15472,Clothing,3793.46
15473,Product_15473,Beauty,713.76
15474,Product_15474,Electronics,338.43
15475,Product_15475,Office Supplies,3921.82
15476,Product_15476,Beauty,3812.17
15477,Product_15477,Toys,1353.16
15478,Product_15478,Sports,3250.85
15479,Product_15479,Beauty,122.94
15480,Product_15480,Electronics,4142.84
15481,Product_15481,Home & Kitchen,2316.86
15482,Product_15482,Furniture,396.39
15483,Product_15483,Office Supplies,124.59
15484,Product_15484,Electronics,3180.53
15485,Product_15485,Toys,4474.6
15486,Product_15486,Beauty,2719.98
15487,Product_15487,Toys,3593.2
15488,Product_15488,Clothing,3995.33
15489,Product_15489,Sports,1345.07
15490,Product_15490,Toys,803.7
15491,Product_15491,Furniture,3430.32
15492,Product_15492,Office Supplies,1003.67
15493,Product_15493,Toys,2849.61
15494,Product_15494,Clothing,4702.8
15495,Product_15495,Clothing,2436.31
15496,Product_15496,Home & Kitchen,2194.67
15497,Product_15497,Toys,1157.8
15498,Product_15498,Furniture,3292.98
15499,Product_15499,Beauty,357.73
15500,Product_15500,Home & Kitchen,2279.83
15501,Product_15501,Office Supplies,4663.62
15502,Product_15502,Office Supplies,4364.09
15503,Product_15503,Toys,1000.06
15504,Product_15504,Office Supplies,570.52
15505,Product_15505,Sports,1639.24
15506,Product_15506,Office Supplies,3470.0
15507,Product_15507,Electronics,390.91
15508,Product_15508,Office Supplies,1049.04
15509,Product_15509,Toys,1436.18
15510,Product_15510,Furniture,4330.2
15511,Product_15511,Home & Kitchen,4319.7
15512,Product_15512,Toys,4061.97
15513,Product_15513,Clothing,983.5
15514,Product_15514,Sports,4686.79
15515,Product_15515,Home & Kitchen,2259.47
15516,Product_15516,Furniture,620.36
15517,Product_15517,Electronics,929.63
15518,Product_15518,Clothing,4988.16
15519,Product_15519,Home & Kitchen,3545.41
15520,Product_15520,Toys,17.46
15521,Product_15521,Home & Kitchen,3237.6
15522,Product_15522,Home & Kitchen,1907.5
15523,Product_15523,Toys,3115.5
15524,Product_15524,Sports,1336.55
15525,Product_15525,Toys,1434.59
15526,Product_15526,Toys,3798.09
15527,Product_15527,Beauty,552.56
15528,Product_15528,Home & Kitchen,1615.29
15529,Product_15529,Sports,3071.02
15530,Product_15530,Sports,117.52
15531,Product_15531,Sports,1892.01
15532,Product_15532,Toys,3834.74
15533,Product_15533,Sports,4951.06
15534,Product_15534,Clothing,1864.03
15535,Product_15535,Clothing,965.95
15536,Product_15536,Furniture,1004.47
15537,Product_15537,Office Supplies,50.11
15538,Product_15538,Office Supplies,3203.93
15539,Product_15539,Electronics,1125.36
15540,Product_15540,Toys,538.74
15541,Product_15541,Office Supplies,1879.09
15542,Product_15542,Furniture,2244.49
15543,Product_15543,Toys,1659.93
15544,Product_15544,Electronics,4950.13
15545,Product_15545,Home & Kitchen,4375.12
15546,Product_15546,Home & Kitchen,3307.65
15547,Product_15547,Furniture,907.55
15548,Product_15548,Clothing,1263.14
15549,Product_15549,Toys,4727.67
15550,Product_15550,Electronics,4268.85
15551,Product_15551,Furniture,4180.42
15552,Product_15552,Office Supplies,3423.48
15553,Product_15553,Toys,2910.4
15554,Product_15554,Furniture,3650.99
15555,Product_15555,Electronics,772.57
15556,Product_15556,Sports,1097.92
15557,Product_15557,Beauty,2676.82
15558,Product_15558,Home & Kitchen,1387.21
15559,Product_15559,Furniture,3405.8
15560,Product_15560,Beauty,2646.57
15561,Product_15561,Clothing,595.42
15562,Product_15562,Sports,3930.85
15563,Product_15563,Furniture,1034.44
15564,Product_15564,Furniture,437.18
15565,Product_15565,Home & Kitchen,3368.18
15566,Product_15566,Clothing,4391.9
15567,Product_15567,Furniture,1921.54
15568,Product_15568,Office Supplies,2241.75
15569,Product_15569,Toys,1393.69
15570,Product_15570,Clothing,2802.11
15571,Product_15571,Toys,3974.7
15572,Product_15572,Office Supplies,174.95
15573,Product_15573,Sports,4723.96
15574,Product_15574,Electronics,2993.33
15575,Product_15575,Sports,1807.41
15576,Product_15576,Toys,3012.63
15577,Product_15577,Toys,486.48
15578,Product_15578,Clothing,1202.39
15579,Product_15579,Office Supplies,2611.54
15580,Product_15580,Home & Kitchen,2663.41
15581,Product_15581,Clothing,708.8
15582,Product_15582,Electronics,4785.46
15583,Product_15583,Toys,1688.78
15584,Product_15584,Clothing,632.73
15585,Product_15585,Home & Kitchen,1989.6
15586,Product_15586,Furniture,2247.43
15587,Product_15587,Beauty,1877.54
15588,Product_15588,Electronics,3723.67
15589,Product_15589,Furniture,3790.22
15590,Product_15590,Office Supplies,306.79
15591,Product_15591,Clothing,293.55
15592,Product_15592,Beauty,3936.32
15593,Product_15593,Sports,3173.34
15594,Product_15594,Electronics,4729.54
15595,Product_15595,Office Supplies,1753.9
15596,Product_15596,Beauty,4827.19
15597,Product_15597,Clothing,2709.74
15598,Product_15598,Electronics,2141.71
15599,Product_15599,Electronics,1975.52
15600,Product_15600,Clothing,4316.59
15601,Product_15601,Toys,1161.6
15602,Product_15602,Sports,1733.94
15603,Product_15603,Electronics,851.49
15604,Product_15604,Home & Kitchen,3137.17
15605,Product_15605,Sports,1549.77
15606,Product_15606,Beauty,1275.06
15607,Product_15607,Furniture,4969.1
15608,Product_15608,Beauty,3559.65
15609,Product_15609,Toys,2450.26
15610,Product_15610,Electronics,2813.08
15611,Product_15611,Office Supplies,4784.79
15612,Product_15612,Beauty,2545.3
15613,Product_15613,Electronics,1072.81
15614,Product_15614,Furniture,2848.07
15615,Product_15615,Clothing,2527.23
15616,Product_15616,Office Supplies,4729.12
15617,Product_15617,Furniture,1133.54
15618,Product_15618,Electronics,565.56
15619,Product_15619,Toys,4540.66
15620,Product_15620,Beauty,677.26
15621,Product_15621,Sports,1998.98
15622,Product_15622,Office Supplies,258.82
15623,Product_15623,Office Supplies,4428.35
15624,Product_15624,Clothing,1922.51
15625,Product_15625,Office Supplies,4736.2
15626,Product_15626,Clothing,1436.62
15627,Product_15627,Clothing,2244.11
15628,Product_15628,Clothing,3041.56
15629,Product_15629,Beauty,3933.35
15630,Product_15630,Beauty,3389.13
15631,Product_15631,Clothing,2689.46
15632,Product_15632,Beauty,70.98
15633,Product_15633,Toys,2844.46
15634,Product_15634,Beauty,3588.05
15635,Product_15635,Sports,1647.42
15636,Product_15636,Home & Kitchen,2093.88
15637,Product_15637,Electronics,4876.92
15638,Product_15638,Sports,1536.55
15639,Product_15639,Sports,2340.43
15640,Product_15640,Beauty,4742.34
15641,Product_15641,Clothing,1226.7
15642,Product_15642,Office Supplies,2910.04
15643,Product_15643,Toys,114.55
15644,Product_15644,Sports,310.9
15645,Product_15645,Beauty,2286.46
15646,Product_15646,Electronics,2084.16
15647,Product_15647,Furniture,4788.18
15648,Product_15648,Toys,2168.17
15649,Product_15649,Electronics,2394.49
15650,Product_15650,Clothing,836.3
15651,Product_15651,Home & Kitchen,4722.68
15652,Product_15652,Beauty,3341.67
15653,Product_15653,Beauty,4551.07
15654,Product_15654,Toys,2606.89
15655,Product_15655,Sports,3665.47
15656,Product_15656,Furniture,125.88
15657,Product_15657,Home & Kitchen,4637.5
15658,Product_15658,Toys,1891.25
15659,Product_15659,Beauty,43.11
15660,Product_15660,Clothing,895.02
15661,Product_15661,Office Supplies,3989.86
15662,Product_15662,Home & Kitchen,1414.68
15663,Product_15663,Toys,2098.41
15664,Product_15664,Clothing,2839.87
15665,Product_15665,Sports,4406.22
15666,Product_15666,Sports,3766.56
15667,Product_15667,Clothing,3097.4
15668,Product_15668,Clothing,4754.75
15669,Product_15669,Electronics,4882.31
15670,Product_15670,Home & Kitchen,776.5
15671,Product_15671,Toys,358.79
15672,Product_15672,Toys,1685.13
15673,Product_15673,Furniture,53.03
15674,Product_15674,Furniture,503.89
15675,Product_15675,Clothing,4726.84
15676,Product_15676,Sports,2312.27
15677,Product_15677,Beauty,3035.22
15678,Product_15678,Sports,539.52
15679,Product_15679,Sports,4861.0
15680,Product_15680,Beauty,4806.09
15681,Product_15681,Clothing,1071.47
15682,Product_15682,Home & Kitchen,1652.14
15683,Product_15683,Electronics,4360.21
15684,Product_15684,Furniture,2126.26
15685,Product_15685,Office Supplies,4236.27
15686,Product_15686,Clothing,146.48
15687,Product_15687,Office Supplies,3276.12
15688,Product_15688,Office Supplies,2087.18
15689,Product_15689,Beauty,4332.16
15690,Product_15690,Office Supplies,266.37
15691,Product_15691,Sports,2595.76
15692,Product_15692,Clothing,1009.69
15693,Product_15693,Office Supplies,2268.19
15694,Product_15694,Office Supplies,2441.17
15695,Product_15695,Toys,3639.52
15696,Product_15696,Sports,313.1
15697,Product_15697,Beauty,4712.3
15698,Product_15698,Electronics,4655.97
15699,Product_15699,Electronics,1941.68
15700,Product_15700,Office Supplies,1717.51
15701,Product_15701,Toys,753.6
15702,Product_15702,Electronics,2645.44
15703,Product_15703,Sports,3229.83
15704,Product_15704,Electronics,4260.59
15705,Product_15705,Sports,1342.23
15706,Product_15706,Toys,4391.44
15707,Product_15707,Home & Kitchen,1141.54
15708,Product_15708,Beauty,2754.24
15709,Product_15709,Home & Kitchen,1008.43
15710,Product_15710,Furniture,2425.71
15711,Product_15711,Toys,358.22
15712,Product_15712,Sports,4973.74
15713,Product_15713,Electronics,3716.33
15714,Product_15714,Office Supplies,825.8
15715,Product_15715,Clothing,1560.65
15716,Product_15716,Toys,4464.07
15717,Product_15717,Home & Kitchen,820.11
15718,Product_15718,Electronics,3539.17
15719,Product_15719,Clothing,44.7
15720,Product_15720,Home & Kitchen,1114.35
15721,Product_15721,Beauty,748.08
15722,Product_15722,Furniture,3994.7
15723,Product_15723,Office Supplies,368.59
15724,Product_15724,Beauty,2710.67
15725,Product_15725,Office Supplies,4404.12
15726,Product_15726,Beauty,1517.41
15727,Product_15727,Clothing,584.55
15728,Product_15728,Home & Kitchen,3670.62
15729,Product_15729,Toys,3173.49
15730,Product_15730,Toys,541.6
15731,Product_15731,Office Supplies,3046.37
15732,Product_15732,Sports,2722.79
15733,Product_15733,Electronics,4314.25
15734,Product_15734,Beauty,1932.24
15735,Product_15735,Sports,1354.81
15736,Product_15736,Home & Kitchen,962.27
15737,Product_15737,Office Supplies,652.36
15738,Product_15738,Beauty,3577.37
15739,Product_15739,Home & Kitchen,158.07
15740,Product_15740,Sports,3301.61
15741,Product_15741,Sports,1075.81
15742,Product_15742,Toys,3849.27
15743,Product_15743,Toys,1047.28
15744,Product_15744,Home & Kitchen,4560.63
15745,Product_15745,Sports,2504.11
15746,Product_15746,Sports,1030.38
15747,Product_15747,Sports,4444.44
15748,Product_15748,Clothing,3850.82
15749,Product_15749,Office Supplies,1826.9
15750,Product_15750,Electronics,1434.88
15751,Product_15751,Home & Kitchen,3697.4
15752,Product_15752,Sports,645.91
15753,Product_15753,Clothing,1679.64
15754,Product_15754,Clothing,3993.19
15755,Product_15755,Beauty,2592.03
15756,Product_15756,Toys,4067.78
15757,Product_15757,Toys,1842.25
15758,Product_15758,Electronics,4955.4
15759,Product_15759,Toys,1631.97
15760,Product_15760,Sports,3190.75
15761,Product_15761,Electronics,1368.22
15762,Product_15762,Toys,4534.56
15763,Product_15763,Office Supplies,1006.5
15764,Product_15764,Beauty,280.4
15765,Product_15765,Home & Kitchen,3738.63
15766,Product_15766,Home & Kitchen,61.89
15767,Product_15767,Electronics,1256.0
15768,Product_15768,Office Supplies,2092.69
15769,Product_15769,Furniture,3493.57
15770,Product_15770,Beauty,3916.44
15771,Product_15771,Beauty,1292.02
15772,Product_15772,Toys,3602.43
15773,Product_15773,Beauty,839.85
15774,Product_15774,Home & Kitchen,3116.72
15775,Product_15775,Sports,471.89
15776,Product_15776,Electronics,972.4
15777,Product_15777,Home & Kitchen,56.37
15778,Product_15778,Sports,950.28
15779,Product_15779,Sports,3563.72
15780,Product_15780,Electronics,2809.11
15781,Product_15781,Electronics,1930.08
15782,Product_15782,Clothing,3362.38
15783,Product_15783,Beauty,3283.22
15784,Product_15784,Sports,338.86
15785,Product_15785,Sports,275.6
15786,Product_15786,Home & Kitchen,2297.68
15787,Product_15787,Office Supplies,1344.95
15788,Product_15788,Sports,125.69
15789,Product_15789,Home & Kitchen,294.5
15790,Product_15790,Sports,2601.5
15791,Product_15791,Home & Kitchen,4372.57
15792,Product_15792,Office Supplies,3375.92
15793,Product_15793,Sports,2910.19
15794,Product_15794,Clothing,3748.93
15795,Product_15795,Sports,463.76
15796,Product_15796,Clothing,3662.0
15797,Product_15797,Clothing,4958.86
15798,Product_15798,Office Supplies,3895.92
15799,Product_15799,Clothing,2214.83
15800,Product_15800,Toys,4815.25
15801,Product_15801,Office Supplies,4965.69
15802,Product_15802,Home & Kitchen,59.81
15803,Product_15803,Office Supplies,4791.2
15804,Product_15804,Toys,142.44
15805,Product_15805,Furniture,2275.46
15806,Product_15806,Clothing,1541.17
15807,Product_15807,Beauty,1711.73
15808,Product_15808,Beauty,4382.65
15809,Product_15809,Home & Kitchen,4468.52
15810,Product_15810,Home & Kitchen,4410.39
15811,Product_15811,Beauty,4243.87
15812,Product_15812,Beauty,966.01
15813,Product_15813,Home & Kitchen,4918.32
15814,Product_15814,Furniture,1005.68
15815,Product_15815,Clothing,4290.56
15816,Product_15816,Home & Kitchen,2615.0
15817,Product_15817,Office Supplies,128.71
15818,Product_15818,Furniture,807.0
15819,Product_15819,Home & Kitchen,2607.07
15820,Product_15820,Clothing,567.4
15821,Product_15821,Sports,3564.66
15822,Product_15822,Home & Kitchen,2164.86
15823,Product_15823,Office Supplies,1376.62
15824,Product_15824,Sports,3107.66
15825,Product_15825,Sports,1491.57
15826,Product_15826,Electronics,976.88
15827,Product_15827,Clothing,839.14
15828,Product_15828,Electronics,3775.18
15829,Product_15829,Sports,2815.1
15830,Product_15830,Clothing,2362.2
15831,Product_15831,Home & Kitchen,1948.0
15832,Product_15832,Toys,3244.25
15833,Product_15833,Home & Kitchen,2116.8
15834,Product_15834,Electronics,1598.68
15835,Product_15835,Clothing,2609.99
15836,Product_15836,Office Supplies,3081.63
15837,Product_15837,Office Supplies,4225.38
15838,Product_15838,Sports,852.99
15839,Product_15839,Office Supplies,4621.77
15840,Product_15840,Beauty,2829.54
15841,Product_15841,Furniture,2376.74
15842,Product_15842,Electronics,3726.94
15843,Product_15843,Office Supplies,3524.2
15844,Product_15844,Furniture,2440.41
15845,Product_15845,Toys,4470.25
15846,Product_15846,Beauty,3755.01
15847,Product_15847,Electronics,3882.71
15848,Product_15848,Beauty,2972.41
15849,Product_15849,Furniture,3500.36
15850,Product_15850,Electronics,371.63
15851,Product_15851,Beauty,4420.54
15852,Product_15852,Sports,1192.63
15853,Product_15853,Beauty,1505.35
15854,Product_15854,Furniture,4477.78
15855,Product_15855,Office Supplies,3084.06
15856,Product_15856,Office Supplies,2282.68
15857,Product_15857,Beauty,688.74
15858,Product_15858,Toys,1785.96
15859,Product_15859,Furniture,4527.35
15860,Product_15860,Sports,510.28
15861,Product_15861,Home & Kitchen,889.54
15862,Product_15862,Toys,1313.82
15863,Product_15863,Toys,3640.07
15864,Product_15864,Office Supplies,354.0
15865,Product_15865,Electronics,521.37
15866,Product_15866,Office Supplies,2620.89
15867,Product_15867,Electronics,1988.63
15868,Product_15868,Electronics,4018.5
15869,Product_15869,Home & Kitchen,453.9
15870,Product_15870,Home & Kitchen,1827.42
15871,Product_15871,Home & Kitchen,527.98
15872,Product_15872,Office Supplies,628.35
15873,Product_15873,Electronics,3706.54
15874,Product_15874,Beauty,3510.27
15875,Product_15875,Home & Kitchen,3674.16
15876,Product_15876,Home & Kitchen,1161.14
15877,Product_15877,Electronics,4784.89
15878,Product_15878,Home & Kitchen,2588.36
15879,Product_15879,Home & Kitchen,3118.35
15880,Product_15880,Sports,3074.64
15881,Product_15881,Electronics,255.08
15882,Product_15882,Beauty,256.78
15883,Product_15883,Home & Kitchen,4048.97
15884,Product_15884,Furniture,75.74
15885,Product_15885,Furniture,964.33
15886,Product_15886,Toys,2730.05
15887,Product_15887,Electronics,3766.28
15888,Product_15888,Furniture,3809.52
15889,Product_15889,Home & Kitchen,1346.1
15890,Product_15890,Clothing,4339.21
15891,Product_15891,Furniture,3592.7
15892,Product_15892,Beauty,802.44
15893,Product_15893,Furniture,2365.72
15894,Product_15894,Toys,2100.6
15895,Product_15895,Toys,46.7
15896,Product_15896,Toys,3739.62
15897,Product_15897,Furniture,2033.89
15898,Product_15898,Electronics,2804.94
15899,Product_15899,Home & Kitchen,2246.15
15900,Product_15900,Home & Kitchen,2750.44
15901,Product_15901,Furniture,677.2
15902,Product_15902,Home & Kitchen,548.98
15903,Product_15903,Sports,3534.09
15904,Product_15904,Furniture,1026.97
15905,Product_15905,Home & Kitchen,2536.15
15906,Product_15906,Office Supplies,865.98
15907,Product_15907,Office Supplies,384.11
15908,Product_15908,Beauty,116.72
15909,Product_15909,Sports,4354.08
15910,Product_15910,Furniture,792.95
15911,Product_15911,Clothing,3069.73
15912,Product_15912,Sports,4287.71
15913,Product_15913,Sports,4251.62
15914,Product_15914,Sports,1554.37
15915,Product_15915,Sports,3194.7
15916,Product_15916,Sports,3793.51
15917,Product_15917,Clothing,2010.27
15918,Product_15918,Home & Kitchen,3804.51
15919,Product_15919,Sports,130.08
15920,Product_15920,Clothing,1784.01
15921,Product_15921,Clothing,3198.67
15922,Product_15922,Furniture,4691.18
15923,Product_15923,Office Supplies,2108.41
15924,Product_15924,Office Supplies,879.42
15925,Product_15925,Beauty,4885.99
15926,Product_15926,Toys,4166.98
15927,Product_15927,Electronics,3813.33
15928,Product_15928,Sports,1071.74
15929,Product_15929,Beauty,721.54
15930,Product_15930,Clothing,2649.15
15931,Product_15931,Beauty,4017.51
15932,Product_15932,Furniture,1479.17
15933,Product_15933,Furniture,89.77
15934,Product_15934,Clothing,2568.59
15935,Product_15935,Electronics,3928.24
15936,Product_15936,Clothing,4787.23
15937,Product_15937,Electronics,1713.56
15938,Product_15938,Sports,1322.59
15939,Product_15939,Clothing,767.44
15940,Product_15940,Toys,2161.44
15941,Product_15941,Furniture,1448.7
15942,Product_15942,Home & Kitchen,483.52
15943,Product_15943,Toys,747.57
15944,Product_15944,Sports,2070.14
15945,Product_15945,Clothing,3809.19
15946,Product_15946,Clothing,3874.89
15947,Product_15947,Beauty,912.07
15948,Product_15948,Furniture,3113.48
15949,Product_15949,Toys,837.86
15950,Product_15950,Office Supplies,1346.8
15951,Product_15951,Clothing,2284.33
15952,Product_15952,Office Supplies,4921.31
15953,Product_15953,Toys,2698.78
15954,Product_15954,Electronics,4665.59
15955,Product_15955,Electronics,4582.26
15956,Product_15956,Clothing,3205.99
15957,Product_15957,Clothing,3300.12
15958,Product_15958,Home & Kitchen,4072.63
15959,Product_15959,Toys,3037.97
15960,Product_15960,Toys,2524.5
15961,Product_15961,Toys,221.24
15962,Product_15962,Sports,466.16
15963,Product_15963,Office Supplies,2376.51
15964,Product_15964,Sports,612.84
15965,Product_15965,Furniture,1466.66
15966,Product_15966,Clothing,455.19
15967,Product_15967,Office Supplies,4076.37
15968,Product_15968,Home & Kitchen,4883.42
15969,Product_15969,Office Supplies,867.73
15970,Product_15970,Office Supplies,1215.41
15971,Product_15971,Sports,3392.82
15972,Product_15972,Home & Kitchen,3819.39
15973,Product_15973,Furniture,1419.91
15974,Product_15974,Sports,3510.14
15975,Product_15975,Furniture,826.54
15976,Product_15976,Furniture,3857.39
15977,Product_15977,Toys,66.36
15978,Product_15978,Toys,3374.57
15979,Product_15979,Electronics,2837.81
15980,Product_15980,Clothing,3150.34
15981,Product_15981,Home & Kitchen,3917.78
15982,Product_15982,Furniture,190.84
15983,Product_15983,Home & Kitchen,1553.62
15984,Product_15984,Furniture,1522.89
15985,Product_15985,Home & Kitchen,726.62
15986,Product_15986,Clothing,4173.16
15987,Product_15987,Beauty,360.66
15988,Product_15988,Furniture,3679.72
15989,Product_15989,Home & Kitchen,3952.48
15990,Product_15990,Sports,3179.59
15991,Product_15991,Beauty,2167.13
15992,Product_15992,Electronics,406.75
15993,Product_15993,Office Supplies,227.92
15994,Product_15994,Office Supplies,1222.69
15995,Product_15995,Beauty,281.14
15996,Product_15996,Electronics,2779.04
15997,Product_15997,Office Supplies,3075.43
15998,Product_15998,Office Supplies,1357.17
15999,Product_15999,Sports,3051.02
16000,Product_16000,Sports,4311.25
16001,Product_16001,Office Supplies,1131.11
16002,Product_16002,Electronics,2613.24
16003,Product_16003,Office Supplies,4101.67
16004,Product_16004,Beauty,1035.18
16005,Product_16005,Electronics,3296.26
16006,Product_16006,Office Supplies,159.58
16007,Product_16007,Office Supplies,2209.53
16008,Product_16008,Home & Kitchen,2199.75
16009,Product_16009,Office Supplies,4936.36
16010,Product_16010,Sports,3668.32
16011,Product_16011,Sports,1796.11
16012,Product_16012,Electronics,3814.45
16013,Product_16013,Home & Kitchen,483.28
16014,Product_16014,Toys,3737.59
16015,Product_16015,Office Supplies,2404.09
16016,Product_16016,Beauty,550.85
16017,Product_16017,Beauty,2881.62
16018,Product_16018,Office Supplies,3969.23
16019,Product_16019,Furniture,4156.95
16020,Product_16020,Sports,1609.42
16021,Product_16021,Toys,3427.27
16022,Product_16022,Clothing,3508.89
16023,Product_16023,Office Supplies,4566.83
16024,Product_16024,Clothing,299.82
16025,Product_16025,Sports,2462.83
16026,Product_16026,Toys,4342.65
16027,Product_16027,Clothing,1747.14
16028,Product_16028,Beauty,4124.48
16029,Product_16029,Electronics,101.03
16030,Product_16030,Electronics,4245.79
16031,Product_16031,Electronics,2048.0
16032,Product_16032,Beauty,3955.87
16033,Product_16033,Furniture,279.1
16034,Product_16034,Beauty,926.71
16035,Product_16035,Toys,2517.07
16036,Product_16036,Furniture,3928.94
16037,Product_16037,Toys,2274.51
16038,Product_16038,Office Supplies,1478.86
16039,Product_16039,Office Supplies,4535.35
16040,Product_16040,Furniture,2706.53
16041,Product_16041,Home & Kitchen,726.66
16042,Product_16042,Sports,683.01
16043,Product_16043,Electronics,4808.7
16044,Product_16044,Office Supplies,1464.13
16045,Product_16045,Office Supplies,4334.6
16046,Product_16046,Office Supplies,3538.75
16047,Product_16047,Toys,2337.09
16048,Product_16048,Clothing,3701.89
16049,Product_16049,Furniture,978.22
16050,Product_16050,Furniture,3075.37
16051,Product_16051,Beauty,426.41
16052,Product_16052,Toys,283.2
16053,Product_16053,Home & Kitchen,3598.88
16054,Product_16054,Furniture,2519.04
16055,Product_16055,Office Supplies,3136.0
16056,Product_16056,Beauty,4270.74
16057,Product_16057,Home & Kitchen,4558.74
16058,Product_16058,Beauty,745.95
16059,Product_16059,Beauty,3553.27
16060,Product_16060,Furniture,3735.17
16061,Product_16061,Home & Kitchen,387.3
16062,Product_16062,Clothing,2037.5
16063,Product_16063,Sports,2626.44
16064,Product_16064,Clothing,2042.47
16065,Product_16065,Office Supplies,4506.98
16066,Product_16066,Office Supplies,2415.53
16067,Product_16067,Office Supplies,2662.22
16068,Product_16068,Electronics,3096.71
16069,Product_16069,Toys,1024.64
16070,Product_16070,Toys,3592.54
16071,Product_16071,Home & Kitchen,1635.92
16072,Product_16072,Furniture,4770.66
16073,Product_16073,Sports,456.59
16074,Product_16074,Electronics,880.36
16075,Product_16075,Furniture,2256.97
16076,Product_16076,Home & Kitchen,243.43
16077,Product_16077,Clothing,3076.85
16078,Product_16078,Sports,3437.63
16079,Product_16079,Clothing,3375.95
16080,Product_16080,Furniture,2820.31
16081,Product_16081,Beauty,1087.54
16082,Product_16082,Toys,4574.83
16083,Product_16083,Electronics,1349.65
16084,Product_16084,Electronics,1896.03
16085,Product_16085,Home & Kitchen,3933.27
16086,Product_16086,Toys,2972.06
16087,Product_16087,Beauty,4690.13
16088,Product_16088,Clothing,457.37
16089,Product_16089,Furniture,4823.61
16090,Product_16090,Clothing,2975.95
16091,Product_16091,Toys,3262.1
16092,Product_16092,Beauty,4060.5
16093,Product_16093,Office Supplies,2123.07
16094,Product_16094,Electronics,2860.87
16095,Product_16095,Clothing,3701.35
16096,Product_16096,Electronics,3257.33
16097,Product_16097,Beauty,3972.73
16098,Product_16098,Toys,4032.25
16099,Product_16099,Toys,2483.18
16100,Product_16100,Sports,324.57
16101,Product_16101,Toys,3310.75
16102,Product_16102,Furniture,705.47
16103,Product_16103,Beauty,3260.96
16104,Product_16104,Furniture,1971.06
16105,Product_16105,Toys,91.41
16106,Product_16106,Electronics,904.3
16107,Product_16107,Home & Kitchen,4691.85
16108,Product_16108,Furniture,2353.66
16109,Product_16109,Office Supplies,1129.45
16110,Product_16110,Office Supplies,3178.82
16111,Product_16111,Toys,2115.43
16112,Product_16112,Electronics,2820.79
16113,Product_16113,Toys,4378.3
16114,Product_16114,Clothing,3371.19
16115,Product_16115,Clothing,2911.52
16116,Product_16116,Sports,4218.73
16117,Product_16117,Furniture,1916.52
16118,Product_16118,Toys,321.37
16119,Product_16119,Clothing,3049.59
16120,Product_16120,Office Supplies,1134.54
16121,Product_16121,Furniture,3867.24
16122,Product_16122,Clothing,2177.4
16123,Product_16123,Toys,360.25
16124,Product_16124,Sports,1066.18
16125,Product_16125,Office Supplies,1688.16
16126,Product_16126,Furniture,2583.23
16127,Product_16127,Clothing,3285.33
16128,Product_16128,Office Supplies,4953.57
16129,Product_16129,Sports,3201.59
16130,Product_16130,Home & Kitchen,135.13
16131,Product_16131,Beauty,4384.25
16132,Product_16132,Office Supplies,2786.74
16133,Product_16133,Office Supplies,72.34
16134,Product_16134,Electronics,2017.98
16135,Product_16135,Beauty,2881.02
16136,Product_16136,Clothing,1875.47
16137,Product_16137,Toys,2534.81
16138,Product_16138,Beauty,1645.17
16139,Product_16139,Office Supplies,1948.46
16140,Product_16140,Clothing,2016.49
16141,Product_16141,Home & Kitchen,4342.99
16142,Product_16142,Office Supplies,2719.71
16143,Product_16143,Toys,661.06
16144,Product_16144,Toys,2885.79
16145,Product_16145,Home & Kitchen,4758.36
16146,Product_16146,Furniture,725.33
16147,Product_16147,Clothing,3138.79
16148,Product_16148,Beauty,332.15
16149,Product_16149,Toys,1645.98
16150,Product_16150,Clothing,2864.17
16151,Product_16151,Home & Kitchen,545.44
16152,Product_16152,Toys,1039.5
16153,Product_16153,Toys,3496.86
16154,Product_16154,Furniture,4192.48
16155,Product_16155,Toys,1275.45
16156,Product_16156,Toys,1587.67
16157,Product_16157,Beauty,4821.14
16158,Product_16158,Home & Kitchen,4594.27
16159,Product_16159,Office Supplies,636.66
16160,Product_16160,Home & Kitchen,1787.16
16161,Product_16161,Office Supplies,1123.39
16162,Product_16162,Home & Kitchen,214.63
16163,Product_16163,Electronics,3051.32
16164,Product_16164,Toys,2516.0
16165,Product_16165,Sports,806.06
16166,Product_16166,Furniture,1740.1
16167,Product_16167,Furniture,59.67
16168,Product_16168,Clothing,81.99
16169,Product_16169,Beauty,333.75
16170,Product_16170,Furniture,872.42
16171,Product_16171,Office Supplies,2875.3
16172,Product_16172,Office Supplies,288.99
16173,Product_16173,Electronics,2643.12
16174,Product_16174,Sports,1341.83
16175,Product_16175,Clothing,3186.06
16176,Product_16176,Toys,734.63
16177,Product_16177,Toys,3269.3
16178,Product_16178,Office Supplies,3787.76
16179,Product_16179,Clothing,1586.53
16180,Product_16180,Home & Kitchen,778.34
16181,Product_16181,Toys,3658.23
16182,Product_16182,Home & Kitchen,3173.97
16183,Product_16183,Office Supplies,1132.11
16184,Product_16184,Sports,1551.95
16185,Product_16185,Office Supplies,4025.78
16186,Product_16186,Sports,2062.32
16187,Product_16187,Home & Kitchen,2170.47
16188,Product_16188,Furniture,2948.11
16189,Product_16189,Electronics,2196.65
16190,Product_16190,Beauty,2986.63
16191,Product_16191,Electronics,2893.6
16192,Product_16192,Office Supplies,143.91
16193,Product_16193,Sports,4344.89
16194,Product_16194,Clothing,2443.54
16195,Product_16195,Electronics,960.25
16196,Product_16196,Office Supplies,845.69
16197,Product_16197,Electronics,1505.81
16198,Product_16198,Office Supplies,781.66
16199,Product_16199,Beauty,989.64
16200,Product_16200,Office Supplies,2512.9
16201,Product_16201,Clothing,4113.71
16202,Product_16202,Clothing,707.89
16203,Product_16203,Electronics,116.99
16204,Product_16204,Office Supplies,4595.65
16205,Product_16205,Furniture,2403.89
16206,Product_16206,Office Supplies,3463.68
16207,Product_16207,Clothing,3705.84
16208,Product_16208,Electronics,2322.96
16209,Product_16209,Clothing,2953.59
16210,Product_16210,Electronics,4130.29
16211,Product_16211,Sports,45.72
16212,Product_16212,Beauty,2315.76
16213,Product_16213,Beauty,2967.66
16214,Product_16214,Furniture,2776.2
16215,Product_16215,Electronics,4149.27
16216,Product_16216,Toys,4718.0
16217,Product_16217,Beauty,4510.87
16218,Product_16218,Home & Kitchen,468.51
16219,Product_16219,Beauty,4606.66
16220,Product_16220,Beauty,2329.53
16221,Product_16221,Home & Kitchen,4804.24
16222,Product_16222,Beauty,90.76
16223,Product_16223,Sports,4398.2
16224,Product_16224,Furniture,2886.64
16225,Product_16225,Clothing,4561.9
16226,Product_16226,Beauty,1308.2
16227,Product_16227,Office Supplies,299.93
16228,Product_16228,Sports,4352.38
16229,Product_16229,Home & Kitchen,2775.58
16230,Product_16230,Beauty,3560.48
16231,Product_16231,Electronics,315.29
16232,Product_16232,Clothing,3097.8
16233,Product_16233,Home & Kitchen,3571.81
16234,Product_16234,Beauty,1141.45
16235,Product_16235,Home & Kitchen,3603.24
16236,Product_16236,Home & Kitchen,1947.62
16237,Product_16237,Clothing,2719.52
16238,Product_16238,Office Supplies,1624.7
16239,Product_16239,Beauty,476.42
16240,Product_16240,Clothing,4269.47
16241,Product_16241,Beauty,673.12
16242,Product_16242,Sports,1621.3
16243,Product_16243,Electronics,2822.52
16244,Product_16244,Home & Kitchen,524.57
16245,Product_16245,Electronics,2530.38
16246,Product_16246,Office Supplies,2260.82
16247,Product_16247,Sports,557.7
16248,Product_16248,Furniture,4814.18
16249,Product_16249,Clothing,4442.77
16250,Product_16250,Electronics,2871.17
16251,Product_16251,Electronics,44.1
16252,Product_16252,Sports,4348.38
16253,Product_16253,Beauty,254.64
16254,Product_16254,Sports,1536.07
16255,Product_16255,Sports,2735.09
16256,Product_16256,Electronics,4716.48
16257,Product_16257,Office Supplies,1099.63
16258,Product_16258,Office Supplies,330.62
16259,Product_16259,Beauty,1312.67
16260,Product_16260,Beauty,107.09
16261,Product_16261,Toys,4051.32
16262,Product_16262,Office Supplies,2814.52
16263,Product_16263,Home & Kitchen,985.39
16264,Product_16264,Office Supplies,2081.96
16265,Product_16265,Office Supplies,1299.6
16266,Product_16266,Toys,4161.63
16267,Product_16267,Office Supplies,3499.95
16268,Product_16268,Clothing,2469.56
16269,Product_16269,Home & Kitchen,1916.36
16270,Product_16270,Clothing,318.03
16271,Product_16271,Toys,1822.85
16272,Product_16272,Toys,2340.73
16273,Product_16273,Electronics,2789.07
16274,Product_16274,Office Supplies,3026.36
16275,Product_16275,Toys,2086.61
16276,Product_16276,Toys,537.7
16277,Product_16277,Home & Kitchen,3671.48
16278,Product_16278,Home & Kitchen,246.0
16279,Product_16279,Office Supplies,2115.65
16280,Product_16280,Beauty,3796.35
16281,Product_16281,Electronics,2090.96
16282,Product_16282,Office Supplies,334.27
16283,Product_16283,Electronics,2570.08
16284,Product_16284,Clothing,2699.52
16285,Product_16285,Beauty,255.11
16286,Product_16286,Electronics,1707.12
16287,Product_16287,Sports,1921.4
16288,Product_16288,Beauty,4812.31
16289,Product_16289,Beauty,3456.46
16290,Product_16290,Electronics,4475.49
16291,Product_16291,Clothing,3740.75
16292,Product_16292,Office Supplies,2591.81
16293,Product_16293,Office Supplies,2936.45
16294,Product_16294,Office Supplies,2743.34
16295,Product_16295,Office Supplies,955.73
16296,Product_16296,Toys,3441.08
16297,Product_16297,Clothing,3614.29
16298,Product_16298,Clothing,2672.9
16299,Product_16299,Electronics,4545.53
16300,Product_16300,Sports,2427.6
16301,Product_16301,Toys,1337.28
16302,Product_16302,Clothing,553.02
16303,Product_16303,Office Supplies,1467.39
16304,Product_16304,Furniture,984.97
16305,Product_16305,Office Supplies,43.53
16306,Product_16306,Toys,3530.61
16307,Product_16307,Beauty,1262.38
16308,Product_16308,Beauty,1653.59
16309,Product_16309,Clothing,1654.55
16310,Product_16310,Toys,1376.26
16311,Product_16311,Sports,952.85
16312,Product_16312,Beauty,4488.39
16313,Product_16313,Beauty,1202.2
16314,Product_16314,Clothing,3461.7
16315,Product_16315,Home & Kitchen,687.94
16316,Product_16316,Beauty,981.83
16317,Product_16317,Electronics,2731.47
16318,Product_16318,Toys,655.68
16319,Product_16319,Toys,4329.67
16320,Product_16320,Sports,2376.6
16321,Product_16321,Office Supplies,1650.72
16322,Product_16322,Sports,1617.91
16323,Product_16323,Electronics,1405.26
16324,Product_16324,Furniture,3271.06
16325,Product_16325,Beauty,3374.64
16326,Product_16326,Clothing,1001.24
16327,Product_16327,Furniture,4582.49
16328,Product_16328,Toys,3133.12
16329,Product_16329,Beauty,4986.18
16330,Product_16330,Beauty,3094.02
16331,Product_16331,Toys,360.31
16332,Product_16332,Sports,1117.21
16333,Product_16333,Toys,1818.54
16334,Product_16334,Clothing,2161.33
16335,Product_16335,Clothing,1590.01
16336,Product_16336,Furniture,3292.78
16337,Product_16337,Clothing,441.21
16338,Product_16338,Sports,4545.29
16339,Product_16339,Beauty,4915.23
16340,Product_16340,Furniture,2590.38
16341,Product_16341,Electronics,1283.66
16342,Product_16342,Home & Kitchen,3109.66
16343,Product_16343,Toys,3569.75
16344,Product_16344,Home & Kitchen,2136.01
16345,Product_16345,Home & Kitchen,2604.55
16346,Product_16346,Toys,668.54
16347,Product_16347,Clothing,2161.69
16348,Product_16348,Electronics,4302.94
16349,Product_16349,Home & Kitchen,3372.73
16350,Product_16350,Sports,4882.5
16351,Product_16351,Clothing,2604.12
16352,Product_16352,Beauty,3059.68
16353,Product_16353,Beauty,1308.33
16354,Product_16354,Furniture,4860.13
16355,Product_16355,Toys,2715.13
16356,Product_16356,Office Supplies,3468.89
16357,Product_16357,Office Supplies,4366.43
16358,Product_16358,Office Supplies,3684.2
16359,Product_16359,Office Supplies,620.58
16360,Product_16360,Home & Kitchen,3979.81
16361,Product_16361,Office Supplies,1815.13
16362,Product_16362,Beauty,2490.47
16363,Product_16363,Clothing,4764.1
16364,Product_16364,Office Supplies,860.51
16365,Product_16365,Sports,324.69
16366,Product_16366,Sports,2572.26
16367,Product_16367,Furniture,4077.64
16368,Product_16368,Home & Kitchen,2231.88
16369,Product_16369,Beauty,4559.28
16370,Product_16370,Electronics,1012.06
16371,Product_16371,Furniture,2219.19
16372,Product_16372,Toys,1000.88
16373,Product_16373,Office Supplies,362.09
16374,Product_16374,Home & Kitchen,4274.0
16375,Product_16375,Home & Kitchen,925.02
16376,Product_16376,Furniture,1277.59
16377,Product_16377,Beauty,3748.62
16378,Product_16378,Electronics,599.48
16379,Product_16379,Sports,540.49
16380,Product_16380,Office Supplies,1794.5
16381,Product_16381,Electronics,1221.0
16382,Product_16382,Furniture,3961.53
16383,Product_16383,Office Supplies,3691.79
16384,Product_16384,Sports,846.55
16385,Product_16385,Electronics,3688.09
16386,Product_16386,Toys,4660.89
16387,Product_16387,Clothing,3731.84
16388,Product_16388,Furniture,4906.96
16389,Product_16389,Beauty,2720.1
16390,Product_16390,Furniture,1423.19
16391,Product_16391,Sports,1143.02
16392,Product_16392,Home & Kitchen,4753.3
16393,Product_16393,Office Supplies,858.05
16394,Product_16394,Furniture,792.52
16395,Product_16395,Beauty,814.02
16396,Product_16396,Office Supplies,720.63
16397,Product_16397,Office Supplies,3392.12
16398,Product_16398,Clothing,2044.22
16399,Product_16399,Electronics,3113.36
16400,Product_16400,Clothing,3198.48
16401,Product_16401,Clothing,2907.55
16402,Product_16402,Office Supplies,3342.88
16403,Product_16403,Electronics,2352.81
16404,Product_16404,Beauty,4915.7
16405,Product_16405,Beauty,2379.5
16406,Product_16406,Furniture,1847.14
16407,Product_16407,Office Supplies,1413.93
16408,Product_16408,Home & Kitchen,2644.52
16409,Product_16409,Office Supplies,4879.43
16410,Product_16410,Toys,3044.39
16411,Product_16411,Office Supplies,2612.6
16412,Product_16412,Home & Kitchen,704.24
16413,Product_16413,Toys,388.9
16414,Product_16414,Toys,1534.35
16415,Product_16415,Toys,529.27
16416,Product_16416,Beauty,966.6
16417,Product_16417,Electronics,2434.12
16418,Product_16418,Sports,2653.42
16419,Product_16419,Sports,4419.73
16420,Product_16420,Office Supplies,2026.0
16421,Product_16421,Office Supplies,4322.03
16422,Product_16422,Sports,2567.45
16423,Product_16423,Clothing,3245.09
16424,Product_16424,Home & Kitchen,2323.28
16425,Product_16425,Office Supplies,1114.49
16426,Product_16426,Home & Kitchen,909.98
16427,Product_16427,Sports,856.74
16428,Product_16428,Furniture,972.42
16429,Product_16429,Electronics,178.19
16430,Product_16430,Electronics,577.44
16431,Product_16431,Furniture,2169.21
16432,Product_16432,Electronics,4148.76
16433,Product_16433,Office Supplies,816.03
16434,Product_16434,Home & Kitchen,3126.55
16435,Product_16435,Clothing,1179.64
16436,Product_16436,Office Supplies,1324.97
16437,Product_16437,Electronics,740.1
16438,Product_16438,Electronics,1758.77
16439,Product_16439,Clothing,113.58
16440,Product_16440,Electronics,3343.65
16441,Product_16441,Toys,3920.78
16442,Product_16442,Office Supplies,4301.93
16443,Product_16443,Home & Kitchen,2491.29
16444,Product_16444,Sports,1948.63
16445,Product_16445,Sports,4060.34
16446,Product_16446,Furniture,4156.02
16447,Product_16447,Sports,1428.63
16448,Product_16448,Sports,610.11
16449,Product_16449,Beauty,1293.18
16450,Product_16450,Office Supplies,2843.67
16451,Product_16451,Beauty,2098.42
16452,Product_16452,Toys,2539.61
16453,Product_16453,Electronics,571.97
16454,Product_16454,Clothing,1024.35
16455,Product_16455,Home & Kitchen,4089.18
16456,Product_16456,Sports,3231.49
16457,Product_16457,Toys,361.4
16458,Product_16458,Beauty,76.84
16459,Product_16459,Furniture,86.76
16460,Product_16460,Toys,3771.33
16461,Product_16461,Home & Kitchen,1414.6
16462,Product_16462,Furniture,4871.5
16463,Product_16463,Clothing,2603.46
16464,Product_16464,Sports,4400.74
16465,Product_16465,Sports,2377.0
16466,Product_16466,Office Supplies,2702.64
16467,Product_16467,Toys,2012.14
16468,Product_16468,Beauty,3114.94
16469,Product_16469,Beauty,4519.19
16470,Product_16470,Furniture,1222.89
16471,Product_16471,Beauty,2151.06
16472,Product_16472,Clothing,2926.11
16473,Product_16473,Furniture,2890.62
16474,Product_16474,Beauty,4630.89
16475,Product_16475,Sports,3393.39
16476,Product_16476,Toys,2059.65
16477,Product_16477,Electronics,2249.47
16478,Product_16478,Sports,1676.71
16479,Product_16479,Electronics,3907.58
16480,Product_16480,Office Supplies,1544.58
16481,Product_16481,Electronics,1585.29
16482,Product_16482,Home & Kitchen,2502.73
16483,Product_16483,Sports,3506.04
16484,Product_16484,Electronics,340.44
16485,Product_16485,Electronics,2410.26
16486,Product_16486,Electronics,2134.06
16487,Product_16487,Furniture,4060.44
16488,Product_16488,Home & Kitchen,3644.42
16489,Product_16489,Clothing,4342.66
16490,Product_16490,Furniture,1665.37
16491,Product_16491,Office Supplies,1118.76
16492,Product_16492,Sports,713.95
16493,Product_16493,Office Supplies,1937.45
16494,Product_16494,Furniture,4103.95
16495,Product_16495,Clothing,1102.27
16496,Product_16496,Furniture,2609.27
16497,Product_16497,Furniture,4964.26
16498,Product_16498,Beauty,3126.96
16499,Product_16499,Clothing,2889.9
16500,Product_16500,Office Supplies,3213.94
16501,Product_16501,Sports,3855.84
16502,Product_16502,Beauty,4108.5
16503,Product_16503,Office Supplies,3387.68
16504,Product_16504,Office Supplies,296.75
16505,Product_16505,Home & Kitchen,2513.29
16506,Product_16506,Toys,1193.27
16507,Product_16507,Sports,1821.8
16508,Product_16508,Sports,1698.12
16509,Product_16509,Toys,2922.3
16510,Product_16510,Office Supplies,3099.43
16511,Product_16511,Toys,4586.27
16512,Product_16512,Sports,1201.19
16513,Product_16513,Clothing,299.51
16514,Product_16514,Home & Kitchen,3607.84
16515,Product_16515,Toys,1073.6
16516,Product_16516,Electronics,4114.15
16517,Product_16517,Furniture,3457.55
16518,Product_16518,Clothing,3320.29
16519,Product_16519,Home & Kitchen,3462.65
16520,Product_16520,Home & Kitchen,4016.69
16521,Product_16521,Furniture,4552.58
16522,Product_16522,Clothing,496.66
16523,Product_16523,Sports,3237.62
16524,Product_16524,Clothing,4272.36
16525,Product_16525,Home & Kitchen,18.68
16526,Product_16526,Home & Kitchen,850.85
16527,Product_16527,Toys,4354.48
16528,Product_16528,Toys,4541.37
16529,Product_16529,Office Supplies,846.65
16530,Product_16530,Sports,3541.17
16531,Product_16531,Electronics,3144.6
16532,Product_16532,Home & Kitchen,1522.73
16533,Product_16533,Beauty,4963.99
16534,Product_16534,Home & Kitchen,1740.37
16535,Product_16535,Toys,1315.89
16536,Product_16536,Home & Kitchen,4413.3
16537,Product_16537,Toys,4800.61
16538,Product_16538,Clothing,3609.55
16539,Product_16539,Sports,3004.51
16540,Product_16540,Electronics,4583.47
16541,Product_16541,Clothing,4435.36
16542,Product_16542,Toys,3880.76
16543,Product_16543,Clothing,55.47
16544,Product_16544,Sports,365.86
16545,Product_16545,Clothing,1934.34
16546,Product_16546,Clothing,831.37
16547,Product_16547,Toys,409.42
16548,Product_16548,Clothing,3711.72
16549,Product_16549,Clothing,471.53
16550,Product_16550,Electronics,85.27
16551,Product_16551,Clothing,1128.25
16552,Product_16552,Beauty,4573.29
16553,Product_16553,Sports,1636.8
16554,Product_16554,Office Supplies,3193.72
16555,Product_16555,Home & Kitchen,3471.69
16556,Product_16556,Furniture,4682.24
16557,Product_16557,Home & Kitchen,77.44
16558,Product_16558,Electronics,4892.73
16559,Product_16559,Toys,55.59
16560,Product_16560,Electronics,4529.58
16561,Product_16561,Electronics,3655.59
16562,Product_16562,Clothing,874.12
16563,Product_16563,Home & Kitchen,4264.64
16564,Product_16564,Toys,3586.64
16565,Product_16565,Home & Kitchen,2439.86
16566,Product_16566,Home & Kitchen,2601.75
16567,Product_16567,Clothing,234.89
16568,Product_16568,Office Supplies,4707.39
16569,Product_16569,Home & Kitchen,3566.18
16570,Product_16570,Furniture,1473.73
16571,Product_16571,Sports,2679.81
16572,Product_16572,Electronics,1599.2
16573,Product_16573,Toys,3785.15
16574,Product_16574,Electronics,1440.67
16575,Product_16575,Office Supplies,640.28
16576,Product_16576,Electronics,3234.23
16577,Product_16577,Furniture,4555.95
16578,Product_16578,Beauty,3499.42
16579,Product_16579,Electronics,621.69
16580,Product_16580,Office Supplies,3513.28
16581,Product_16581,Beauty,2897.9
16582,Product_16582,Beauty,783.55
16583,Product_16583,Electronics,1320.93
16584,Product_16584,Office Supplies,3320.06
16585,Product_16585,Sports,4648.46
16586,Product_16586,Clothing,222.78
16587,Product_16587,Office Supplies,1154.02
16588,Product_16588,Sports,2427.25
16589,Product_16589,Toys,2840.48
16590,Product_16590,Toys,4478.85
16591,Product_16591,Electronics,3267.18
16592,Product_16592,Clothing,368.81
16593,Product_16593,Furniture,1901.25
16594,Product_16594,Beauty,926.05
16595,Product_16595,Office Supplies,1608.01
16596,Product_16596,Sports,600.33
16597,Product_16597,Sports,1938.81
16598,Product_16598,Home & Kitchen,4831.81
16599,Product_16599,Furniture,3846.06
16600,Product_16600,Toys,3052.81
16601,Product_16601,Electronics,4880.92
16602,Product_16602,Sports,379.54
16603,Product_16603,Electronics,2905.93
16604,Product_16604,Beauty,4718.96
16605,Product_16605,Office Supplies,2480.12
16606,Product_16606,Toys,3679.63
16607,Product_16607,Furniture,429.06
16608,Product_16608,Sports,4851.49
16609,Product_16609,Beauty,1523.02
16610,Product_16610,Clothing,1371.51
16611,Product_16611,Beauty,4622.97
16612,Product_16612,Toys,451.18
16613,Product_16613,Furniture,3797.95
16614,Product_16614,Furniture,176.25
16615,Product_16615,Office Supplies,536.62
16616,Product_16616,Home & Kitchen,3608.21
16617,Product_16617,Clothing,820.86
16618,Product_16618,Toys,1860.71
16619,Product_16619,Toys,3873.97
16620,Product_16620,Home & Kitchen,3931.38
16621,Product_16621,Clothing,4863.47
16622,Product_16622,Toys,3051.45
16623,Product_16623,Home & Kitchen,4758.26
16624,Product_16624,Electronics,1339.56
16625,Product_16625,Clothing,445.48
16626,Product_16626,Furniture,3914.69
16627,Product_16627,Furniture,1979.78
16628,Product_16628,Electronics,1426.71
16629,Product_16629,Clothing,3317.96
16630,Product_16630,Clothing,4477.79
16631,Product_16631,Toys,4915.76
16632,Product_16632,Beauty,4854.18
16633,Product_16633,Toys,1691.84
16634,Product_16634,Furniture,4552.95
16635,Product_16635,Electronics,1297.51
16636,Product_16636,Office Supplies,3420.48
16637,Product_16637,Beauty,4365.39
16638,Product_16638,Office Supplies,1207.46
16639,Product_16639,Electronics,4161.54
16640,Product_16640,Beauty,2303.32
16641,Product_16641,Toys,596.31
16642,Product_16642,Sports,2181.31
16643,Product_16643,Toys,903.38
16644,Product_16644,Beauty,4039.17
16645,Product_16645,Beauty,3270.0
16646,Product_16646,Clothing,622.87
16647,Product_16647,Clothing,4091.36
16648,Product_16648,Furniture,4710.22
16649,Product_16649,Sports,3463.34
16650,Product_16650,Sports,411.87
16651,Product_16651,Beauty,2580.25
16652,Product_16652,Clothing,2302.23
16653,Product_16653,Beauty,12.32
16654,Product_16654,Sports,3514.3
16655,Product_16655,Office Supplies,3590.92
16656,Product_16656,Office Supplies,2807.14
16657,Product_16657,Sports,3415.03
16658,Product_16658,Clothing,2494.15
16659,Product_16659,Clothing,1141.11
16660,Product_16660,Office Supplies,4903.02
16661,Product_16661,Furniture,1812.53
16662,Product_16662,Sports,4487.19
16663,Product_16663,Furniture,4014.72
16664,Product_16664,Beauty,2385.97
16665,Product_16665,Home & Kitchen,2752.92
16666,Product_16666,Sports,1250.16
16667,Product_16667,Sports,474.12
16668,Product_16668,Beauty,2680.58
16669,Product_16669,Electronics,3904.46
16670,Product_16670,Home & Kitchen,4867.29
16671,Product_16671,Furniture,2365.07
16672,Product_16672,Beauty,2221.55
16673,Product_16673,Toys,1188.44
16674,Product_16674,Furniture,1785.88
16675,Product_16675,Home & Kitchen,3307.97
16676,Product_16676,Beauty,561.22
16677,Product_16677,Furniture,3152.34
16678,Product_16678,Furniture,4670.7
16679,Product_16679,Office Supplies,3457.37
16680,Product_16680,Toys,2709.92
16681,Product_16681,Furniture,391.69
16682,Product_16682,Electronics,2802.37
16683,Product_16683,Toys,2668.58
16684,Product_16684,Beauty,4437.48
16685,Product_16685,Furniture,272.73
16686,Product_16686,Electronics,4847.88
16687,Product_16687,Clothing,3982.3
16688,Product_16688,Toys,4662.65
16689,Product_16689,Clothing,1921.7
16690,Product_16690,Toys,3820.12
16691,Product_16691,Beauty,3359.97
16692,Product_16692,Furniture,1710.59
16693,Product_16693,Sports,3156.11
16694,Product_16694,Beauty,4187.6
16695,Product_16695,Sports,3425.6
16696,Product_16696,Toys,1783.12
16697,Product_16697,Beauty,173.33
16698,Product_16698,Toys,4031.14
16699,Product_16699,Home & Kitchen,2616.91
16700,Product_16700,Office Supplies,1950.34
16701,Product_16701,Sports,471.66
16702,Product_16702,Beauty,4786.79
16703,Product_16703,Electronics,4963.03
16704,Product_16704,Sports,2091.92
16705,Product_16705,Office Supplies,2564.94
16706,Product_16706,Toys,88.36
16707,Product_16707,Home & Kitchen,2839.86
16708,Product_16708,Electronics,4259.5
16709,Product_16709,Office Supplies,3102.31
16710,Product_16710,Home & Kitchen,93.76
16711,Product_16711,Sports,1224.64
16712,Product_16712,Clothing,2232.41
16713,Product_16713,Toys,3460.65
16714,Product_16714,Home & Kitchen,2380.89
16715,Product_16715,Toys,314.02
16716,Product_16716,Furniture,1256.16
16717,Product_16717,Clothing,162.81
16718,Product_16718,Furniture,2367.8
16719,Product_16719,Electronics,3557.91
16720,Product_16720,Electronics,2105.06
16721,Product_16721,Clothing,4604.21
16722,Product_16722,Home & Kitchen,4480.49
16723,Product_16723,Office Supplies,3660.6
16724,Product_16724,Electronics,3225.37
16725,Product_16725,Toys,3734.42
16726,Product_16726,Home & Kitchen,658.5
16727,Product_16727,Beauty,307.61
16728,Product_16728,Clothing,1612.12
16729,Product_16729,Furniture,607.51
16730,Product_16730,Clothing,2994.93
16731,Product_16731,Toys,3025.2
16732,Product_16732,Furniture,483.22
16733,Product_16733,Beauty,3245.64
16734,Product_16734,Furniture,542.81
16735,Product_16735,Furniture,4456.55
16736,Product_16736,Sports,723.11
16737,Product_16737,Home & Kitchen,1663.74
16738,Product_16738,Clothing,3888.63
16739,Product_16739,Beauty,4132.36
16740,Product_16740,Clothing,1926.28
16741,Product_16741,Office Supplies,1072.49
16742,Product_16742,Home & Kitchen,3741.93
16743,Product_16743,Home & Kitchen,3203.84
16744,Product_16744,Electronics,2988.78
16745,Product_16745,Electronics,3393.22
16746,Product_16746,Sports,1122.37
16747,Product_16747,Home & Kitchen,311.02
16748,Product_16748,Beauty,3546.97
16749,Product_16749,Office Supplies,449.65
16750,Product_16750,Beauty,860.87
16751,Product_16751,Home & Kitchen,4389.2
16752,Product_16752,Electronics,3420.58
16753,Product_16753,Toys,779.9
16754,Product_16754,Beauty,4187.79
16755,Product_16755,Toys,3093.6
16756,Product_16756,Clothing,955.82
16757,Product_16757,Electronics,3399.01
16758,Product_16758,Toys,2989.33
16759,Product_16759,Toys,1601.87
16760,Product_16760,Office Supplies,4967.68
16761,Product_16761,Office Supplies,2313.16
16762,Product_16762,Beauty,4032.54
16763,Product_16763,Toys,3579.2
16764,Product_16764,Furniture,2201.39
16765,Product_16765,Toys,1475.43
16766,Product_16766,Sports,1480.42
16767,Product_16767,Office Supplies,444.64
16768,Product_16768,Beauty,1275.59
16769,Product_16769,Office Supplies,1550.43
16770,Product_16770,Electronics,2693.72
16771,Product_16771,Sports,244.68
16772,Product_16772,Home & Kitchen,104.1
16773,Product_16773,Beauty,4159.48
16774,Product_16774,Electronics,1801.83
16775,Product_16775,Electronics,4547.98
16776,Product_16776,Clothing,1261.78
16777,Product_16777,Office Supplies,1262.68
16778,Product_16778,Home & Kitchen,1333.7
16779,Product_16779,Sports,4435.8
16780,Product_16780,Office Supplies,956.15
16781,Product_16781,Furniture,4741.87
16782,Product_16782,Office Supplies,2277.4
16783,Product_16783,Toys,2781.5
16784,Product_16784,Furniture,2083.63
16785,Product_16785,Office Supplies,4484.3
16786,Product_16786,Sports,1941.74
16787,Product_16787,Clothing,4968.0
16788,Product_16788,Electronics,1976.42
16789,Product_16789,Home & Kitchen,831.33
16790,Product_16790,Home & Kitchen,3674.83
16791,Product_16791,Toys,4011.57
16792,Product_16792,Home & Kitchen,4561.65
16793,Product_16793,Clothing,1704.66
16794,Product_16794,Toys,2830.96
16795,Product_16795,Office Supplies,3474.98
16796,Product_16796,Furniture,4884.1
16797,Product_16797,Home & Kitchen,4425.46
16798,Product_16798,Home & Kitchen,4258.43
16799,Product_16799,Clothing,3498.23
16800,Product_16800,Home & Kitchen,1290.28
16801,Product_16801,Toys,3651.57
16802,Product_16802,Sports,4032.31
16803,Product_16803,Toys,247.71
16804,Product_16804,Clothing,4434.47
16805,Product_16805,Home & Kitchen,3107.82
16806,Product_16806,Toys,2010.13
16807,Product_16807,Beauty,4467.13
16808,Product_16808,Toys,1272.07
16809,Product_16809,Electronics,3482.42
16810,Product_16810,Furniture,3574.89
16811,Product_16811,Sports,2799.83
16812,Product_16812,Toys,4799.76
16813,Product_16813,Office Supplies,1527.84
16814,Product_16814,Furniture,4874.03
16815,Product_16815,Toys,3765.03
16816,Product_16816,Home & Kitchen,1782.25
16817,Product_16817,Clothing,1103.99
16818,Product_16818,Furniture,509.36
16819,Product_16819,Office Supplies,3825.34
16820,Product_16820,Toys,235.06
16821,Product_16821,Home & Kitchen,2840.27
16822,Product_16822,Clothing,1489.88
16823,Product_16823,Home & Kitchen,296.48
16824,Product_16824,Beauty,2778.91
16825,Product_16825,Home & Kitchen,1962.99
16826,Product_16826,Home & Kitchen,873.8
16827,Product_16827,Office Supplies,3912.01
16828,Product_16828,Office Supplies,4252.93
16829,Product_16829,Electronics,4539.02
16830,Product_16830,Furniture,154.65
16831,Product_16831,Furniture,803.52
16832,Product_16832,Toys,38.97
16833,Product_16833,Home & Kitchen,1197.13
16834,Product_16834,Home & Kitchen,2423.79
16835,Product_16835,Electronics,317.41
16836,Product_16836,Electronics,1485.33
16837,Product_16837,Clothing,2672.4
16838,Product_16838,Toys,4795.29
16839,Product_16839,Beauty,1663.33
16840,Product_16840,Furniture,85.91
16841,Product_16841,Office Supplies,16.12
16842,Product_16842,Home & Kitchen,3072.84
16843,Product_16843,Clothing,2660.54
16844,Product_16844,Clothing,1472.03
16845,Product_16845,Sports,394.73
16846,Product_16846,Home & Kitchen,4946.73
16847,Product_16847,Office Supplies,3997.72
16848,Product_16848,Toys,2797.86
16849,Product_16849,Furniture,4879.96
16850,Product_16850,Beauty,527.15
16851,Product_16851,Sports,962.81
16852,Product_16852,Electronics,3106.02
16853,Product_16853,Furniture,4500.47
16854,Product_16854,Office Supplies,4036.81
16855,Product_16855,Sports,4525.04
16856,Product_16856,Sports,1432.86
16857,Product_16857,Home & Kitchen,1960.0
16858,Product_16858,Electronics,4216.35
16859,Product_16859,Electronics,2197.08
16860,Product_16860,Toys,4073.66
16861,Product_16861,Electronics,107.42
16862,Product_16862,Beauty,2866.78
16863,Product_16863,Electronics,1609.09
16864,Product_16864,Home & Kitchen,1168.15
16865,Product_16865,Office Supplies,264.06
16866,Product_16866,Furniture,2927.45
16867,Product_16867,Clothing,1177.38
16868,Product_16868,Toys,3201.35
16869,Product_16869,Toys,2074.9
16870,Product_16870,Sports,3442.04
16871,Product_16871,Beauty,1425.71
16872,Product_16872,Office Supplies,217.02
16873,Product_16873,Beauty,1551.65
16874,Product_16874,Office Supplies,4701.46
16875,Product_16875,Clothing,3437.19
16876,Product_16876,Clothing,3042.16
16877,Product_16877,Electronics,542.7
16878,Product_16878,Clothing,4959.83
16879,Product_16879,Sports,4575.57
16880,Product_16880,Electronics,4113.18
16881,Product_16881,Beauty,4201.49
16882,Product_16882,Toys,4128.21
16883,Product_16883,Home & Kitchen,1367.67
16884,Product_16884,Clothing,4997.2
16885,Product_16885,Electronics,323.49
16886,Product_16886,Beauty,685.3
16887,Product_16887,Electronics,1490.18
16888,Product_16888,Furniture,4453.72
16889,Product_16889,Home & Kitchen,4624.09
16890,Product_16890,Office Supplies,3959.89
16891,Product_16891,Office Supplies,4724.81
16892,Product_16892,Sports,110.04
16893,Product_16893,Toys,3299.43
16894,Product_16894,Office Supplies,4569.31
16895,Product_16895,Beauty,888.7
16896,Product_16896,Furniture,3502.01
16897,Product_16897,Furniture,1742.1
16898,Product_16898,Office Supplies,3489.6
16899,Product_16899,Toys,732.15
16900,Product_16900,Sports,1735.06
16901,Product_16901,Beauty,1645.07
16902,Product_16902,Electronics,206.8
16903,Product_16903,Office Supplies,3299.17
16904,Product_16904,Sports,2611.08
16905,Product_16905,Electronics,3276.14
16906,Product_16906,Home & Kitchen,4667.25
16907,Product_16907,Toys,3692.15
16908,Product_16908,Home & Kitchen,1250.3
16909,Product_16909,Home & Kitchen,4823.35
16910,Product_16910,Furniture,2193.72
16911,Product_16911,Electronics,4669.96
16912,Product_16912,Beauty,3539.11
16913,Product_16913,Home & Kitchen,4979.13
16914,Product_16914,Furniture,3046.69
16915,Product_16915,Toys,3166.04
16916,Product_16916,Beauty,2638.86
16917,Product_16917,Home & Kitchen,3481.47
16918,Product_16918,Electronics,512.55
16919,Product_16919,Sports,2402.26
16920,Product_16920,Furniture,1864.97
16921,Product_16921,Sports,2395.71
16922,Product_16922,Home & Kitchen,4582.79
16923,Product_16923,Furniture,2148.84
16924,Product_16924,Toys,451.5
16925,Product_16925,Toys,3286.22
16926,Product_16926,Home & Kitchen,922.95
16927,Product_16927,Office Supplies,726.67
16928,Product_16928,Furniture,2934.42
16929,Product_16929,Electronics,2924.03
16930,Product_16930,Clothing,1409.97
16931,Product_16931,Toys,3254.88
16932,Product_16932,Electronics,1733.05
16933,Product_16933,Home & Kitchen,1904.23
16934,Product_16934,Furniture,270.0
16935,Product_16935,Toys,2386.22
16936,Product_16936,Clothing,3494.75
16937,Product_16937,Toys,4737.5
16938,Product_16938,Office Supplies,1334.06
16939,Product_16939,Toys,4247.5
16940,Product_16940,Beauty,1032.37
16941,Product_16941,Sports,2830.65
16942,Product_16942,Beauty,3305.77
16943,Product_16943,Toys,3981.49
16944,Product_16944,Office Supplies,186.47
16945,Product_16945,Home & Kitchen,334.75
16946,Product_16946,Clothing,3199.01
16947,Product_16947,Electronics,1588.28
16948,Product_16948,Toys,253.1
16949,Product_16949,Furniture,1833.99
16950,Product_16950,Home & Kitchen,302.81
16951,Product_16951,Clothing,4695.77
16952,Product_16952,Furniture,2201.63
16953,Product_16953,Office Supplies,3133.89
16954,Product_16954,Furniture,3987.63
16955,Product_16955,Clothing,1240.47
16956,Product_16956,Clothing,3023.41
16957,Product_16957,Clothing,2982.83
16958,Product_16958,Clothing,1790.79
16959,Product_16959,Electronics,2129.01
16960,Product_16960,Home & Kitchen,1734.77
16961,Product_16961,Toys,4563.1
16962,Product_16962,Clothing,4347.26
16963,Product_16963,Clothing,2055.96
16964,Product_16964,Toys,128.58
16965,Product_16965,Furniture,3080.22
16966,Product_16966,Toys,2413.56
16967,Product_16967,Clothing,2611.62
16968,Product_16968,Beauty,361.42
16969,Product_16969,Toys,3271.06
16970,Product_16970,Office Supplies,315.75
16971,Product_16971,Beauty,1777.61
16972,Product_16972,Office Supplies,2787.08
16973,Product_16973,Clothing,2165.48
16974,Product_16974,Office Supplies,2821.36
16975,Product_16975,Clothing,4147.06
16976,Product_16976,Electronics,1580.71
16977,Product_16977,Furniture,4977.92
16978,Product_16978,Furniture,360.46
16979,Product_16979,Office Supplies,1110.33
16980,Product_16980,Furniture,3032.71
16981,Product_16981,Clothing,898.11
16982,Product_16982,Sports,3772.45
16983,Product_16983,Sports,1267.54
16984,Product_16984,Sports,4749.0
16985,Product_16985,Toys,2910.19
16986,Product_16986,Furniture,2686.46
16987,Product_16987,Electronics,1223.47
16988,Product_16988,Toys,3321.83
16989,Product_16989,Electronics,917.97
16990,Product_16990,Toys,2826.03
16991,Product_16991,Sports,3184.85
16992,Product_16992,Beauty,4997.13
16993,Product_16993,Toys,2146.22
16994,Product_16994,Beauty,2058.09
16995,Product_16995,Office Supplies,2172.58
16996,Product_16996,Home & Kitchen,388.54
16997,Product_16997,Electronics,1514.27
16998,Product_16998,Toys,4758.06
16999,Product_16999,Office Supplies,2006.42
17000,Product_17000,Electronics,3219.74
17001,Product_17001,Home & Kitchen,749.25
17002,Product_17002,Toys,4392.54
17003,Product_17003,Beauty,4014.15
17004,Product_17004,Toys,3061.16
17005,Product_17005,Furniture,887.2
17006,Product_17006,Furniture,214.64
17007,Product_17007,Office Supplies,939.57
17008,Product_17008,Clothing,3597.27
17009,Product_17009,Home & Kitchen,2586.47
17010,Product_17010,Beauty,4206.0
17011,Product_17011,Toys,1620.6
17012,Product_17012,Home & Kitchen,4011.1
17013,Product_17013,Toys,2544.8
17014,Product_17014,Home & Kitchen,2376.53
17015,Product_17015,Home & Kitchen,1335.46
17016,Product_17016,Office Supplies,223.04
17017,Product_17017,Toys,2962.45
17018,Product_17018,Home & Kitchen,2228.82
17019,Product_17019,Furniture,4784.35
17020,Product_17020,Office Supplies,3253.4
17021,Product_17021,Clothing,630.35
17022,Product_17022,Electronics,4748.9
17023,Product_17023,Beauty,2536.63
17024,Product_17024,Furniture,2606.79
17025,Product_17025,Office Supplies,2034.83
17026,Product_17026,Office Supplies,67.06
17027,Product_17027,Electronics,2002.94
17028,Product_17028,Home & Kitchen,4191.41
17029,Product_17029,Electronics,4110.91
17030,Product_17030,Electronics,2147.65
17031,Product_17031,Electronics,521.72
17032,Product_17032,Toys,3604.23
17033,Product_17033,Beauty,2785.57
17034,Product_17034,Toys,285.38
17035,Product_17035,Office Supplies,147.4
17036,Product_17036,Home & Kitchen,1350.88
17037,Product_17037,Toys,4561.83
17038,Product_17038,Beauty,1671.16
17039,Product_17039,Sports,3053.95
17040,Product_17040,Clothing,3994.7
17041,Product_17041,Furniture,4338.39
17042,Product_17042,Toys,2277.93
17043,Product_17043,Toys,3846.07
17044,Product_17044,Furniture,1119.72
17045,Product_17045,Furniture,795.9
17046,Product_17046,Sports,3975.59
17047,Product_17047,Sports,376.67
17048,Product_17048,Toys,1644.24
17049,Product_17049,Clothing,2658.27
17050,Product_17050,Home & Kitchen,1433.96
17051,Product_17051,Beauty,811.79
17052,Product_17052,Clothing,4826.56
17053,Product_17053,Office Supplies,2817.81
17054,Product_17054,Sports,4347.79
17055,Product_17055,Furniture,3603.21
17056,Product_17056,Sports,2580.76
17057,Product_17057,Furniture,2302.3
17058,Product_17058,Office Supplies,3269.22
17059,Product_17059,Furniture,1407.99
17060,Product_17060,Sports,482.44
17061,Product_17061,Beauty,4026.11
17062,Product_17062,Office Supplies,3306.55
17063,Product_17063,Sports,3610.19
17064,Product_17064,Sports,1765.16
17065,Product_17065,Electronics,4452.69
17066,Product_17066,Office Supplies,318.98
17067,Product_17067,Furniture,4923.68
17068,Product_17068,Beauty,4592.38
17069,Product_17069,Office Supplies,4173.98
17070,Product_17070,Home & Kitchen,1167.62
17071,Product_17071,Furniture,4427.79
17072,Product_17072,Office Supplies,989.29
17073,Product_17073,Beauty,511.56
17074,Product_17074,Beauty,2870.41
17075,Product_17075,Furniture,661.64
17076,Product_17076,Electronics,910.99
17077,Product_17077,Clothing,1201.01
17078,Product_17078,Home & Kitchen,3710.95
17079,Product_17079,Sports,3712.96
17080,Product_17080,Office Supplies,3348.39
17081,Product_17081,Beauty,1738.42
17082,Product_17082,Beauty,235.79
17083,Product_17083,Home & Kitchen,4918.9
17084,Product_17084,Electronics,4348.78
17085,Product_17085,Home & Kitchen,3688.37
17086,Product_17086,Furniture,1258.37
17087,Product_17087,Furniture,1717.95
17088,Product_17088,Clothing,3104.35
17089,Product_17089,Toys,883.73
17090,Product_17090,Home & Kitchen,2808.98
17091,Product_17091,Electronics,4890.13
17092,Product_17092,Office Supplies,3667.25
17093,Product_17093,Toys,156.4
17094,Product_17094,Electronics,4925.62
17095,Product_17095,Sports,935.38
17096,Product_17096,Furniture,811.41
17097,Product_17097,Home & Kitchen,2577.58
17098,Product_17098,Toys,4942.34
17099,Product_17099,Beauty,3115.24
17100,Product_17100,Clothing,2388.98
17101,Product_17101,Toys,4622.72
17102,Product_17102,Home & Kitchen,1501.97
17103,Product_17103,Toys,446.61
17104,Product_17104,Electronics,4634.33
17105,Product_17105,Office Supplies,2196.54
17106,Product_17106,Home & Kitchen,1901.65
17107,Product_17107,Home & Kitchen,2498.4
17108,Product_17108,Furniture,4346.11
17109,Product_17109,Toys,1822.89
17110,Product_17110,Office Supplies,1969.89
17111,Product_17111,Electronics,1499.78
17112,Product_17112,Furniture,1725.71
17113,Product_17113,Furniture,4180.48
17114,Product_17114,Home & Kitchen,183.65
17115,Product_17115,Office Supplies,818.88
17116,Product_17116,Clothing,3545.4
17117,Product_17117,Furniture,4353.51
17118,Product_17118,Home & Kitchen,2545.29
17119,Product_17119,Home & Kitchen,2636.73
17120,Product_17120,Office Supplies,497.41
17121,Product_17121,Home & Kitchen,1831.52
17122,Product_17122,Sports,1063.04
17123,Product_17123,Office Supplies,2934.52
17124,Product_17124,Toys,1669.9
17125,Product_17125,Electronics,2920.19
17126,Product_17126,Electronics,4201.34
17127,Product_17127,Electronics,2556.52
17128,Product_17128,Toys,4201.36
17129,Product_17129,Sports,186.8
17130,Product_17130,Toys,4681.38
17131,Product_17131,Sports,190.87
17132,Product_17132,Beauty,1671.32
17133,Product_17133,Office Supplies,3352.29
17134,Product_17134,Toys,312.7
17135,Product_17135,Clothing,1780.13
17136,Product_17136,Toys,1945.29
17137,Product_17137,Toys,3905.91
17138,Product_17138,Clothing,3356.65
17139,Product_17139,Toys,4323.38
17140,Product_17140,Toys,732.52
17141,Product_17141,Office Supplies,65.96
17142,Product_17142,Sports,3690.73
17143,Product_17143,Beauty,1662.82
17144,Product_17144,Beauty,1127.63
17145,Product_17145,Furniture,3246.25
17146,Product_17146,Toys,3393.6
17147,Product_17147,Toys,4361.54
17148,Product_17148,Home & Kitchen,3553.23
17149,Product_17149,Toys,2557.37
17150,Product_17150,Clothing,3722.97
17151,Product_17151,Sports,2756.35
17152,Product_17152,Clothing,4668.3
17153,Product_17153,Electronics,4853.69
17154,Product_17154,Furniture,4142.38
17155,Product_17155,Sports,3904.91
17156,Product_17156,Sports,2854.26
17157,Product_17157,Furniture,1794.37
17158,Product_17158,Clothing,726.53
17159,Product_17159,Furniture,4849.77
17160,Product_17160,Electronics,2533.76
17161,Product_17161,Sports,4118.33
17162,Product_17162,Electronics,3255.32
17163,Product_17163,Toys,2540.91
17164,Product_17164,Furniture,1228.86
17165,Product_17165,Clothing,3963.43
17166,Product_17166,Clothing,833.15
17167,Product_17167,Toys,460.85
17168,Product_17168,Clothing,3460.97
17169,Product_17169,Furniture,760.19
17170,Product_17170,Furniture,1566.12
17171,Product_17171,Home & Kitchen,18.33
17172,Product_17172,Office Supplies,2338.95
17173,Product_17173,Home & Kitchen,514.62
17174,Product_17174,Office Supplies,2395.61
17175,Product_17175,Furniture,4226.02
17176,Product_17176,Furniture,1957.83
17177,Product_17177,Beauty,4744.76
17178,Product_17178,Home & Kitchen,1844.0
17179,Product_17179,Office Supplies,3442.65
17180,Product_17180,Toys,4365.11
17181,Product_17181,Office Supplies,4344.63
17182,Product_17182,Sports,596.97
17183,Product_17183,Office Supplies,3836.83
17184,Product_17184,Sports,1926.39
17185,Product_17185,Home & Kitchen,4482.3
17186,Product_17186,Home & Kitchen,1649.3
17187,Product_17187,Clothing,4140.68
17188,Product_17188,Office Supplies,4556.76
17189,Product_17189,Furniture,3576.94
17190,Product_17190,Furniture,1603.66
17191,Product_17191,Sports,3490.04
17192,Product_17192,Toys,1707.07
17193,Product_17193,Electronics,3417.15
17194,Product_17194,Electronics,4009.44
17195,Product_17195,Beauty,3222.89
17196,Product_17196,Electronics,3784.22
17197,Product_17197,Beauty,30.4
17198,Product_17198,Office Supplies,4384.58
17199,Product_17199,Toys,2717.11
17200,Product_17200,Sports,88.57
17201,Product_17201,Office Supplies,4721.99
17202,Product_17202,Furniture,1332.02
17203,Product_17203,Furniture,4471.13
17204,Product_17204,Sports,811.46
17205,Product_17205,Office Supplies,253.72
17206,Product_17206,Beauty,4506.05
17207,Product_17207,Toys,4717.25
17208,Product_17208,Home & Kitchen,2505.85
17209,Product_17209,Furniture,399.09
17210,Product_17210,Sports,4842.0
17211,Product_17211,Beauty,1385.61
17212,Product_17212,Home & Kitchen,4633.04
17213,Product_17213,Beauty,275.5
17214,Product_17214,Furniture,2480.03
17215,Product_17215,Beauty,4873.61
17216,Product_17216,Home & Kitchen,2191.49
17217,Product_17217,Toys,2304.43
17218,Product_17218,Furniture,4083.95
17219,Product_17219,Home & Kitchen,893.56
17220,Product_17220,Furniture,2294.78
17221,Product_17221,Beauty,2423.43
17222,Product_17222,Office Supplies,720.28
17223,Product_17223,Furniture,2053.77
17224,Product_17224,Sports,1371.45
17225,Product_17225,Office Supplies,1393.11
17226,Product_17226,Clothing,1779.2
17227,Product_17227,Home & Kitchen,4874.78
17228,Product_17228,Office Supplies,333.7
17229,Product_17229,Sports,101.21
17230,Product_17230,Clothing,2848.15
17231,Product_17231,Electronics,3255.09
17232,Product_17232,Beauty,2547.61
17233,Product_17233,Furniture,3077.23
17234,Product_17234,Toys,1492.53
17235,Product_17235,Home & Kitchen,3348.61
17236,Product_17236,Office Supplies,2362.42
17237,Product_17237,Toys,2294.89
17238,Product_17238,Home & Kitchen,4704.52
17239,Product_17239,Home & Kitchen,3828.44
17240,Product_17240,Toys,422.36
17241,Product_17241,Furniture,4835.18
17242,Product_17242,Electronics,2415.18
17243,Product_17243,Sports,2974.03
17244,Product_17244,Home & Kitchen,1728.92
17245,Product_17245,Electronics,4570.65
17246,Product_17246,Home & Kitchen,836.54
17247,Product_17247,Furniture,1010.85
17248,Product_17248,Home & Kitchen,4887.03
17249,Product_17249,Electronics,3960.6
17250,Product_17250,Sports,2423.91
17251,Product_17251,Furniture,651.4
17252,Product_17252,Toys,3332.68
17253,Product_17253,Toys,4209.45
17254,Product_17254,Home & Kitchen,4310.52
17255,Product_17255,Office Supplies,4222.12
17256,Product_17256,Sports,4680.39
17257,Product_17257,Sports,1373.91
17258,Product_17258,Home & Kitchen,4553.07
17259,Product_17259,Office Supplies,3502.85
17260,Product_17260,Toys,3409.98
17261,Product_17261,Beauty,4404.17
17262,Product_17262,Office Supplies,4584.56
17263,Product_17263,Office Supplies,2355.91
17264,Product_17264,Beauty,1688.91
17265,Product_17265,Sports,4344.4
17266,Product_17266,Office Supplies,2692.7
17267,Product_17267,Office Supplies,2476.89
17268,Product_17268,Sports,3468.41
17269,Product_17269,Electronics,1290.56
17270,Product_17270,Furniture,3143.35
17271,Product_17271,Office Supplies,3800.48
17272,Product_17272,Clothing,2707.47
17273,Product_17273,Sports,1550.46
17274,Product_17274,Toys,570.18
17275,Product_17275,Furniture,1998.25
17276,Product_17276,Sports,885.18
17277,Product_17277,Furniture,3547.8
17278,Product_17278,Electronics,1547.69
17279,Product_17279,Furniture,2501.09
17280,Product_17280,Office Supplies,2723.77
17281,Product_17281,Home & Kitchen,2654.73
17282,Product_17282,Office Supplies,3431.63
17283,Product_17283,Toys,3537.83
17284,Product_17284,Clothing,3723.41
17285,Product_17285,Clothing,3653.63
17286,Product_17286,Office Supplies,3977.44
17287,Product_17287,Office Supplies,1545.55
17288,Product_17288,Home & Kitchen,491.04
17289,Product_17289,Office Supplies,3958.28
17290,Product_17290,Toys,3493.69
17291,Product_17291,Beauty,2109.61
17292,Product_17292,Furniture,1326.74
17293,Product_17293,Toys,440.42
17294,Product_17294,Office Supplies,1348.03
17295,Product_17295,Electronics,1554.7
17296,Product_17296,Office Supplies,1330.53
17297,Product_17297,Office Supplies,4825.15
17298,Product_17298,Electronics,1611.91
17299,Product_17299,Toys,276.67
17300,Product_17300,Beauty,3402.18
17301,Product_17301,Furniture,2783.89
17302,Product_17302,Toys,3128.8
17303,Product_17303,Office Supplies,878.55
17304,Product_17304,Sports,779.08
17305,Product_17305,Clothing,661.76
17306,Product_17306,Beauty,4727.94
17307,Product_17307,Toys,171.66
17308,Product_17308,Beauty,3095.71
17309,Product_17309,Furniture,185.52
17310,Product_17310,Office Supplies,1687.39
17311,Product_17311,Home & Kitchen,1138.82
17312,Product_17312,Sports,1390.03
17313,Product_17313,Office Supplies,1235.68
17314,Product_17314,Sports,1629.54
17315,Product_17315,Electronics,2421.48
17316,Product_17316,Electronics,3556.51
17317,Product_17317,Home & Kitchen,3955.36
17318,Product_17318,Clothing,2244.73
17319,Product_17319,Beauty,4995.81
17320,Product_17320,Electronics,3341.68
17321,Product_17321,Home & Kitchen,4428.22
17322,Product_17322,Electronics,2617.82
17323,Product_17323,Toys,1317.82
17324,Product_17324,Electronics,2273.5
17325,Product_17325,Sports,2745.33
17326,Product_17326,Beauty,3433.97
17327,Product_17327,Clothing,794.37
17328,Product_17328,Toys,801.93
17329,Product_17329,Home & Kitchen,3376.96
17330,Product_17330,Electronics,417.71
17331,Product_17331,Sports,320.53
17332,Product_17332,Furniture,1957.26
17333,Product_17333,Home & Kitchen,2167.87
17334,Product_17334,Electronics,1003.38
17335,Product_17335,Furniture,2347.08
17336,Product_17336,Clothing,4752.81
17337,Product_17337,Sports,4686.48
17338,Product_17338,Electronics,4135.11
17339,Product_17339,Sports,907.26
17340,Product_17340,Clothing,2269.16
17341,Product_17341,Office Supplies,2086.52
17342,Product_17342,Beauty,2125.0
17343,Product_17343,Sports,3642.74
17344,Product_17344,Electronics,3137.54
17345,Product_17345,Beauty,3100.85
17346,Product_17346,Home & Kitchen,901.18
17347,Product_17347,Sports,3136.32
17348,Product_17348,Sports,2218.56
17349,Product_17349,Beauty,971.13
17350,Product_17350,Electronics,142.3
17351,Product_17351,Furniture,3248.03
17352,Product_17352,Office Supplies,189.88
17353,Product_17353,Electronics,4074.01
17354,Product_17354,Beauty,152.5
17355,Product_17355,Electronics,1411.28
17356,Product_17356,Home & Kitchen,1015.44
17357,Product_17357,Home & Kitchen,3280.02
17358,Product_17358,Beauty,858.35
17359,Product_17359,Sports,2639.6
17360,Product_17360,Beauty,673.01
17361,Product_17361,Home & Kitchen,1143.17
17362,Product_17362,Beauty,3793.91
17363,Product_17363,Furniture,2773.24
17364,Product_17364,Clothing,2637.64
17365,Product_17365,Electronics,511.83
17366,Product_17366,Office Supplies,4444.8
17367,Product_17367,Beauty,983.35
17368,Product_17368,Office Supplies,360.59
17369,Product_17369,Electronics,294.25
17370,Product_17370,Furniture,4548.89
17371,Product_17371,Home & Kitchen,3153.48
17372,Product_17372,Furniture,1873.2
17373,Product_17373,Clothing,558.1
17374,Product_17374,Electronics,2395.05
17375,Product_17375,Furniture,2306.02
17376,Product_17376,Home & Kitchen,1942.22
17377,Product_17377,Furniture,583.59
17378,Product_17378,Sports,3328.02
17379,Product_17379,Electronics,2269.09
17380,Product_17380,Beauty,3097.79
17381,Product_17381,Electronics,2939.36
17382,Product_17382,Furniture,1128.09
17383,Product_17383,Sports,3006.31
17384,Product_17384,Furniture,1224.07
17385,Product_17385,Beauty,1719.64
17386,Product_17386,Sports,687.3
17387,Product_17387,Clothing,2814.54
17388,Product_17388,Home & Kitchen,4222.51
17389,Product_17389,Sports,2226.84
17390,Product_17390,Furniture,197.33
17391,Product_17391,Toys,3842.43
17392,Product_17392,Toys,4638.34
17393,Product_17393,Home & Kitchen,4622.8
17394,Product_17394,Office Supplies,133.95
17395,Product_17395,Beauty,4413.55
17396,Product_17396,Clothing,1429.85
17397,Product_17397,Home & Kitchen,1169.41
17398,Product_17398,Home & Kitchen,2558.47
17399,Product_17399,Clothing,794.91
17400,Product_17400,Office Supplies,164.52
17401,Product_17401,Furniture,3799.69
17402,Product_17402,Office Supplies,4460.03
17403,Product_17403,Office Supplies,773.79
17404,Product_17404,Office Supplies,1215.56
17405,Product_17405,Sports,1219.03
17406,Product_17406,Beauty,2393.12
17407,Product_17407,Home & Kitchen,1164.82
17408,Product_17408,Electronics,1495.03
17409,Product_17409,Furniture,297.45
17410,Product_17410,Furniture,1737.67
17411,Product_17411,Home & Kitchen,4083.64
17412,Product_17412,Sports,3809.29
17413,Product_17413,Clothing,4302.04
17414,Product_17414,Toys,2111.22
17415,Product_17415,Sports,4941.0
17416,Product_17416,Toys,1574.43
17417,Product_17417,Beauty,1376.46
17418,Product_17418,Electronics,2771.74
17419,Product_17419,Office Supplies,2745.72
17420,Product_17420,Furniture,1979.77
17421,Product_17421,Home & Kitchen,3188.64
17422,Product_17422,Home & Kitchen,2046.02
17423,Product_17423,Furniture,3437.69
17424,Product_17424,Beauty,1279.26
17425,Product_17425,Clothing,4887.42
17426,Product_17426,Clothing,520.22
17427,Product_17427,Clothing,401.47
17428,Product_17428,Home & Kitchen,3323.21
17429,Product_17429,Furniture,2739.98
17430,Product_17430,Office Supplies,773.55
17431,Product_17431,Clothing,2414.83
17432,Product_17432,Beauty,774.05
17433,Product_17433,Beauty,922.16
17434,Product_17434,Toys,373.27
17435,Product_17435,Electronics,1643.36
17436,Product_17436,Toys,2144.03
17437,Product_17437,Sports,1830.33
17438,Product_17438,Toys,3532.1
17439,Product_17439,Furniture,3377.13
17440,Product_17440,Toys,4341.17
17441,Product_17441,Beauty,2865.84
17442,Product_17442,Toys,2638.67
17443,Product_17443,Clothing,4467.35
17444,Product_17444,Clothing,2994.35
17445,Product_17445,Furniture,1832.78
17446,Product_17446,Clothing,2018.77
17447,Product_17447,Furniture,294.22
17448,Product_17448,Furniture,4109.73
17449,Product_17449,Clothing,390.17
17450,Product_17450,Electronics,131.45
17451,Product_17451,Office Supplies,4818.23
17452,Product_17452,Beauty,752.72
17453,Product_17453,Furniture,3001.26
17454,Product_17454,Home & Kitchen,3716.49
17455,Product_17455,Clothing,3625.88
17456,Product_17456,Electronics,1043.51
17457,Product_17457,Toys,3046.52
17458,Product_17458,Office Supplies,3104.59
17459,Product_17459,Furniture,4528.13
17460,Product_17460,Toys,1748.21
17461,Product_17461,Sports,3244.34
17462,Product_17462,Home & Kitchen,921.82
17463,Product_17463,Clothing,83.27
17464,Product_17464,Clothing,4893.69
17465,Product_17465,Beauty,3347.04
17466,Product_17466,Beauty,3788.04
17467,Product_17467,Toys,555.05
17468,Product_17468,Electronics,942.14
17469,Product_17469,Toys,629.87
17470,Product_17470,Office Supplies,4135.44
17471,Product_17471,Clothing,1691.26
17472,Product_17472,Office Supplies,1930.07
17473,Product_17473,Home & Kitchen,1394.25
17474,Product_17474,Clothing,2497.8
17475,Product_17475,Toys,187.97
17476,Product_17476,Furniture,103.93
17477,Product_17477,Toys,3363.13
17478,Product_17478,Office Supplies,1355.89
17479,Product_17479,Office Supplies,2678.21
17480,Product_17480,Furniture,3821.8
17481,Product_17481,Sports,2245.28
17482,Product_17482,Sports,2696.6
17483,Product_17483,Sports,4014.9
17484,Product_17484,Office Supplies,2575.52
17485,Product_17485,Clothing,1773.68
17486,Product_17486,Home & Kitchen,3935.65
17487,Product_17487,Home & Kitchen,886.3
17488,Product_17488,Clothing,4308.3
17489,Product_17489,Furniture,2915.87
17490,Product_17490,Home & Kitchen,2105.01
17491,Product_17491,Sports,3573.58
17492,Product_17492,Electronics,414.93
17493,Product_17493,Beauty,3589.47
17494,Product_17494,Toys,3019.65
17495,Product_17495,Electronics,318.01
17496,Product_17496,Home & Kitchen,3747.72
17497,Product_17497,Electronics,1075.86
17498,Product_17498,Toys,2604.39
17499,Product_17499,Furniture,3940.11
17500,Product_17500,Office Supplies,4160.62
17501,Product_17501,Sports,271.94
17502,Product_17502,Toys,3553.19
17503,Product_17503,Home & Kitchen,2329.43
17504,Product_17504,Furniture,85.69
17505,Product_17505,Home & Kitchen,3199.2
17506,Product_17506,Home & Kitchen,4717.26
17507,Product_17507,Home & Kitchen,4501.77
17508,Product_17508,Home & Kitchen,2564.1
17509,Product_17509,Sports,1733.47
17510,Product_17510,Home & Kitchen,1152.77
17511,Product_17511,Clothing,841.67
17512,Product_17512,Furniture,3525.24
17513,Product_17513,Beauty,47.15
17514,Product_17514,Office Supplies,3535.87
17515,Product_17515,Sports,3836.68
17516,Product_17516,Furniture,3502.69
17517,Product_17517,Home & Kitchen,3395.53
17518,Product_17518,Furniture,1183.4
17519,Product_17519,Furniture,1309.9
17520,Product_17520,Beauty,2042.92
17521,Product_17521,Toys,3551.54
17522,Product_17522,Beauty,3666.19
17523,Product_17523,Toys,937.37
17524,Product_17524,Toys,990.0
17525,Product_17525,Beauty,1432.16
17526,Product_17526,Beauty,3600.68
17527,Product_17527,Clothing,2482.43
17528,Product_17528,Electronics,189.8
17529,Product_17529,Beauty,4443.49
17530,Product_17530,Sports,1374.24
17531,Product_17531,Office Supplies,240.32
17532,Product_17532,Clothing,3910.18
17533,Product_17533,Home & Kitchen,2594.02
17534,Product_17534,Toys,3563.77
17535,Product_17535,Office Supplies,4509.82
17536,Product_17536,Sports,4793.37
17537,Product_17537,Office Supplies,1201.13
17538,Product_17538,Home & Kitchen,31.97
17539,Product_17539,Toys,57.36
17540,Product_17540,Office Supplies,4872.35
17541,Product_17541,Office Supplies,2643.08
17542,Product_17542,Sports,253.08
17543,Product_17543,Toys,4760.35
17544,Product_17544,Electronics,4368.23
17545,Product_17545,Sports,3462.96
17546,Product_17546,Beauty,1060.6
17547,Product_17547,Furniture,1369.62
17548,Product_17548,Clothing,1582.05
17549,Product_17549,Sports,2420.76
17550,Product_17550,Furniture,2594.06
17551,Product_17551,Electronics,3534.27
17552,Product_17552,Beauty,4739.67
17553,Product_17553,Beauty,2156.62
17554,Product_17554,Beauty,4035.93
17555,Product_17555,Furniture,391.56
17556,Product_17556,Toys,4746.07
17557,Product_17557,Electronics,3997.33
17558,Product_17558,Toys,948.44
17559,Product_17559,Sports,1141.6
17560,Product_17560,Beauty,2609.93
17561,Product_17561,Electronics,436.02
17562,Product_17562,Beauty,532.61
17563,Product_17563,Sports,3873.71
17564,Product_17564,Sports,1271.39
17565,Product_17565,Furniture,3126.63
17566,Product_17566,Beauty,3009.27
17567,Product_17567,Clothing,1118.71
17568,Product_17568,Office Supplies,239.8
17569,Product_17569,Beauty,1725.04
17570,Product_17570,Beauty,1993.51
17571,Product_17571,Sports,4748.66
17572,Product_17572,Furniture,1373.09
17573,Product_17573,Beauty,2754.92
17574,Product_17574,Clothing,4642.3
17575,Product_17575,Home & Kitchen,3580.22
17576,Product_17576,Beauty,535.01
17577,Product_17577,Toys,4366.44
17578,Product_17578,Beauty,1733.56
17579,Product_17579,Sports,2250.79
17580,Product_17580,Toys,4377.39
17581,Product_17581,Sports,1876.76
17582,Product_17582,Beauty,333.36
17583,Product_17583,Toys,1994.83
17584,Product_17584,Clothing,3306.07
17585,Product_17585,Sports,4487.68
17586,Product_17586,Office Supplies,3927.83
17587,Product_17587,Furniture,4688.46
17588,Product_17588,Sports,826.44
17589,Product_17589,Furniture,2339.37
17590,Product_17590,Clothing,3359.24
17591,Product_17591,Clothing,2686.07
17592,Product_17592,Beauty,3369.14
17593,Product_17593,Home & Kitchen,1917.89
17594,Product_17594,Toys,4826.93
17595,Product_17595,Office Supplies,2663.41
17596,Product_17596,Office Supplies,1919.97
17597,Product_17597,Toys,4050.96
17598,Product_17598,Beauty,654.33
17599,Product_17599,Electronics,1775.84
17600,Product_17600,Electronics,2148.78
17601,Product_17601,Office Supplies,1700.03
17602,Product_17602,Sports,1464.25
17603,Product_17603,Clothing,3301.82
17604,Product_17604,Home & Kitchen,4962.71
17605,Product_17605,Toys,2414.17
17606,Product_17606,Home & Kitchen,2317.56
17607,Product_17607,Home & Kitchen,2575.07
17608,Product_17608,Home & Kitchen,3950.14
17609,Product_17609,Home & Kitchen,4748.93
17610,Product_17610,Sports,245.47
17611,Product_17611,Clothing,2657.19
17612,Product_17612,Electronics,2139.61
17613,Product_17613,Clothing,2755.71
17614,Product_17614,Office Supplies,3952.62
17615,Product_17615,Furniture,922.83
17616,Product_17616,Toys,4618.42
17617,Product_17617,Furniture,1659.23
17618,Product_17618,Toys,2365.92
17619,Product_17619,Home & Kitchen,3715.35
17620,Product_17620,Sports,3130.98
17621,Product_17621,Clothing,2206.87
17622,Product_17622,Home & Kitchen,1767.09
17623,Product_17623,Sports,3890.87
17624,Product_17624,Toys,251.02
17625,Product_17625,Sports,4791.04
17626,Product_17626,Beauty,854.85
17627,Product_17627,Toys,2172.41
17628,Product_17628,Toys,3634.35
17629,Product_17629,Electronics,4876.21
17630,Product_17630,Electronics,2495.1
17631,Product_17631,Sports,3184.48
17632,Product_17632,Furniture,2546.77
17633,Product_17633,Sports,1579.15
17634,Product_17634,Toys,2773.41
17635,Product_17635,Clothing,3038.26
17636,Product_17636,Toys,2468.4
17637,Product_17637,Home & Kitchen,148.43
17638,Product_17638,Electronics,3614.03
17639,Product_17639,Sports,1431.03
17640,Product_17640,Furniture,1852.03
17641,Product_17641,Sports,2707.87
17642,Product_17642,Office Supplies,3612.61
17643,Product_17643,Furniture,444.98
17644,Product_17644,Toys,2856.28
17645,Product_17645,Office Supplies,28.57
17646,Product_17646,Office Supplies,3733.69
17647,Product_17647,Sports,2576.82
17648,Product_17648,Electronics,1194.11
17649,Product_17649,Clothing,2421.02
17650,Product_17650,Home & Kitchen,3847.45
17651,Product_17651,Electronics,1548.79
17652,Product_17652,Office Supplies,3988.58
17653,Product_17653,Home & Kitchen,4581.73
17654,Product_17654,Furniture,2558.78
17655,Product_17655,Clothing,3255.25
17656,Product_17656,Sports,4456.24
17657,Product_17657,Sports,4401.2
17658,Product_17658,Beauty,3989.52
17659,Product_17659,Furniture,3394.98
17660,Product_17660,Sports,2888.57
17661,Product_17661,Beauty,4268.81
17662,Product_17662,Clothing,4086.46
17663,Product_17663,Office Supplies,129.53
17664,Product_17664,Toys,1486.18
17665,Product_17665,Beauty,3562.46
17666,Product_17666,Beauty,1728.52
17667,Product_17667,Furniture,1124.08
17668,Product_17668,Office Supplies,3056.58
17669,Product_17669,Clothing,1152.79
17670,Product_17670,Electronics,1499.67
17671,Product_17671,Home & Kitchen,363.0
17672,Product_17672,Sports,928.29
17673,Product_17673,Sports,75.3
17674,Product_17674,Office Supplies,3324.87
17675,Product_17675,Electronics,4147.46
17676,Product_17676,Clothing,331.07
17677,Product_17677,Home & Kitchen,1837.08
17678,Product_17678,Clothing,2350.97
17679,Product_17679,Beauty,3713.43
17680,Product_17680,Beauty,1682.35
17681,Product_17681,Sports,3234.51
17682,Product_17682,Home & Kitchen,583.17
17683,Product_17683,Electronics,1198.79
17684,Product_17684,Office Supplies,352.48
17685,Product_17685,Home & Kitchen,2235.43
17686,Product_17686,Beauty,2349.69
17687,Product_17687,Furniture,4085.65
17688,Product_17688,Home & Kitchen,4615.59
17689,Product_17689,Home & Kitchen,545.1
17690,Product_17690,Home & Kitchen,2640.66
17691,Product_17691,Office Supplies,4759.5
17692,Product_17692,Home & Kitchen,707.14
17693,Product_17693,Sports,3325.0
17694,Product_17694,Home & Kitchen,4083.71
17695,Product_17695,Home & Kitchen,3952.24
17696,Product_17696,Home & Kitchen,4297.72
17697,Product_17697,Toys,1697.89
17698,Product_17698,Office Supplies,1770.71
17699,Product_17699,Furniture,2827.72
17700,Product_17700,Electronics,3065.5
17701,Product_17701,Electronics,2285.45
17702,Product_17702,Electronics,1107.88
17703,Product_17703,Office Supplies,227.45
17704,Product_17704,Clothing,4408.29
17705,Product_17705,Home & Kitchen,1538.31
17706,Product_17706,Sports,2772.96
17707,Product_17707,Electronics,771.05
17708,Product_17708,Furniture,1268.55
17709,Product_17709,Office Supplies,1968.94
17710,Product_17710,Office Supplies,287.43
17711,Product_17711,Furniture,2125.21
17712,Product_17712,Beauty,4393.12
17713,Product_17713,Sports,4752.18
17714,Product_17714,Sports,954.75
17715,Product_17715,Clothing,3904.9
17716,Product_17716,Office Supplies,1636.03
17717,Product_17717,Furniture,3045.09
17718,Product_17718,Furniture,272.1
17719,Product_17719,Sports,1148.5
17720,Product_17720,Furniture,1760.99
17721,Product_17721,Home & Kitchen,3096.96
17722,Product_17722,Sports,588.79
17723,Product_17723,Sports,3163.73
17724,Product_17724,Home & Kitchen,1808.32
17725,Product_17725,Sports,2429.59
17726,Product_17726,Office Supplies,4731.5
17727,Product_17727,Office Supplies,3356.41
17728,Product_17728,Sports,1978.09
17729,Product_17729,Electronics,1781.6
17730,Product_17730,Clothing,4352.67
17731,Product_17731,Furniture,3644.92
17732,Product_17732,Home & Kitchen,1083.82
17733,Product_17733,Electronics,930.12
17734,Product_17734,Toys,867.66
17735,Product_17735,Furniture,3257.68
17736,Product_17736,Office Supplies,2301.79
17737,Product_17737,Beauty,1748.41
17738,Product_17738,Beauty,535.3
17739,Product_17739,Toys,4635.71
17740,Product_17740,Sports,1388.46
17741,Product_17741,Toys,4869.94
17742,Product_17742,Beauty,1380.77
17743,Product_17743,Electronics,3189.76
17744,Product_17744,Beauty,3978.7
17745,Product_17745,Electronics,4126.75
17746,Product_17746,Electronics,1338.96
17747,Product_17747,Toys,2491.29
17748,Product_17748,Clothing,732.55
17749,Product_17749,Furniture,101.05
17750,Product_17750,Furniture,1884.67
17751,Product_17751,Sports,1144.26
17752,Product_17752,Furniture,3221.53
17753,Product_17753,Beauty,621.57
17754,Product_17754,Beauty,1460.52
17755,Product_17755,Office Supplies,2431.34
17756,Product_17756,Clothing,2323.09
17757,Product_17757,Toys,3451.47
17758,Product_17758,Toys,296.16
17759,Product_17759,Toys,980.74
17760,Product_17760,Home & Kitchen,3188.43
17761,Product_17761,Toys,66.87
17762,Product_17762,Beauty,2945.71
17763,Product_17763,Beauty,2276.02
17764,Product_17764,Furniture,2275.21
17765,Product_17765,Office Supplies,4588.45
17766,Product_17766,Toys,3066.36
17767,Product_17767,Toys,2241.94
17768,Product_17768,Toys,4072.11
17769,Product_17769,Toys,99.91
17770,Product_17770,Electronics,3432.69
17771,Product_17771,Electronics,4684.25
17772,Product_17772,Home & Kitchen,779.01
17773,Product_17773,Furniture,3297.37
17774,Product_17774,Sports,1744.14
17775,Product_17775,Beauty,1280.68
17776,Product_17776,Toys,759.49
17777,Product_17777,Office Supplies,2461.05
17778,Product_17778,Toys,1502.45
17779,Product_17779,Clothing,4771.71
17780,Product_17780,Office Supplies,1435.0
17781,Product_17781,Beauty,2531.52
17782,Product_17782,Furniture,4604.64
17783,Product_17783,Beauty,2872.98
17784,Product_17784,Furniture,245.52
17785,Product_17785,Clothing,2157.63
17786,Product_17786,Beauty,605.34
17787,Product_17787,Office Supplies,3592.86
17788,Product_17788,Home & Kitchen,2336.0
17789,Product_17789,Electronics,3494.34
17790,Product_17790,Furniture,3269.16
17791,Product_17791,Office Supplies,2888.16
17792,Product_17792,Sports,3527.57
17793,Product_17793,Sports,4047.9
17794,Product_17794,Toys,1143.71
17795,Product_17795,Toys,1674.93
17796,Product_17796,Toys,835.34
17797,Product_17797,Office Supplies,2036.21
17798,Product_17798,Electronics,3324.14
17799,Product_17799,Sports,2390.53
17800,Product_17800,Beauty,107.65
17801,Product_17801,Beauty,2611.23
17802,Product_17802,Sports,4092.04
17803,Product_17803,Office Supplies,1299.45
17804,Product_17804,Beauty,1511.05
17805,Product_17805,Electronics,1048.69
17806,Product_17806,Toys,2169.42
17807,Product_17807,Clothing,2424.25
17808,Product_17808,Electronics,2100.59
17809,Product_17809,Toys,2330.11
17810,Product_17810,Toys,3024.23
17811,Product_17811,Toys,39.72
17812,Product_17812,Sports,3389.56
17813,Product_17813,Electronics,929.09
17814,Product_17814,Office Supplies,4967.26
17815,Product_17815,Clothing,2040.62
17816,Product_17816,Sports,1608.33
17817,Product_17817,Sports,4322.37
17818,Product_17818,Office Supplies,2700.28
17819,Product_17819,Electronics,2314.26
17820,Product_17820,Beauty,276.94
17821,Product_17821,Office Supplies,968.88
17822,Product_17822,Sports,97.97
17823,Product_17823,Toys,1671.49
17824,Product_17824,Office Supplies,1083.14
17825,Product_17825,Sports,689.32
17826,Product_17826,Home & Kitchen,4284.58
17827,Product_17827,Clothing,2659.0
17828,Product_17828,Office Supplies,4376.46
17829,Product_17829,Toys,3261.74
17830,Product_17830,Office Supplies,4045.32
17831,Product_17831,Sports,1378.66
17832,Product_17832,Sports,4456.41
17833,Product_17833,Electronics,1942.82
17834,Product_17834,Furniture,545.03
17835,Product_17835,Furniture,906.84
17836,Product_17836,Sports,2163.27
17837,Product_17837,Clothing,3039.46
17838,Product_17838,Sports,1719.71
17839,Product_17839,Furniture,4795.79
17840,Product_17840,Home & Kitchen,3970.93
17841,Product_17841,Furniture,4252.89
17842,Product_17842,Beauty,397.37
17843,Product_17843,Electronics,4578.15
17844,Product_17844,Electronics,2827.5
17845,Product_17845,Beauty,1217.37
17846,Product_17846,Beauty,4645.32
17847,Product_17847,Home & Kitchen,1778.36
17848,Product_17848,Beauty,182.62
17849,Product_17849,Toys,1508.56
17850,Product_17850,Sports,4936.1
17851,Product_17851,Toys,370.34
17852,Product_17852,Furniture,2732.69
17853,Product_17853,Toys,2247.9
17854,Product_17854,Furniture,2750.51
17855,Product_17855,Home & Kitchen,1009.9
17856,Product_17856,Toys,945.49
17857,Product_17857,Toys,2695.55
17858,Product_17858,Clothing,401.94
17859,Product_17859,Furniture,4757.44
17860,Product_17860,Toys,2824.31
17861,Product_17861,Electronics,4231.81
17862,Product_17862,Sports,4250.18
17863,Product_17863,Sports,3322.72
17864,Product_17864,Electronics,2453.83
17865,Product_17865,Clothing,499.95
17866,Product_17866,Furniture,4865.89
17867,Product_17867,Sports,3032.26
17868,Product_17868,Electronics,3115.8
17869,Product_17869,Furniture,4265.31
17870,Product_17870,Beauty,1100.3
17871,Product_17871,Clothing,4175.54
17872,Product_17872,Electronics,2276.16
17873,Product_17873,Office Supplies,623.71
17874,Product_17874,Clothing,3911.63
17875,Product_17875,Beauty,4392.69
17876,Product_17876,Office Supplies,540.92
17877,Product_17877,Beauty,2103.41
17878,Product_17878,Sports,1625.48
17879,Product_17879,Electronics,1480.66
17880,Product_17880,Home & Kitchen,4420.23
17881,Product_17881,Clothing,1833.73
17882,Product_17882,Clothing,977.2
17883,Product_17883,Office Supplies,841.69
17884,Product_17884,Sports,3739.46
17885,Product_17885,Toys,2370.97
17886,Product_17886,Furniture,933.76
17887,Product_17887,Clothing,227.86
17888,Product_17888,Home & Kitchen,2607.97
17889,Product_17889,Furniture,1887.93
17890,Product_17890,Toys,4918.86
17891,Product_17891,Clothing,96.57
17892,Product_17892,Furniture,2633.58
17893,Product_17893,Electronics,4462.54
17894,Product_17894,Toys,2541.99
17895,Product_17895,Toys,2561.65
17896,Product_17896,Office Supplies,2231.08
17897,Product_17897,Beauty,4794.94
17898,Product_17898,Electronics,324.26
17899,Product_17899,Home & Kitchen,1839.37
17900,Product_17900,Clothing,1509.02
17901,Product_17901,Office Supplies,1025.96
17902,Product_17902,Office Supplies,1979.05
17903,Product_17903,Electronics,1434.0
17904,Product_17904,Sports,3126.96
17905,Product_17905,Beauty,630.21
17906,Product_17906,Clothing,712.72
17907,Product_17907,Furniture,1759.3
17908,Product_17908,Toys,3840.4
17909,Product_17909,Electronics,4825.11
17910,Product_17910,Home & Kitchen,2165.24
17911,Product_17911,Electronics,810.48
17912,Product_17912,Beauty,2436.81
17913,Product_17913,Sports,4153.57
17914,Product_17914,Office Supplies,381.45
17915,Product_17915,Office Supplies,1149.36
17916,Product_17916,Clothing,2403.33
17917,Product_17917,Clothing,3814.6
17918,Product_17918,Clothing,4365.47
17919,Product_17919,Beauty,4249.16
17920,Product_17920,Furniture,1642.05
17921,Product_17921,Office Supplies,2772.48
17922,Product_17922,Beauty,3276.82
17923,Product_17923,Furniture,741.98
17924,Product_17924,Toys,4605.87
17925,Product_17925,Furniture,256.0
17926,Product_17926,Electronics,416.04
17927,Product_17927,Beauty,1483.78
17928,Product_17928,Home & Kitchen,1645.71
17929,Product_17929,Toys,1054.64
17930,Product_17930,Clothing,3348.79
17931,Product_17931,Clothing,4931.64
17932,Product_17932,Furniture,122.45
17933,Product_17933,Electronics,4828.26
17934,Product_17934,Electronics,1774.79
17935,Product_17935,Electronics,2100.23
17936,Product_17936,Toys,1630.08
17937,Product_17937,Furniture,358.98
17938,Product_17938,Sports,2048.73
17939,Product_17939,Electronics,223.26
17940,Product_17940,Toys,2514.71
17941,Product_17941,Office Supplies,1651.29
17942,Product_17942,Beauty,2729.94
17943,Product_17943,Beauty,4172.55
17944,Product_17944,Electronics,1509.05
17945,Product_17945,Electronics,4626.59
17946,Product_17946,Sports,3935.43
17947,Product_17947,Sports,2505.99
17948,Product_17948,Office Supplies,538.55
17949,Product_17949,Furniture,3850.97
17950,Product_17950,Toys,828.23
17951,Product_17951,Toys,1718.94
17952,Product_17952,Furniture,2013.33
17953,Product_17953,Electronics,1367.48
17954,Product_17954,Office Supplies,2197.18
17955,Product_17955,Office Supplies,683.35
17956,Product_17956,Beauty,296.83
17957,Product_17957,Clothing,1043.1
17958,Product_17958,Beauty,4290.25
17959,Product_17959,Beauty,2619.09
17960,Product_17960,Beauty,4931.07
17961,Product_17961,Office Supplies,1050.76
17962,Product_17962,Furniture,1933.14
17963,Product_17963,Clothing,4741.12
17964,Product_17964,Clothing,2809.4
17965,Product_17965,Home & Kitchen,125.39
17966,Product_17966,Office Supplies,3323.85
17967,Product_17967,Home & Kitchen,4148.88
17968,Product_17968,Clothing,69.91
17969,Product_17969,Office Supplies,1302.71
17970,Product_17970,Furniture,1023.52
17971,Product_17971,Beauty,2685.37
17972,Product_17972,Sports,3594.62
17973,Product_17973,Toys,3598.24
17974,Product_17974,Electronics,4238.63
17975,Product_17975,Clothing,2794.27
17976,Product_17976,Furniture,65.46
17977,Product_17977,Sports,1554.57
17978,Product_17978,Beauty,3489.62
17979,Product_17979,Home & Kitchen,1450.65
17980,Product_17980,Sports,2220.04
17981,Product_17981,Furniture,709.25
17982,Product_17982,Sports,2814.87
17983,Product_17983,Beauty,3172.62
17984,Product_17984,Electronics,2875.71
17985,Product_17985,Office Supplies,1604.8
17986,Product_17986,Electronics,3483.66
17987,Product_17987,Clothing,3185.25
17988,Product_17988,Electronics,1861.91
17989,Product_17989,Home & Kitchen,486.22
17990,Product_17990,Electronics,1781.01
17991,Product_17991,Furniture,3394.11
17992,Product_17992,Toys,1083.65
17993,Product_17993,Office Supplies,1958.36
17994,Product_17994,Furniture,4215.84
17995,Product_17995,Office Supplies,3324.12
17996,Product_17996,Toys,4338.21
17997,Product_17997,Furniture,227.68
17998,Product_17998,Clothing,791.89
17999,Product_17999,Beauty,27.87
18000,Product_18000,Sports,2437.78
18001,Product_18001,Sports,2274.17
18002,Product_18002,Furniture,4219.03
18003,Product_18003,Beauty,935.02
18004,Product_18004,Toys,2275.93
18005,Product_18005,Clothing,593.53
18006,Product_18006,Beauty,3117.69
18007,Product_18007,Beauty,2893.73
18008,Product_18008,Beauty,1013.62
18009,Product_18009,Clothing,3982.3
18010,Product_18010,Clothing,4565.47
18011,Product_18011,Clothing,3792.41
18012,Product_18012,Furniture,2837.87
18013,Product_18013,Beauty,1447.54
18014,Product_18014,Clothing,3273.84
18015,Product_18015,Clothing,4050.09
18016,Product_18016,Furniture,4600.96
18017,Product_18017,Furniture,198.41
18018,Product_18018,Office Supplies,631.99
18019,Product_18019,Toys,2717.41
18020,Product_18020,Home & Kitchen,1750.54
18021,Product_18021,Sports,1192.27
18022,Product_18022,Toys,4031.17
18023,Product_18023,Toys,1552.55
18024,Product_18024,Electronics,132.66
18025,Product_18025,Sports,1132.73
18026,Product_18026,Clothing,4057.9
18027,Product_18027,Toys,1974.78
18028,Product_18028,Clothing,4147.84
18029,Product_18029,Beauty,769.01
18030,Product_18030,Home & Kitchen,201.93
18031,Product_18031,Clothing,1554.57
18032,Product_18032,Sports,560.04
18033,Product_18033,Electronics,3870.08
18034,Product_18034,Office Supplies,2243.99
18035,Product_18035,Home & Kitchen,1107.81
18036,Product_18036,Beauty,711.23
18037,Product_18037,Home & Kitchen,2678.86
18038,Product_18038,Furniture,4718.25
18039,Product_18039,Office Supplies,911.4
18040,Product_18040,Electronics,3798.99
18041,Product_18041,Furniture,12.72
18042,Product_18042,Electronics,4978.36
18043,Product_18043,Beauty,2190.2
18044,Product_18044,Sports,4771.72
18045,Product_18045,Sports,3666.29
18046,Product_18046,Toys,4933.71
18047,Product_18047,Home & Kitchen,4142.84
18048,Product_18048,Electronics,924.99
18049,Product_18049,Sports,3582.29
18050,Product_18050,Home & Kitchen,4167.46
18051,Product_18051,Sports,2689.63
18052,Product_18052,Sports,1553.58
18053,Product_18053,Toys,555.01
18054,Product_18054,Furniture,3248.06
18055,Product_18055,Office Supplies,2032.38
18056,Product_18056,Office Supplies,1477.09
18057,Product_18057,Electronics,597.67
18058,Product_18058,Clothing,932.65
18059,Product_18059,Clothing,2449.3
18060,Product_18060,Home & Kitchen,1034.8
18061,Product_18061,Beauty,2072.92
18062,Product_18062,Office Supplies,1160.68
18063,Product_18063,Beauty,4340.81
18064,Product_18064,Furniture,1887.85
18065,Product_18065,Home & Kitchen,1820.38
18066,Product_18066,Electronics,2998.54
18067,Product_18067,Sports,2717.19
18068,Product_18068,Beauty,177.76
18069,Product_18069,Beauty,4860.03
18070,Product_18070,Furniture,101.39
18071,Product_18071,Furniture,4071.55
18072,Product_18072,Toys,85.03
18073,Product_18073,Furniture,3818.93
18074,Product_18074,Home & Kitchen,1969.27
18075,Product_18075,Electronics,1756.06
18076,Product_18076,Beauty,36.74
18077,Product_18077,Office Supplies,3077.02
18078,Product_18078,Toys,1861.06
18079,Product_18079,Home & Kitchen,2823.78
18080,Product_18080,Beauty,4403.08
18081,Product_18081,Beauty,87.58
18082,Product_18082,Beauty,1242.7
18083,Product_18083,Furniture,373.96
18084,Product_18084,Clothing,4409.55
18085,Product_18085,Electronics,1109.28
18086,Product_18086,Clothing,3601.3
18087,Product_18087,Clothing,2993.96
18088,Product_18088,Electronics,2696.8
18089,Product_18089,Furniture,4880.17
18090,Product_18090,Clothing,1972.19
18091,Product_18091,Home & Kitchen,441.41
18092,Product_18092,Toys,1818.2
18093,Product_18093,Clothing,3031.19
18094,Product_18094,Toys,354.02
18095,Product_18095,Beauty,4258.97
18096,Product_18096,Home & Kitchen,958.4
18097,Product_18097,Beauty,97.99
18098,Product_18098,Home & Kitchen,3611.21
18099,Product_18099,Furniture,2693.82
18100,Product_18100,Beauty,4525.99
18101,Product_18101,Toys,3822.14
18102,Product_18102,Home & Kitchen,313.34
18103,Product_18103,Office Supplies,362.06
18104,Product_18104,Home & Kitchen,3530.87
18105,Product_18105,Office Supplies,4340.1
18106,Product_18106,Home & Kitchen,2564.12
18107,Product_18107,Clothing,2956.24
18108,Product_18108,Clothing,2334.06
18109,Product_18109,Beauty,2487.0
18110,Product_18110,Sports,4565.72
18111,Product_18111,Home & Kitchen,4331.97
18112,Product_18112,Beauty,2477.4
18113,Product_18113,Toys,1980.73
18114,Product_18114,Beauty,2277.96
18115,Product_18115,Beauty,2672.04
18116,Product_18116,Furniture,1596.07
18117,Product_18117,Furniture,1105.25
18118,Product_18118,Furniture,4007.42
18119,Product_18119,Furniture,3921.25
18120,Product_18120,Home & Kitchen,2238.02
18121,Product_18121,Sports,2418.4
18122,Product_18122,Clothing,2199.8
18123,Product_18123,Beauty,994.09
18124,Product_18124,Sports,1838.99
18125,Product_18125,Sports,3575.99
18126,Product_18126,Toys,281.75
18127,Product_18127,Toys,68.44
18128,Product_18128,Clothing,2468.2
18129,Product_18129,Toys,4553.43
18130,Product_18130,Electronics,390.11
18131,Product_18131,Toys,312.9
18132,Product_18132,Office Supplies,561.46
18133,Product_18133,Office Supplies,792.15
18134,Product_18134,Office Supplies,2246.51
18135,Product_18135,Clothing,1989.07
18136,Product_18136,Clothing,1199.24
18137,Product_18137,Sports,3100.87
18138,Product_18138,Furniture,355.93
18139,Product_18139,Beauty,776.93
18140,Product_18140,Beauty,3162.68
18141,Product_18141,Furniture,2470.32
18142,Product_18142,Clothing,4197.15
18143,Product_18143,Furniture,2641.65
18144,Product_18144,Toys,1744.79
18145,Product_18145,Furniture,751.49
18146,Product_18146,Toys,4836.13
18147,Product_18147,Clothing,1980.74
18148,Product_18148,Toys,1267.87
18149,Product_18149,Office Supplies,4495.68
18150,Product_18150,Toys,2229.15
18151,Product_18151,Toys,1184.01
18152,Product_18152,Sports,2314.07
18153,Product_18153,Toys,4198.8
18154,Product_18154,Clothing,3632.18
18155,Product_18155,Clothing,3169.98
18156,Product_18156,Office Supplies,1037.02
18157,Product_18157,Toys,1702.64
18158,Product_18158,Clothing,1024.42
18159,Product_18159,Electronics,1750.03
18160,Product_18160,Toys,4779.67
18161,Product_18161,Beauty,1682.06
18162,Product_18162,Electronics,4620.96
18163,Product_18163,Sports,4486.01
18164,Product_18164,Clothing,1903.76
18165,Product_18165,Sports,3663.33
18166,Product_18166,Office Supplies,3331.55
18167,Product_18167,Sports,3506.22
18168,Product_18168,Sports,2159.32
18169,Product_18169,Furniture,3084.03
18170,Product_18170,Beauty,4133.99
18171,Product_18171,Toys,181.4
18172,Product_18172,Home & Kitchen,2101.36
18173,Product_18173,Home & Kitchen,275.52
18174,Product_18174,Sports,2615.86
18175,Product_18175,Sports,113.28
18176,Product_18176,Clothing,184.62
18177,Product_18177,Office Supplies,478.59
18178,Product_18178,Electronics,4756.82
18179,Product_18179,Electronics,1030.05
18180,Product_18180,Beauty,4085.38
18181,Product_18181,Home & Kitchen,4468.14
18182,Product_18182,Sports,4818.49
18183,Product_18183,Sports,2789.17
18184,Product_18184,Sports,2396.97
18185,Product_18185,Sports,2753.75
18186,Product_18186,Furniture,1407.22
18187,Product_18187,Sports,3337.5
18188,Product_18188,Toys,1338.65
18189,Product_18189,Home & Kitchen,872.9
18190,Product_18190,Sports,537.62
18191,Product_18191,Home & Kitchen,3289.23
18192,Product_18192,Electronics,485.16
18193,Product_18193,Sports,213.09
18194,Product_18194,Home & Kitchen,3685.04
18195,Product_18195,Clothing,1594.02
18196,Product_18196,Toys,1211.89
18197,Product_18197,Home & Kitchen,893.05
18198,Product_18198,Clothing,1357.65
18199,Product_18199,Home & Kitchen,3587.09
18200,Product_18200,Beauty,1259.52
18201,Product_18201,Electronics,2276.03
18202,Product_18202,Toys,158.77
18203,Product_18203,Sports,2117.67
18204,Product_18204,Home & Kitchen,3706.63
18205,Product_18205,Electronics,528.11
18206,Product_18206,Beauty,2229.28
18207,Product_18207,Office Supplies,4051.98
18208,Product_18208,Sports,1186.41
18209,Product_18209,Furniture,4900.67
18210,Product_18210,Beauty,357.32
18211,Product_18211,Furniture,4942.42
18212,Product_18212,Clothing,1342.6
18213,Product_18213,Office Supplies,2828.25
18214,Product_18214,Toys,3108.8
18215,Product_18215,Office Supplies,3065.2
18216,Product_18216,Clothing,4083.02
18217,Product_18217,Sports,4940.46
18218,Product_18218,Clothing,2314.74
18219,Product_18219,Clothing,4884.31
18220,Product_18220,Home & Kitchen,275.67
18221,Product_18221,Sports,1331.45
18222,Product_18222,Sports,4213.88
18223,Product_18223,Sports,3974.99
18224,Product_18224,Sports,1327.07
18225,Product_18225,Furniture,355.19
18226,Product_18226,Furniture,2803.14
18227,Product_18227,Beauty,3627.67
18228,Product_18228,Sports,2989.65
18229,Product_18229,Furniture,3258.38
18230,Product_18230,Beauty,979.71
18231,Product_18231,Sports,4421.06
18232,Product_18232,Toys,4947.02
18233,Product_18233,Beauty,3396.4
18234,Product_18234,Sports,2487.48
18235,Product_18235,Office Supplies,641.79
18236,Product_18236,Toys,676.02
18237,Product_18237,Furniture,1986.09
18238,Product_18238,Furniture,138.69
18239,Product_18239,Office Supplies,4998.21
18240,Product_18240,Furniture,269.66
18241,Product_18241,Electronics,2157.97
18242,Product_18242,Sports,3358.85
18243,Product_18243,Electronics,2061.51
18244,Product_18244,Electronics,1244.73
18245,Product_18245,Home & Kitchen,1644.83
18246,Product_18246,Office Supplies,2465.97
18247,Product_18247,Toys,3195.67
18248,Product_18248,Electronics,692.78
18249,Product_18249,Office Supplies,1449.53
18250,Product_18250,Beauty,4146.8
18251,Product_18251,Sports,4912.02
18252,Product_18252,Beauty,3970.33
18253,Product_18253,Home & Kitchen,808.5
18254,Product_18254,Toys,3919.73
18255,Product_18255,Home & Kitchen,1528.52
18256,Product_18256,Toys,4549.18
18257,Product_18257,Furniture,1115.0
18258,Product_18258,Clothing,848.56
18259,Product_18259,Sports,4638.77
18260,Product_18260,Sports,4066.25
18261,Product_18261,Beauty,1311.22
18262,Product_18262,Beauty,4478.17
18263,Product_18263,Home & Kitchen,3524.7
18264,Product_18264,Home & Kitchen,2812.38
18265,Product_18265,Electronics,4025.55
18266,Product_18266,Sports,3440.35
18267,Product_18267,Sports,2841.17
18268,Product_18268,Toys,3560.56
18269,Product_18269,Home & Kitchen,2807.76
18270,Product_18270,Sports,4360.33
18271,Product_18271,Toys,3408.98
18272,Product_18272,Home & Kitchen,3830.5
18273,Product_18273,Sports,4331.53
18274,Product_18274,Furniture,32.16
18275,Product_18275,Toys,3443.22
18276,Product_18276,Sports,2355.99
18277,Product_18277,Clothing,4540.25
18278,Product_18278,Electronics,2824.44
18279,Product_18279,Beauty,3241.41
18280,Product_18280,Office Supplies,4877.77
18281,Product_18281,Furniture,4445.18
18282,Product_18282,Toys,2807.81
18283,Product_18283,Electronics,4458.17
18284,Product_18284,Beauty,3181.76
18285,Product_18285,Sports,3979.28
18286,Product_18286,Sports,4262.06
18287,Product_18287,Electronics,4832.98
18288,Product_18288,Toys,4840.6
18289,Product_18289,Electronics,2571.53
18290,Product_18290,Furniture,3261.58
18291,Product_18291,Electronics,4944.75
18292,Product_18292,Sports,1972.53
18293,Product_18293,Office Supplies,439.17
18294,Product_18294,Beauty,1646.48
18295,Product_18295,Sports,4135.07
18296,Product_18296,Beauty,2231.97
18297,Product_18297,Sports,1699.8
18298,Product_18298,Beauty,2592.94
18299,Product_18299,Toys,2712.14
18300,Product_18300,Clothing,106.41
18301,Product_18301,Office Supplies,3013.63
18302,Product_18302,Electronics,442.01
18303,Product_18303,Home & Kitchen,3079.41
18304,Product_18304,Furniture,4017.93
18305,Product_18305,Office Supplies,1436.89
18306,Product_18306,Clothing,1729.3
18307,Product_18307,Office Supplies,3823.23
18308,Product_18308,Office Supplies,1082.79
18309,Product_18309,Office Supplies,1237.05
18310,Product_18310,Electronics,4666.04
18311,Product_18311,Clothing,3080.15
18312,Product_18312,Furniture,3546.95
18313,Product_18313,Beauty,4920.15
18314,Product_18314,Home & Kitchen,92.86
18315,Product_18315,Sports,2063.5
18316,Product_18316,Electronics,1393.1
18317,Product_18317,Electronics,2509.99
18318,Product_18318,Toys,1748.91
18319,Product_18319,Clothing,4810.69
18320,Product_18320,Beauty,940.09
18321,Product_18321,Clothing,1053.13
18322,Product_18322,Toys,628.64
18323,Product_18323,Toys,453.79
18324,Product_18324,Office Supplies,4270.67
18325,Product_18325,Office Supplies,3065.99
18326,Product_18326,Home & Kitchen,942.65
18327,Product_18327,Clothing,1526.94
18328,Product_18328,Electronics,2567.66
18329,Product_18329,Furniture,2842.08
18330,Product_18330,Toys,3631.28
18331,Product_18331,Home & Kitchen,4032.18
18332,Product_18332,Beauty,2739.56
18333,Product_18333,Office Supplies,2902.88
18334,Product_18334,Furniture,3771.77
18335,Product_18335,Office Supplies,107.0
18336,Product_18336,Furniture,4003.13
18337,Product_18337,Clothing,1949.02
18338,Product_18338,Electronics,4818.18
18339,Product_18339,Home & Kitchen,188.75
18340,Product_18340,Beauty,286.95
18341,Product_18341,Toys,4357.66
18342,Product_18342,Clothing,4586.41
18343,Product_18343,Office Supplies,3893.66
18344,Product_18344,Furniture,2495.52
18345,Product_18345,Sports,2072.34
18346,Product_18346,Electronics,2054.15
18347,Product_18347,Beauty,3844.41
18348,Product_18348,Toys,3123.31
18349,Product_18349,Furniture,276.91
18350,Product_18350,Clothing,3440.07
18351,Product_18351,Sports,4385.04
18352,Product_18352,Clothing,2663.08
18353,Product_18353,Office Supplies,2873.13
18354,Product_18354,Beauty,3152.59
18355,Product_18355,Furniture,2099.65
18356,Product_18356,Clothing,3902.09
18357,Product_18357,Clothing,4099.0
18358,Product_18358,Toys,2388.34
18359,Product_18359,Electronics,1842.48
18360,Product_18360,Toys,2807.05
18361,Product_18361,Furniture,2593.72
18362,Product_18362,Clothing,4318.66
18363,Product_18363,Furniture,2344.1
18364,Product_18364,Furniture,1357.7
18365,Product_18365,Electronics,1822.13
18366,Product_18366,Sports,3952.57
18367,Product_18367,Home & Kitchen,3333.9
18368,Product_18368,Sports,2091.63
18369,Product_18369,Home & Kitchen,4403.91
18370,Product_18370,Toys,1035.56
18371,Product_18371,Electronics,2632.76
18372,Product_18372,Office Supplies,1740.13
18373,Product_18373,Clothing,1080.52
18374,Product_18374,Beauty,4839.65
18375,Product_18375,Office Supplies,4226.99
18376,Product_18376,Sports,3254.33
18377,Product_18377,Clothing,1874.47
18378,Product_18378,Toys,3480.68
18379,Product_18379,Office Supplies,1339.98
18380,Product_18380,Toys,3807.69
18381,Product_18381,Office Supplies,4080.57
18382,Product_18382,Home & Kitchen,2060.04
18383,Product_18383,Toys,2903.94
18384,Product_18384,Furniture,3716.01
18385,Product_18385,Toys,2245.92
18386,Product_18386,Office Supplies,4156.48
18387,Product_18387,Beauty,2496.62
18388,Product_18388,Sports,4786.13
18389,Product_18389,Beauty,4946.73
18390,Product_18390,Electronics,3980.05
18391,Product_18391,Sports,3932.31
18392,Product_18392,Home & Kitchen,3978.81
18393,Product_18393,Office Supplies,685.57
18394,Product_18394,Beauty,1288.69
18395,Product_18395,Sports,1549.57
18396,Product_18396,Office Supplies,4348.68
18397,Product_18397,Toys,1436.71
18398,Product_18398,Beauty,1479.28
18399,Product_18399,Toys,2996.66
18400,Product_18400,Home & Kitchen,2631.09
18401,Product_18401,Clothing,3031.45
18402,Product_18402,Home & Kitchen,2176.02
18403,Product_18403,Office Supplies,1569.8
18404,Product_18404,Home & Kitchen,1235.25
18405,Product_18405,Furniture,70.32
18406,Product_18406,Office Supplies,392.28
18407,Product_18407,Clothing,500.95
18408,Product_18408,Electronics,2020.68
18409,Product_18409,Office Supplies,2338.31
18410,Product_18410,Sports,2557.73
18411,Product_18411,Electronics,2407.43
18412,Product_18412,Office Supplies,3065.95
18413,Product_18413,Electronics,548.88
18414,Product_18414,Electronics,4169.81
18415,Product_18415,Office Supplies,1382.08
18416,Product_18416,Sports,352.56
18417,Product_18417,Sports,1315.36
18418,Product_18418,Electronics,1855.91
18419,Product_18419,Clothing,404.44
18420,Product_18420,Office Supplies,1088.84
18421,Product_18421,Sports,2128.66
18422,Product_18422,Furniture,4099.97
18423,Product_18423,Home & Kitchen,1237.96
18424,Product_18424,Clothing,1524.83
18425,Product_18425,Office Supplies,1466.86
18426,Product_18426,Toys,1919.32
18427,Product_18427,Home & Kitchen,203.55
18428,Product_18428,Electronics,1493.88
18429,Product_18429,Sports,553.65
18430,Product_18430,Clothing,2834.15
18431,Product_18431,Clothing,3162.2
18432,Product_18432,Furniture,995.32
18433,Product_18433,Beauty,3597.87
18434,Product_18434,Sports,2704.63
18435,Product_18435,Clothing,3728.43
18436,Product_18436,Furniture,3815.38
18437,Product_18437,Toys,1661.92
18438,Product_18438,Furniture,4221.87
18439,Product_18439,Beauty,2012.0
18440,Product_18440,Office Supplies,3655.0
18441,Product_18441,Furniture,1007.89
18442,Product_18442,Sports,4720.47
18443,Product_18443,Sports,400.3
18444,Product_18444,Home & Kitchen,629.24
18445,Product_18445,Office Supplies,274.06
18446,Product_18446,Electronics,321.68
18447,Product_18447,Electronics,3428.85
18448,Product_18448,Home & Kitchen,1941.34
18449,Product_18449,Clothing,2375.12
18450,Product_18450,Furniture,2905.13
18451,Product_18451,Clothing,1496.7
18452,Product_18452,Toys,2549.61
18453,Product_18453,Toys,595.15
18454,Product_18454,Toys,1863.78
18455,Product_18455,Sports,2684.5
18456,Product_18456,Beauty,1718.42
18457,Product_18457,Clothing,4225.3
18458,Product_18458,Sports,2566.5
18459,Product_18459,Office Supplies,1121.84
18460,Product_18460,Clothing,3712.38
18461,Product_18461,Furniture,1646.1
18462,Product_18462,Electronics,2509.38
18463,Product_18463,Clothing,66.48
18464,Product_18464,Office Supplies,928.01
18465,Product_18465,Toys,3687.58
18466,Product_18466,Beauty,2214.77
18467,Product_18467,Toys,2570.42
18468,Product_18468,Beauty,3421.88
18469,Product_18469,Furniture,3720.64
18470,Product_18470,Furniture,2685.11
18471,Product_18471,Beauty,467.39
18472,Product_18472,Home & Kitchen,2852.16
18473,Product_18473,Beauty,1504.57
18474,Product_18474,Toys,1574.0
18475,Product_18475,Electronics,2684.51
18476,Product_18476,Toys,718.85
18477,Product_18477,Office Supplies,3257.79
18478,Product_18478,Electronics,1821.45
18479,Product_18479,Clothing,1180.84
18480,Product_18480,Electronics,4636.81
18481,Product_18481,Home & Kitchen,4594.62
18482,Product_18482,Electronics,2174.0
18483,Product_18483,Office Supplies,3376.21
18484,Product_18484,Beauty,3605.25
18485,Product_18485,Office Supplies,1631.05
18486,Product_18486,Furniture,441.13
18487,Product_18487,Clothing,4925.07
18488,Product_18488,Office Supplies,960.81
18489,Product_18489,Toys,3231.48
18490,Product_18490,Furniture,4004.8
18491,Product_18491,Toys,2580.26
18492,Product_18492,Toys,4475.33
18493,Product_18493,Clothing,2522.13
18494,Product_18494,Office Supplies,3891.26
18495,Product_18495,Sports,3457.78
18496,Product_18496,Sports,2142.97
18497,Product_18497,Home & Kitchen,1066.61
18498,Product_18498,Clothing,4013.93
18499,Product_18499,Sports,3081.47
18500,Product_18500,Clothing,1276.44
18501,Product_18501,Electronics,1264.32
18502,Product_18502,Furniture,3992.53
18503,Product_18503,Office Supplies,2791.16
18504,Product_18504,Office Supplies,1368.53
18505,Product_18505,Beauty,4412.77
18506,Product_18506,Electronics,4100.72
18507,Product_18507,Furniture,1957.55
18508,Product_18508,Electronics,2659.05
18509,Product_18509,Beauty,532.51
18510,Product_18510,Home & Kitchen,2860.69
18511,Product_18511,Home & Kitchen,945.61
18512,Product_18512,Home & Kitchen,3781.07
18513,Product_18513,Sports,4695.03
18514,Product_18514,Furniture,1240.57
18515,Product_18515,Clothing,957.74
18516,Product_18516,Electronics,648.86
18517,Product_18517,Toys,2378.35
18518,Product_18518,Electronics,423.29
18519,Product_18519,Beauty,1612.23
18520,Product_18520,Office Supplies,94.68
18521,Product_18521,Sports,3884.58
18522,Product_18522,Office Supplies,2391.87
18523,Product_18523,Office Supplies,385.25
18524,Product_18524,Clothing,4811.93
18525,Product_18525,Office Supplies,2674.82
18526,Product_18526,Sports,2402.19
18527,Product_18527,Furniture,3526.69
18528,Product_18528,Office Supplies,1776.78
18529,Product_18529,Toys,865.88
18530,Product_18530,Clothing,1348.95
18531,Product_18531,Toys,3228.22
18532,Product_18532,Office Supplies,469.21
18533,Product_18533,Home & Kitchen,703.29
18534,Product_18534,Beauty,4664.59
18535,Product_18535,Clothing,1473.32
18536,Product_18536,Beauty,660.78
18537,Product_18537,Electronics,4066.77
18538,Product_18538,Clothing,3386.52
18539,Product_18539,Beauty,3438.57
18540,Product_18540,Home & Kitchen,1847.02
18541,Product_18541,Sports,2000.9
18542,Product_18542,Sports,2373.88
18543,Product_18543,Beauty,2308.3
18544,Product_18544,Home & Kitchen,4027.37
18545,Product_18545,Electronics,240.28
18546,Product_18546,Toys,2202.75
18547,Product_18547,Furniture,3153.45
18548,Product_18548,Home & Kitchen,3817.44
18549,Product_18549,Furniture,4229.81
18550,Product_18550,Sports,864.57
18551,Product_18551,Toys,545.33
18552,Product_18552,Office Supplies,1454.95
18553,Product_18553,Electronics,2533.86
18554,Product_18554,Furniture,2000.09
18555,Product_18555,Beauty,1728.18
18556,Product_18556,Clothing,1588.05
18557,Product_18557,Office Supplies,1008.57
18558,Product_18558,Home & Kitchen,4673.16
18559,Product_18559,Sports,2615.03
18560,Product_18560,Clothing,549.55
18561,Product_18561,Home & Kitchen,1495.67
18562,Product_18562,Home & Kitchen,2016.2
18563,Product_18563,Furniture,172.06
18564,Product_18564,Home & Kitchen,2481.69
18565,Product_18565,Sports,2479.04
18566,Product_18566,Sports,753.38
18567,Product_18567,Clothing,2787.89
18568,Product_18568,Sports,1713.84
18569,Product_18569,Toys,3701.75
18570,Product_18570,Furniture,1771.58
18571,Product_18571,Toys,936.28
18572,Product_18572,Clothing,1544.04
18573,Product_18573,Toys,24.32
18574,Product_18574,Beauty,1580.77
18575,Product_18575,Home & Kitchen,4642.74
18576,Product_18576,Clothing,742.34
18577,Product_18577,Electronics,2800.78
18578,Product_18578,Furniture,976.28
18579,Product_18579,Home & Kitchen,2627.08
18580,Product_18580,Home & Kitchen,3620.63
18581,Product_18581,Office Supplies,2121.61
18582,Product_18582,Toys,235.57
18583,Product_18583,Beauty,370.24
18584,Product_18584,Office Supplies,4012.95
18585,Product_18585,Toys,521.11
18586,Product_18586,Clothing,2647.06
18587,Product_18587,Clothing,503.24
18588,Product_18588,Clothing,4735.41
18589,Product_18589,Beauty,1309.41
18590,Product_18590,Toys,1299.56
18591,Product_18591,Toys,3264.86
18592,Product_18592,Sports,4790.09
18593,Product_18593,Clothing,4887.34
18594,Product_18594,Beauty,1319.72
18595,Product_18595,Electronics,2063.23
18596,Product_18596,Clothing,348.02
18597,Product_18597,Electronics,4942.98
18598,Product_18598,Furniture,44.79
18599,Product_18599,Furniture,4771.13
18600,Product_18600,Office Supplies,3331.47
18601,Product_18601,Beauty,4604.75
18602,Product_18602,Clothing,3419.15
18603,Product_18603,Toys,3182.09
18604,Product_18604,Electronics,4609.57
18605,Product_18605,Office Supplies,2777.49
18606,Product_18606,Electronics,2898.3
18607,Product_18607,Sports,2329.04
18608,Product_18608,Office Supplies,568.75
18609,Product_18609,Beauty,136.24
18610,Product_18610,Beauty,1187.87
18611,Product_18611,Home & Kitchen,2113.32
18612,Product_18612,Home & Kitchen,3097.98
18613,Product_18613,Beauty,3038.23
18614,Product_18614,Office Supplies,2986.24
18615,Product_18615,Toys,3211.57
18616,Product_18616,Sports,330.1
18617,Product_18617,Toys,71.2
18618,Product_18618,Home & Kitchen,1529.2
18619,Product_18619,Electronics,4275.16
18620,Product_18620,Toys,1319.1
18621,Product_18621,Sports,341.44
18622,Product_18622,Clothing,39.78
18623,Product_18623,Office Supplies,2179.74
18624,Product_18624,Electronics,2889.79
18625,Product_18625,Home & Kitchen,4156.87
18626,Product_18626,Sports,704.92
18627,Product_18627,Furniture,4758.61
18628,Product_18628,Sports,1267.67
18629,Product_18629,Furniture,4249.29
18630,Product_18630,Toys,2444.97
18631,Product_18631,Furniture,817.89
18632,Product_18632,Furniture,1222.26
18633,Product_18633,Clothing,4815.95
18634,Product_18634,Office Supplies,2765.34
18635,Product_18635,Office Supplies,4803.85
18636,Product_18636,Office Supplies,4193.78
18637,Product_18637,Electronics,4570.99
18638,Product_18638,Office Supplies,3804.77
18639,Product_18639,Office Supplies,3022.43
18640,Product_18640,Electronics,1151.52
18641,Product_18641,Sports,4301.3
18642,Product_18642,Furniture,1417.93
18643,Product_18643,Beauty,3343.49
18644,Product_18644,Home & Kitchen,2063.84
18645,Product_18645,Furniture,394.54
18646,Product_18646,Home & Kitchen,3284.47
18647,Product_18647,Toys,3075.48
18648,Product_18648,Electronics,1852.5
18649,Product_18649,Office Supplies,288.84
18650,Product_18650,Beauty,220.19
18651,Product_18651,Office Supplies,2421.25
18652,Product_18652,Sports,1474.45
18653,Product_18653,Toys,308.27
18654,Product_18654,Office Supplies,1985.55
18655,Product_18655,Toys,1877.97
18656,Product_18656,Furniture,4758.57
18657,Product_18657,Beauty,4336.58
18658,Product_18658,Toys,136.84
18659,Product_18659,Sports,4149.91
18660,Product_18660,Clothing,2858.13
18661,Product_18661,Beauty,1201.37
18662,Product_18662,Office Supplies,3181.49
18663,Product_18663,Beauty,839.39
18664,Product_18664,Toys,1055.83
18665,Product_18665,Home & Kitchen,192.98
18666,Product_18666,Furniture,3247.42
18667,Product_18667,Office Supplies,2192.4
18668,Product_18668,Office Supplies,1766.94
18669,Product_18669,Furniture,1496.85
18670,Product_18670,Clothing,2417.71
18671,Product_18671,Beauty,1374.57
18672,Product_18672,Office Supplies,1284.18
18673,Product_18673,Electronics,4690.5
18674,Product_18674,Electronics,4785.21
18675,Product_18675,Furniture,1608.45
18676,Product_18676,Toys,2374.71
18677,Product_18677,Furniture,202.67
18678,Product_18678,Sports,394.26
18679,Product_18679,Sports,235.83
18680,Product_18680,Beauty,3212.8
18681,Product_18681,Office Supplies,896.45
18682,Product_18682,Furniture,2828.67
18683,Product_18683,Beauty,983.62
18684,Product_18684,Toys,2642.56
18685,Product_18685,Furniture,4932.69
18686,Product_18686,Home & Kitchen,4804.05
18687,Product_18687,Electronics,4129.99
18688,Product_18688,Clothing,4043.01
18689,Product_18689,Electronics,250.23
18690,Product_18690,Electronics,2824.29
18691,Product_18691,Clothing,2849.41
18692,Product_18692,Home & Kitchen,2649.24
18693,Product_18693,Beauty,3906.96
18694,Product_18694,Electronics,237.27
18695,Product_18695,Electronics,1035.61
18696,Product_18696,Home & Kitchen,4925.19
18697,Product_18697,Home & Kitchen,2328.68
18698,Product_18698,Home & Kitchen,4872.94
18699,Product_18699,Clothing,3872.83
18700,Product_18700,Sports,2892.08
18701,Product_18701,Office Supplies,4498.11
18702,Product_18702,Home & Kitchen,2383.15
18703,Product_18703,Home & Kitchen,280.81
18704,Product_18704,Electronics,499.26
18705,Product_18705,Office Supplies,4863.67
18706,Product_18706,Office Supplies,1976.96
18707,Product_18707,Home & Kitchen,1747.93
18708,Product_18708,Furniture,2814.3
18709,Product_18709,Sports,1585.67
18710,Product_18710,Furniture,2696.43
18711,Product_18711,Furniture,2916.92
18712,Product_18712,Electronics,3015.07
18713,Product_18713,Sports,3508.12
18714,Product_18714,Furniture,4990.46
18715,Product_18715,Toys,3125.6
18716,Product_18716,Toys,2746.32
18717,Product_18717,Furniture,2367.34
18718,Product_18718,Toys,1825.79
18719,Product_18719,Office Supplies,1748.83
18720,Product_18720,Electronics,2218.4
18721,Product_18721,Furniture,3683.93
18722,Product_18722,Sports,3557.52
18723,Product_18723,Furniture,2332.2
18724,Product_18724,Furniture,4983.2
18725,Product_18725,Electronics,606.59
18726,Product_18726,Home & Kitchen,1472.0
18727,Product_18727,Office Supplies,1799.85
18728,Product_18728,Beauty,4733.84
18729,Product_18729,Beauty,3333.77
18730,Product_18730,Electronics,3903.31
18731,Product_18731,Beauty,3972.21
18732,Product_18732,Electronics,114.77
18733,Product_18733,Office Supplies,709.58
18734,Product_18734,Office Supplies,2899.35
18735,Product_18735,Beauty,4742.56
18736,Product_18736,Clothing,4034.96
18737,Product_18737,Clothing,4288.46
18738,Product_18738,Clothing,2052.34
18739,Product_18739,Office Supplies,2505.18
18740,Product_18740,Clothing,1486.79
18741,Product_18741,Home & Kitchen,1280.46
18742,Product_18742,Office Supplies,4784.33
18743,Product_18743,Home & Kitchen,4225.59
18744,Product_18744,Electronics,1243.19
18745,Product_18745,Electronics,3627.46
18746,Product_18746,Beauty,1390.42
18747,Product_18747,Beauty,1636.53
18748,Product_18748,Sports,2575.17
18749,Product_18749,Sports,4215.49
18750,Product_18750,Office Supplies,3537.91
18751,Product_18751,Toys,4437.62
18752,Product_18752,Home & Kitchen,3872.37
18753,Product_18753,Clothing,584.12
18754,Product_18754,Sports,2751.63
18755,Product_18755,Toys,140.16
18756,Product_18756,Toys,3546.72
18757,Product_18757,Office Supplies,382.5
18758,Product_18758,Clothing,1230.43
18759,Product_18759,Furniture,1752.94
18760,Product_18760,Beauty,4764.42
18761,Product_18761,Beauty,3309.88
18762,Product_18762,Office Supplies,2485.4
18763,Product_18763,Furniture,1987.24
18764,Product_18764,Furniture,246.76
18765,Product_18765,Clothing,3973.07
18766,Product_18766,Furniture,1656.28
18767,Product_18767,Toys,3790.12
18768,Product_18768,Home & Kitchen,2425.92
18769,Product_18769,Beauty,1902.12
18770,Product_18770,Furniture,322.24
18771,Product_18771,Electronics,3780.14
18772,Product_18772,Electronics,202.79
18773,Product_18773,Clothing,1770.35
18774,Product_18774,Clothing,1141.84
18775,Product_18775,Home & Kitchen,4022.51
18776,Product_18776,Clothing,2996.34
18777,Product_18777,Furniture,4638.61
18778,Product_18778,Toys,549.66
18779,Product_18779,Furniture,3819.07
18780,Product_18780,Electronics,1691.41
18781,Product_18781,Beauty,2787.66
18782,Product_18782,Furniture,1847.56
18783,Product_18783,Electronics,1697.71
18784,Product_18784,Sports,4179.81
18785,Product_18785,Electronics,929.47
18786,Product_18786,Home & Kitchen,2046.66
18787,Product_18787,Office Supplies,4055.69
18788,Product_18788,Sports,1909.74
18789,Product_18789,Beauty,3369.67
18790,Product_18790,Clothing,2631.12
18791,Product_18791,Home & Kitchen,1485.31
18792,Product_18792,Furniture,3136.26
18793,Product_18793,Electronics,2922.78
18794,Product_18794,Furniture,2549.26
18795,Product_18795,Sports,2894.93
18796,Product_18796,Toys,4492.94
18797,Product_18797,Toys,1894.0
18798,Product_18798,Furniture,3852.79
18799,Product_18799,Home & Kitchen,1667.82
18800,Product_18800,Toys,406.28
18801,Product_18801,Toys,1404.54
18802,Product_18802,Toys,685.6
18803,Product_18803,Beauty,145.25
18804,Product_18804,Clothing,3844.09
18805,Product_18805,Furniture,3159.66
18806,Product_18806,Electronics,2423.97
18807,Product_18807,Beauty,1961.78
18808,Product_18808,Sports,530.13
18809,Product_18809,Beauty,1516.67
18810,Product_18810,Office Supplies,4029.5
18811,Product_18811,Toys,2898.17
18812,Product_18812,Furniture,2916.37
18813,Product_18813,Sports,967.33
18814,Product_18814,Clothing,1559.79
18815,Product_18815,Furniture,2643.46
18816,Product_18816,Toys,2914.46
18817,Product_18817,Furniture,3418.4
18818,Product_18818,Beauty,1492.11
18819,Product_18819,Office Supplies,1584.08
18820,Product_18820,Office Supplies,2014.16
18821,Product_18821,Toys,725.16
18822,Product_18822,Furniture,4441.05
18823,Product_18823,Toys,4809.71
18824,Product_18824,Toys,579.85
18825,Product_18825,Clothing,1040.04
18826,Product_18826,Sports,1396.22
18827,Product_18827,Furniture,1746.24
18828,Product_18828,Toys,3403.6
18829,Product_18829,Furniture,4714.24
18830,Product_18830,Toys,2432.24
18831,Product_18831,Home & Kitchen,2061.71
18832,Product_18832,Clothing,2167.38
18833,Product_18833,Home & Kitchen,1884.12
18834,Product_18834,Electronics,86.12
18835,Product_18835,Home & Kitchen,416.61
18836,Product_18836,Beauty,1693.68
18837,Product_18837,Clothing,3088.84
18838,Product_18838,Home & Kitchen,3111.27
18839,Product_18839,Toys,1914.29
18840,Product_18840,Home & Kitchen,948.03
18841,Product_18841,Beauty,4207.43
18842,Product_18842,Office Supplies,2188.32
18843,Product_18843,Toys,2540.73
18844,Product_18844,Toys,962.21
18845,Product_18845,Clothing,1500.95
18846,Product_18846,Electronics,748.1
18847,Product_18847,Furniture,534.17
18848,Product_18848,Electronics,4716.07
18849,Product_18849,Beauty,4901.05
18850,Product_18850,Beauty,4507.06
18851,Product_18851,Clothing,4364.87
18852,Product_18852,Sports,2266.99
18853,Product_18853,Home & Kitchen,4880.85
18854,Product_18854,Beauty,1946.78
18855,Product_18855,Beauty,1352.33
18856,Product_18856,Home & Kitchen,3113.65
18857,Product_18857,Toys,2805.32
18858,Product_18858,Beauty,2462.49
18859,Product_18859,Clothing,4199.12
18860,Product_18860,Beauty,80.19
18861,Product_18861,Beauty,4957.74
18862,Product_18862,Toys,1629.83
18863,Product_18863,Office Supplies,4843.76
18864,Product_18864,Clothing,4310.61
18865,Product_18865,Home & Kitchen,156.29
18866,Product_18866,Sports,3394.09
18867,Product_18867,Beauty,924.24
18868,Product_18868,Beauty,4703.1
18869,Product_18869,Toys,3707.76
18870,Product_18870,Sports,4360.43
18871,Product_18871,Home & Kitchen,717.08
18872,Product_18872,Home & Kitchen,3977.5
18873,Product_18873,Clothing,2799.96
18874,Product_18874,Office Supplies,792.76
18875,Product_18875,Toys,1612.12
18876,Product_18876,Furniture,4123.92
18877,Product_18877,Toys,333.07
18878,Product_18878,Sports,3087.82
18879,Product_18879,Toys,3407.12
18880,Product_18880,Home & Kitchen,1947.69
18881,Product_18881,Furniture,991.98
18882,Product_18882,Home & Kitchen,1970.69
18883,Product_18883,Home & Kitchen,4712.09
18884,Product_18884,Home & Kitchen,649.91
18885,Product_18885,Clothing,237.83
18886,Product_18886,Furniture,4141.76
18887,Product_18887,Clothing,773.38
18888,Product_18888,Clothing,1244.36
18889,Product_18889,Home & Kitchen,2517.09
18890,Product_18890,Toys,376.11
18891,Product_18891,Home & Kitchen,3252.91
18892,Product_18892,Sports,3804.77
18893,Product_18893,Electronics,4904.46
18894,Product_18894,Clothing,1584.79
18895,Product_18895,Home & Kitchen,3284.26
18896,Product_18896,Office Supplies,4641.11
18897,Product_18897,Toys,2862.37
18898,Product_18898,Home & Kitchen,4678.58
18899,Product_18899,Electronics,1406.47
18900,Product_18900,Clothing,1381.35
18901,Product_18901,Toys,2168.45
18902,Product_18902,Sports,2354.16
18903,Product_18903,Beauty,1324.46
18904,Product_18904,Furniture,398.33
18905,Product_18905,Office Supplies,3566.38
18906,Product_18906,Furniture,4916.91
18907,Product_18907,Beauty,3206.62
18908,Product_18908,Sports,3949.98
18909,Product_18909,Office Supplies,959.27
18910,Product_18910,Home & Kitchen,491.52
18911,Product_18911,Home & Kitchen,3943.16
18912,Product_18912,Furniture,1863.88
18913,Product_18913,Clothing,3304.47
18914,Product_18914,Beauty,1635.41
18915,Product_18915,Sports,1433.67
18916,Product_18916,Electronics,4324.82
18917,Product_18917,Furniture,1912.59
18918,Product_18918,Toys,3949.12
18919,Product_18919,Home & Kitchen,1610.01
18920,Product_18920,Beauty,797.22
18921,Product_18921,Electronics,455.49
18922,Product_18922,Electronics,312.75
18923,Product_18923,Electronics,2214.91
18924,Product_18924,Home & Kitchen,2574.01
18925,Product_18925,Beauty,3141.61
18926,Product_18926,Office Supplies,4538.11
18927,Product_18927,Toys,4788.81
18928,Product_18928,Office Supplies,4597.23
18929,Product_18929,Furniture,2542.13
18930,Product_18930,Beauty,385.59
18931,Product_18931,Home & Kitchen,2166.07
18932,Product_18932,Office Supplies,4158.19
18933,Product_18933,Toys,2700.05
18934,Product_18934,Electronics,319.05
18935,Product_18935,Electronics,4461.71
18936,Product_18936,Office Supplies,4682.15
18937,Product_18937,Beauty,1675.52
18938,Product_18938,Electronics,795.99
18939,Product_18939,Beauty,548.48
18940,Product_18940,Clothing,1565.88
18941,Product_18941,Clothing,2725.2
18942,Product_18942,Clothing,27.25
18943,Product_18943,Beauty,4416.46
18944,Product_18944,Toys,131.59
18945,Product_18945,Furniture,2218.72
18946,Product_18946,Clothing,2982.15
18947,Product_18947,Toys,2276.74
18948,Product_18948,Electronics,4507.68
18949,Product_18949,Beauty,1097.93
18950,Product_18950,Furniture,2415.42
18951,Product_18951,Sports,1472.91
18952,Product_18952,Electronics,4963.75
18953,Product_18953,Toys,1970.18
18954,Product_18954,Furniture,3861.54
18955,Product_18955,Toys,1237.31
18956,Product_18956,Furniture,4780.14
18957,Product_18957,Furniture,3074.77
18958,Product_18958,Office Supplies,4053.2
18959,Product_18959,Sports,3713.16
18960,Product_18960,Office Supplies,4196.29
18961,Product_18961,Sports,1276.55
18962,Product_18962,Home & Kitchen,65.19
18963,Product_18963,Office Supplies,4487.25
18964,Product_18964,Furniture,3255.32
18965,Product_18965,Furniture,3920.65
18966,Product_18966,Furniture,207.09
18967,Product_18967,Furniture,1786.54
18968,Product_18968,Clothing,4409.31
18969,Product_18969,Electronics,1919.3
18970,Product_18970,Electronics,509.53
18971,Product_18971,Furniture,711.19
18972,Product_18972,Toys,4474.36
18973,Product_18973,Office Supplies,4429.02
18974,Product_18974,Sports,3660.62
18975,Product_18975,Toys,25.88
18976,Product_18976,Toys,1799.59
18977,Product_18977,Clothing,2049.9
18978,Product_18978,Toys,1713.08
18979,Product_18979,Toys,692.37
18980,Product_18980,Furniture,4272.83
18981,Product_18981,Electronics,3712.46
18982,Product_18982,Clothing,2154.98
18983,Product_18983,Furniture,3581.26
18984,Product_18984,Sports,2538.84
18985,Product_18985,Clothing,4367.13
18986,Product_18986,Electronics,1955.57
18987,Product_18987,Furniture,246.94
18988,Product_18988,Beauty,1951.95
18989,Product_18989,Sports,2608.51
18990,Product_18990,Electronics,2291.24
18991,Product_18991,Toys,570.98
18992,Product_18992,Beauty,1888.65
18993,Product_18993,Furniture,1856.99
18994,Product_18994,Office Supplies,2184.99
18995,Product_18995,Sports,4306.8
18996,Product_18996,Home & Kitchen,3965.48
18997,Product_18997,Sports,576.9
18998,Product_18998,Furniture,802.66
18999,Product_18999,Clothing,2210.3
19000,Product_19000,Electronics,4791.67
19001,Product_19001,Clothing,596.98
19002,Product_19002,Sports,4218.54
19003,Product_19003,Office Supplies,4144.99
19004,Product_19004,Home & Kitchen,691.95
19005,Product_19005,Beauty,333.92
19006,Product_19006,Furniture,1776.49
19007,Product_19007,Office Supplies,1561.29
19008,Product_19008,Sports,750.8
19009,Product_19009,Office Supplies,4789.7
19010,Product_19010,Clothing,3685.91
19011,Product_19011,Office Supplies,3604.01
19012,Product_19012,Clothing,2277.22
19013,Product_19013,Sports,785.26
19014,Product_19014,Home & Kitchen,3660.2
19015,Product_19015,Furniture,4546.72
19016,Product_19016,Sports,880.47
19017,Product_19017,Beauty,2329.27
19018,Product_19018,Toys,3709.08
19019,Product_19019,Office Supplies,4734.87
19020,Product_19020,Home & Kitchen,3220.92
19021,Product_19021,Electronics,3507.59
19022,Product_19022,Home & Kitchen,3066.07
19023,Product_19023,Furniture,4866.16
19024,Product_19024,Electronics,121.04
19025,Product_19025,Office Supplies,1818.95
19026,Product_19026,Clothing,256.45
19027,Product_19027,Electronics,3904.1
19028,Product_19028,Electronics,1933.1
19029,Product_19029,Sports,3142.77
19030,Product_19030,Furniture,2681.27
19031,Product_19031,Clothing,4979.1
19032,Product_19032,Furniture,1443.71
19033,Product_19033,Beauty,2149.54
19034,Product_19034,Home & Kitchen,449.91
19035,Product_19035,Office Supplies,1819.49
19036,Product_19036,Sports,4250.41
19037,Product_19037,Furniture,390.11
19038,Product_19038,Beauty,3561.14
19039,Product_19039,Clothing,1348.52
19040,Product_19040,Clothing,3782.81
19041,Product_19041,Beauty,2189.15
19042,Product_19042,Beauty,954.08
19043,Product_19043,Electronics,3530.9
19044,Product_19044,Office Supplies,2356.05
19045,Product_19045,Electronics,2188.21
19046,Product_19046,Sports,622.6
19047,Product_19047,Furniture,357.98
19048,Product_19048,Sports,240.64
19049,Product_19049,Clothing,4961.98
19050,Product_19050,Electronics,2753.36
19051,Product_19051,Furniture,351.71
19052,Product_19052,Home & Kitchen,1287.42
19053,Product_19053,Toys,1700.51
19054,Product_19054,Furniture,4581.29
19055,Product_19055,Office Supplies,2167.68
19056,Product_19056,Toys,3365.18
19057,Product_19057,Sports,1912.77
19058,Product_19058,Toys,695.6
19059,Product_19059,Sports,124.24
19060,Product_19060,Home & Kitchen,137.83
19061,Product_19061,Electronics,528.03
19062,Product_19062,Clothing,1406.76
19063,Product_19063,Electronics,1281.98
19064,Product_19064,Sports,3526.56
19065,Product_19065,Electronics,4120.57
19066,Product_19066,Beauty,504.41
19067,Product_19067,Home & Kitchen,1567.01
19068,Product_19068,Office Supplies,3169.22
19069,Product_19069,Clothing,1519.48
19070,Product_19070,Electronics,2118.57
19071,Product_19071,Toys,3475.25
19072,Product_19072,Furniture,4667.82
19073,Product_19073,Toys,486.99
19074,Product_19074,Home & Kitchen,4839.44
19075,Product_19075,Clothing,4238.94
19076,Product_19076,Office Supplies,4625.16
19077,Product_19077,Office Supplies,4622.57
19078,Product_19078,Beauty,3854.05
19079,Product_19079,Office Supplies,345.52
19080,Product_19080,Toys,3839.83
19081,Product_19081,Electronics,356.39
19082,Product_19082,Furniture,4451.08
19083,Product_19083,Beauty,4839.69
19084,Product_19084,Electronics,3296.18
19085,Product_19085,Home & Kitchen,1761.58
19086,Product_19086,Office Supplies,225.03
19087,Product_19087,Beauty,951.46
19088,Product_19088,Office Supplies,3182.14
19089,Product_19089,Home & Kitchen,648.53
19090,Product_19090,Home & Kitchen,2154.67
19091,Product_19091,Electronics,280.45
19092,Product_19092,Electronics,2488.28
19093,Product_19093,Office Supplies,380.43
19094,Product_19094,Electronics,3294.06
19095,Product_19095,Furniture,2814.19
19096,Product_19096,Office Supplies,4210.95
19097,Product_19097,Home & Kitchen,1903.41
19098,Product_19098,Electronics,3727.36
19099,Product_19099,Office Supplies,2222.32
19100,Product_19100,Sports,4405.91
19101,Product_19101,Home & Kitchen,350.94
19102,Product_19102,Sports,2164.73
19103,Product_19103,Home & Kitchen,3846.69
19104,Product_19104,Office Supplies,1407.64
19105,Product_19105,Furniture,1688.72
19106,Product_19106,Sports,39.67
19107,Product_19107,Clothing,2893.28
19108,Product_19108,Office Supplies,3196.65
19109,Product_19109,Electronics,2052.91
19110,Product_19110,Office Supplies,3966.47
19111,Product_19111,Furniture,3374.58
19112,Product_19112,Office Supplies,4813.2
19113,Product_19113,Home & Kitchen,1623.59
19114,Product_19114,Sports,131.71
19115,Product_19115,Furniture,4357.24
19116,Product_19116,Home & Kitchen,3719.94
19117,Product_19117,Electronics,4334.5
19118,Product_19118,Office Supplies,1181.92
19119,Product_19119,Beauty,1007.17
19120,Product_19120,Clothing,2511.38
19121,Product_19121,Electronics,2564.24
19122,Product_19122,Toys,1810.25
19123,Product_19123,Beauty,800.24
19124,Product_19124,Furniture,3578.12
19125,Product_19125,Home & Kitchen,1162.97
19126,Product_19126,Office Supplies,4227.7
19127,Product_19127,Office Supplies,1321.14
19128,Product_19128,Toys,740.85
19129,Product_19129,Electronics,1512.96
19130,Product_19130,Beauty,3616.22
19131,Product_19131,Sports,2801.34
19132,Product_19132,Furniture,2179.39
19133,Product_19133,Beauty,4940.33
19134,Product_19134,Beauty,1191.33
19135,Product_19135,Office Supplies,3608.99
19136,Product_19136,Furniture,2044.83
19137,Product_19137,Office Supplies,4827.91
19138,Product_19138,Toys,779.18
19139,Product_19139,Home & Kitchen,2335.23
19140,Product_19140,Toys,2513.96
19141,Product_19141,Toys,895.52
19142,Product_19142,Furniture,2487.01
19143,Product_19143,Beauty,2859.04
19144,Product_19144,Home & Kitchen,289.65
19145,Product_19145,Home & Kitchen,1040.29
19146,Product_19146,Beauty,3195.65
19147,Product_19147,Home & Kitchen,2449.3
19148,Product_19148,Furniture,811.64
19149,Product_19149,Clothing,1833.58
19150,Product_19150,Furniture,2325.97
19151,Product_19151,Furniture,977.73
19152,Product_19152,Toys,4553.82
19153,Product_19153,Sports,3348.92
19154,Product_19154,Furniture,3074.7
19155,Product_19155,Home & Kitchen,1526.6
19156,Product_19156,Beauty,3956.08
19157,Product_19157,Home & Kitchen,3400.59
19158,Product_19158,Sports,1832.85
19159,Product_19159,Home & Kitchen,4406.21
19160,Product_19160,Beauty,853.13
19161,Product_19161,Home & Kitchen,502.85
19162,Product_19162,Clothing,26.04
19163,Product_19163,Office Supplies,1795.77
19164,Product_19164,Toys,407.44
19165,Product_19165,Furniture,1105.94
19166,Product_19166,Sports,3411.84
19167,Product_19167,Beauty,4491.98
19168,Product_19168,Beauty,731.1
19169,Product_19169,Toys,286.06
19170,Product_19170,Home & Kitchen,1253.72
19171,Product_19171,Furniture,2397.21
19172,Product_19172,Beauty,2441.19
19173,Product_19173,Furniture,2714.96
19174,Product_19174,Home & Kitchen,3876.23
19175,Product_19175,Sports,2092.99
19176,Product_19176,Home & Kitchen,3332.47
19177,Product_19177,Office Supplies,2643.63
19178,Product_19178,Sports,1492.29
19179,Product_19179,Office Supplies,2983.86
19180,Product_19180,Home & Kitchen,4251.91
19181,Product_19181,Home & Kitchen,999.6
19182,Product_19182,Sports,3122.02
19183,Product_19183,Electronics,2114.86
19184,Product_19184,Sports,1969.19
19185,Product_19185,Beauty,2992.61
19186,Product_19186,Clothing,2312.79
19187,Product_19187,Electronics,1563.44
19188,Product_19188,Home & Kitchen,1016.31
19189,Product_19189,Office Supplies,3546.9
19190,Product_19190,Furniture,3607.99
19191,Product_19191,Clothing,4010.5
19192,Product_19192,Beauty,1482.53
19193,Product_19193,Clothing,375.78
19194,Product_19194,Electronics,1692.26
19195,Product_19195,Furniture,2328.46
19196,Product_19196,Furniture,340.79
19197,Product_19197,Sports,2473.1
19198,Product_19198,Beauty,1638.29
19199,Product_19199,Office Supplies,3455.69
19200,Product_19200,Furniture,965.33
19201,Product_19201,Home & Kitchen,4439.94
19202,Product_19202,Electronics,2738.47
19203,Product_19203,Beauty,160.16
19204,Product_19204,Furniture,3561.51
19205,Product_19205,Furniture,3202.47
19206,Product_19206,Sports,104.09
19207,Product_19207,Toys,3347.48
19208,Product_19208,Furniture,3038.49
19209,Product_19209,Beauty,4242.83
19210,Product_19210,Clothing,3435.46
19211,Product_19211,Clothing,3236.43
19212,Product_19212,Clothing,3385.57
19213,Product_19213,Beauty,3083.11
19214,Product_19214,Sports,1605.3
19215,Product_19215,Beauty,4735.71
19216,Product_19216,Clothing,2333.34
19217,Product_19217,Furniture,1457.75
19218,Product_19218,Furniture,2386.73
19219,Product_19219,Home & Kitchen,3186.54
19220,Product_19220,Home & Kitchen,2879.33
19221,Product_19221,Electronics,4797.58
19222,Product_19222,Clothing,969.53
19223,Product_19223,Furniture,4303.66
19224,Product_19224,Beauty,4159.3
19225,Product_19225,Beauty,4260.66
19226,Product_19226,Clothing,3710.12
19227,Product_19227,Beauty,3279.66
19228,Product_19228,Sports,768.75
19229,Product_19229,Furniture,475.8
19230,Product_19230,Sports,2559.0
19231,Product_19231,Furniture,1464.14
19232,Product_19232,Office Supplies,1934.12
19233,Product_19233,Furniture,2277.6
19234,Product_19234,Office Supplies,939.46
19235,Product_19235,Electronics,2318.67
19236,Product_19236,Electronics,2662.28
19237,Product_19237,Toys,3693.74
19238,Product_19238,Sports,1887.46
19239,Product_19239,Beauty,2673.77
19240,Product_19240,Clothing,321.31
19241,Product_19241,Office Supplies,4042.95
19242,Product_19242,Beauty,4745.83
19243,Product_19243,Toys,1157.77
19244,Product_19244,Sports,2081.58
19245,Product_19245,Beauty,1733.42
19246,Product_19246,Beauty,1974.86
19247,Product_19247,Toys,676.9
19248,Product_19248,Sports,30.38
19249,Product_19249,Sports,4173.48
19250,Product_19250,Clothing,876.24
19251,Product_19251,Beauty,1062.48
19252,Product_19252,Clothing,2575.99
19253,Product_19253,Home & Kitchen,850.96
19254,Product_19254,Clothing,965.4
19255,Product_19255,Toys,2170.55
19256,Product_19256,Beauty,1778.95
19257,Product_19257,Home & Kitchen,1967.91
19258,Product_19258,Furniture,2507.97
19259,Product_19259,Electronics,212.38
19260,Product_19260,Sports,1234.5
19261,Product_19261,Home & Kitchen,1307.67
19262,Product_19262,Office Supplies,760.69
19263,Product_19263,Clothing,3503.11
19264,Product_19264,Clothing,4974.99
19265,Product_19265,Beauty,2769.11
19266,Product_19266,Office Supplies,3630.32
19267,Product_19267,Furniture,413.17
19268,Product_19268,Home & Kitchen,1678.42
19269,Product_19269,Electronics,2492.65
19270,Product_19270,Home & Kitchen,2464.14
19271,Product_19271,Sports,2416.07
19272,Product_19272,Sports,2107.71
19273,Product_19273,Home & Kitchen,1229.94
19274,Product_19274,Toys,2488.01
19275,Product_19275,Home & Kitchen,2451.79
19276,Product_19276,Sports,3224.43
19277,Product_19277,Home & Kitchen,1593.11
19278,Product_19278,Toys,1144.57
19279,Product_19279,Home & Kitchen,648.93
19280,Product_19280,Furniture,2534.59
19281,Product_19281,Toys,1305.54
19282,Product_19282,Home & Kitchen,1820.22
19283,Product_19283,Home & Kitchen,516.72
19284,Product_19284,Clothing,734.77
19285,Product_19285,Home & Kitchen,851.17
19286,Product_19286,Home & Kitchen,3708.03
19287,Product_19287,Toys,905.1
19288,Product_19288,Beauty,1770.53
19289,Product_19289,Clothing,4700.16
19290,Product_19290,Home & Kitchen,1281.58
19291,Product_19291,Toys,2514.34
19292,Product_19292,Toys,2541.89
19293,Product_19293,Beauty,3778.52
19294,Product_19294,Office Supplies,4473.78
19295,Product_19295,Clothing,2037.59
19296,Product_19296,Furniture,3350.95
19297,Product_19297,Home & Kitchen,3616.92
19298,Product_19298,Beauty,516.75
19299,Product_19299,Toys,4893.22
19300,Product_19300,Office Supplies,4326.76
19301,Product_19301,Toys,1307.46
19302,Product_19302,Office Supplies,2218.38
19303,Product_19303,Sports,2579.12
19304,Product_19304,Office Supplies,2202.06
19305,Product_19305,Sports,2450.67
19306,Product_19306,Beauty,231.29
19307,Product_19307,Furniture,2795.93
19308,Product_19308,Toys,1765.0
19309,Product_19309,Sports,2003.53
19310,Product_19310,Beauty,214.8
19311,Product_19311,Electronics,4992.7
19312,Product_19312,Office Supplies,4285.02
19313,Product_19313,Sports,4395.86
19314,Product_19314,Office Supplies,1148.6
19315,Product_19315,Sports,2720.05
19316,Product_19316,Office Supplies,152.01
19317,Product_19317,Sports,792.64
19318,Product_19318,Beauty,3366.71
19319,Product_19319,Toys,4171.16
19320,Product_19320,Toys,2229.94
19321,Product_19321,Beauty,1465.72
19322,Product_19322,Office Supplies,200.02
19323,Product_19323,Toys,1218.34
19324,Product_19324,Office Supplies,1353.95
19325,Product_19325,Beauty,4935.42
19326,Product_19326,Office Supplies,1528.85
19327,Product_19327,Sports,466.83
19328,Product_19328,Sports,4223.03
19329,Product_19329,Office Supplies,614.93
19330,Product_19330,Furniture,218.37
19331,Product_19331,Toys,584.49
19332,Product_19332,Clothing,434.27
19333,Product_19333,Toys,4496.27
19334,Product_19334,Office Supplies,2577.72
19335,Product_19335,Electronics,1611.82
19336,Product_19336,Electronics,2258.32
19337,Product_19337,Furniture,3512.05
19338,Product_19338,Sports,2050.42
19339,Product_19339,Sports,4574.16
19340,Product_19340,Office Supplies,4539.0
19341,Product_19341,Furniture,4219.42
19342,Product_19342,Electronics,502.57
19343,Product_19343,Beauty,1309.24
19344,Product_19344,Sports,4260.71
19345,Product_19345,Office Supplies,4659.38
19346,Product_19346,Toys,1739.68
19347,Product_19347,Sports,617.47
19348,Product_19348,Clothing,3119.78
19349,Product_19349,Clothing,829.01
19350,Product_19350,Home & Kitchen,3842.43
19351,Product_19351,Toys,805.34
19352,Product_19352,Sports,641.2
19353,Product_19353,Office Supplies,1052.51
19354,Product_19354,Beauty,826.03
19355,Product_19355,Furniture,3316.46
19356,Product_19356,Electronics,1833.69
19357,Product_19357,Home & Kitchen,1615.38
19358,Product_19358,Toys,1450.58
19359,Product_19359,Beauty,147.07
19360,Product_19360,Furniture,1191.62
19361,Product_19361,Furniture,3840.57
19362,Product_19362,Clothing,3272.12
19363,Product_19363,Clothing,3816.37
19364,Product_19364,Office Supplies,1719.21
19365,Product_19365,Electronics,4652.92
19366,Product_19366,Clothing,2110.48
19367,Product_19367,Sports,2615.55
19368,Product_19368,Office Supplies,2083.6
19369,Product_19369,Electronics,3725.37
19370,Product_19370,Toys,4595.21
19371,Product_19371,Electronics,3857.85
19372,Product_19372,Clothing,2572.67
19373,Product_19373,Sports,4514.61
19374,Product_19374,Toys,3243.55
19375,Product_19375,Office Supplies,1352.12
19376,Product_19376,Furniture,1969.45
19377,Product_19377,Clothing,2960.98
19378,Product_19378,Toys,2402.3
19379,Product_19379,Toys,320.3
19380,Product_19380,Furniture,683.32
19381,Product_19381,Sports,817.46
19382,Product_19382,Furniture,1456.88
19383,Product_19383,Beauty,3974.35
19384,Product_19384,Beauty,3506.56
19385,Product_19385,Clothing,1209.19
19386,Product_19386,Furniture,1304.09
19387,Product_19387,Clothing,1517.15
19388,Product_19388,Office Supplies,3580.25
19389,Product_19389,Electronics,3956.71
19390,Product_19390,Furniture,1300.65
19391,Product_19391,Sports,4406.4
19392,Product_19392,Sports,74.76
19393,Product_19393,Beauty,3529.71
19394,Product_19394,Office Supplies,1975.56
19395,Product_19395,Electronics,3064.04
19396,Product_19396,Office Supplies,2954.94
19397,Product_19397,Sports,3214.97
19398,Product_19398,Sports,2167.24
19399,Product_19399,Furniture,3556.57
19400,Product_19400,Furniture,2914.43
19401,Product_19401,Sports,2010.02
19402,Product_19402,Clothing,1078.85
19403,Product_19403,Beauty,1439.4
19404,Product_19404,Toys,1691.14
19405,Product_19405,Office Supplies,4187.87
19406,Product_19406,Office Supplies,2870.03
19407,Product_19407,Home & Kitchen,1726.07
19408,Product_19408,Office Supplies,3828.89
19409,Product_19409,Electronics,339.81
19410,Product_19410,Furniture,93.54
19411,Product_19411,Electronics,4676.82
19412,Product_19412,Furniture,3143.58
19413,Product_19413,Clothing,2648.89
19414,Product_19414,Office Supplies,3229.03
19415,Product_19415,Home & Kitchen,1889.67
19416,Product_19416,Clothing,4322.56
19417,Product_19417,Furniture,4442.6
19418,Product_19418,Beauty,1560.66
19419,Product_19419,Sports,1160.63
19420,Product_19420,Home & Kitchen,2041.1
19421,Product_19421,Beauty,4932.81
19422,Product_19422,Electronics,1238.3
19423,Product_19423,Office Supplies,2444.45
19424,Product_19424,Toys,2386.6
19425,Product_19425,Toys,1207.49
19426,Product_19426,Clothing,1274.84
19427,Product_19427,Home & Kitchen,2888.37
19428,Product_19428,Furniture,2326.41
19429,Product_19429,Toys,783.17
19430,Product_19430,Home & Kitchen,1998.74
19431,Product_19431,Beauty,4153.82
19432,Product_19432,Sports,569.93
19433,Product_19433,Furniture,3469.07
19434,Product_19434,Home & Kitchen,1494.79
19435,Product_19435,Beauty,4179.19
19436,Product_19436,Office Supplies,4391.26
19437,Product_19437,Beauty,1306.68
19438,Product_19438,Clothing,1220.03
19439,Product_19439,Electronics,855.37
19440,Product_19440,Furniture,1522.07
19441,Product_19441,Clothing,2799.75
19442,Product_19442,Beauty,2480.67
19443,Product_19443,Furniture,3574.6
19444,Product_19444,Toys,34.51
19445,Product_19445,Toys,1881.11
19446,Product_19446,Clothing,4051.29
19447,Product_19447,Clothing,2783.92
19448,Product_19448,Toys,2241.09
19449,Product_19449,Electronics,958.28
19450,Product_19450,Toys,4596.44
19451,Product_19451,Electronics,1559.55
19452,Product_19452,Electronics,4972.78
19453,Product_19453,Sports,3581.4
19454,Product_19454,Furniture,3678.42
19455,Product_19455,Clothing,152.26
19456,Product_19456,Home & Kitchen,1186.53
19457,Product_19457,Furniture,1521.28
19458,Product_19458,Home & Kitchen,2458.89
19459,Product_19459,Clothing,2826.51
19460,Product_19460,Office Supplies,3941.8
19461,Product_19461,Beauty,2756.59
19462,Product_19462,Furniture,2035.9
19463,Product_19463,Electronics,1150.4
19464,Product_19464,Toys,4803.69
19465,Product_19465,Beauty,4951.38
19466,Product_19466,Furniture,4616.22
19467,Product_19467,Furniture,4451.88
19468,Product_19468,Furniture,2509.82
19469,Product_19469,Home & Kitchen,1039.2
19470,Product_19470,Office Supplies,4991.94
19471,Product_19471,Office Supplies,2714.13
19472,Product_19472,Office Supplies,2080.49
19473,Product_19473,Home & Kitchen,2346.57
19474,Product_19474,Clothing,3448.96
19475,Product_19475,Beauty,1157.86
19476,Product_19476,Home & Kitchen,1012.09
19477,Product_19477,Toys,2614.47
19478,Product_19478,Home & Kitchen,236.87
19479,Product_19479,Office Supplies,2739.26
19480,Product_19480,Furniture,1639.69
19481,Product_19481,Home & Kitchen,3864.91
19482,Product_19482,Sports,4978.74
19483,Product_19483,Toys,2760.51
19484,Product_19484,Furniture,3354.39
19485,Product_19485,Toys,4153.27
19486,Product_19486,Toys,4922.66
19487,Product_19487,Office Supplies,561.02
19488,Product_19488,Beauty,4910.57
19489,Product_19489,Toys,1420.8
19490,Product_19490,Office Supplies,4233.03
19491,Product_19491,Furniture,4752.31
19492,Product_19492,Toys,1519.76
19493,Product_19493,Toys,4390.06
19494,Product_19494,Beauty,4906.77
19495,Product_19495,Home & Kitchen,943.96
19496,Product_19496,Toys,4675.73
19497,Product_19497,Beauty,624.51
19498,Product_19498,Clothing,1376.63
19499,Product_19499,Clothing,217.51
19500,Product_19500,Toys,4480.83
19501,Product_19501,Clothing,2805.76
19502,Product_19502,Toys,1262.64
19503,Product_19503,Beauty,1729.64
19504,Product_19504,Home & Kitchen,2148.35
19505,Product_19505,Furniture,4222.02
19506,Product_19506,Home & Kitchen,217.16
19507,Product_19507,Home & Kitchen,4942.25
19508,Product_19508,Office Supplies,1067.96
19509,Product_19509,Furniture,2107.11
19510,Product_19510,Sports,3350.63
19511,Product_19511,Office Supplies,4561.83
19512,Product_19512,Clothing,1968.25
19513,Product_19513,Home & Kitchen,2037.64
19514,Product_19514,Sports,4027.31
19515,Product_19515,Beauty,2508.52
19516,Product_19516,Sports,2961.75
19517,Product_19517,Furniture,779.79
19518,Product_19518,Beauty,2721.61
19519,Product_19519,Clothing,884.41
19520,Product_19520,Clothing,3930.19
19521,Product_19521,Electronics,4978.46
19522,Product_19522,Electronics,1300.06
19523,Product_19523,Furniture,4432.6
19524,Product_19524,Office Supplies,513.13
19525,Product_19525,Beauty,4169.97
19526,Product_19526,Clothing,4998.85
19527,Product_19527,Furniture,4021.9
19528,Product_19528,Clothing,483.52
19529,Product_19529,Office Supplies,2899.92
19530,Product_19530,Office Supplies,4800.97
19531,Product_19531,Clothing,2165.73
19532,Product_19532,Furniture,4201.15
19533,Product_19533,Electronics,4797.63
19534,Product_19534,Furniture,3667.53
19535,Product_19535,Office Supplies,1919.72
19536,Product_19536,Home & Kitchen,4910.45
19537,Product_19537,Office Supplies,2066.73
19538,Product_19538,Sports,233.66
19539,Product_19539,Furniture,1183.57
19540,Product_19540,Electronics,2643.93
19541,Product_19541,Sports,2434.39
19542,Product_19542,Home & Kitchen,2891.0
19543,Product_19543,Office Supplies,2411.82
19544,Product_19544,Beauty,1076.09
19545,Product_19545,Electronics,1407.31
19546,Product_19546,Electronics,195.89
19547,Product_19547,Home & Kitchen,3248.38
19548,Product_19548,Clothing,2768.67
19549,Product_19549,Sports,2505.69
19550,Product_19550,Furniture,1503.01
19551,Product_19551,Home & Kitchen,1535.51
19552,Product_19552,Beauty,4252.81
19553,Product_19553,Home & Kitchen,1353.03
19554,Product_19554,Home & Kitchen,1778.99
19555,Product_19555,Beauty,202.1
19556,Product_19556,Furniture,2045.33
19557,Product_19557,Office Supplies,882.58
19558,Product_19558,Furniture,1812.96
19559,Product_19559,Office Supplies,1231.44
19560,Product_19560,Clothing,3624.94
19561,Product_19561,Electronics,4251.77
19562,Product_19562,Home & Kitchen,606.32
19563,Product_19563,Toys,4959.69
19564,Product_19564,Home & Kitchen,3933.1
19565,Product_19565,Furniture,2941.47
19566,Product_19566,Sports,4763.16
19567,Product_19567,Home & Kitchen,1286.75
19568,Product_19568,Beauty,192.61
19569,Product_19569,Beauty,3393.18
19570,Product_19570,Toys,3234.99
19571,Product_19571,Electronics,4416.03
19572,Product_19572,Toys,2187.3
19573,Product_19573,Home & Kitchen,171.45
19574,Product_19574,Sports,1702.98
19575,Product_19575,Sports,2409.96
19576,Product_19576,Home & Kitchen,646.62
19577,Product_19577,Furniture,1899.68
19578,Product_19578,Beauty,2568.23
19579,Product_19579,Furniture,1412.92
19580,Product_19580,Home & Kitchen,1924.27
19581,Product_19581,Home & Kitchen,3017.02
19582,Product_19582,Sports,4172.69
19583,Product_19583,Office Supplies,1106.17
19584,Product_19584,Clothing,1217.47
19585,Product_19585,Beauty,4060.2
19586,Product_19586,Home & Kitchen,3893.3
19587,Product_19587,Furniture,3317.51
19588,Product_19588,Beauty,4672.45
19589,Product_19589,Electronics,3436.72
19590,Product_19590,Beauty,3860.47
19591,Product_19591,Toys,1122.15
19592,Product_19592,Toys,1100.96
19593,Product_19593,Clothing,3177.77
19594,Product_19594,Furniture,4093.16
19595,Product_19595,Clothing,3826.96
19596,Product_19596,Sports,3337.22
19597,Product_19597,Furniture,1827.39
19598,Product_19598,Office Supplies,3433.57
19599,Product_19599,Electronics,1585.44
19600,Product_19600,Home & Kitchen,1180.73
19601,Product_19601,Toys,3675.7
19602,Product_19602,Beauty,4412.8
19603,Product_19603,Clothing,4144.92
19604,Product_19604,Clothing,2858.1
19605,Product_19605,Office Supplies,924.16
19606,Product_19606,Clothing,2159.8
19607,Product_19607,Toys,4518.21
19608,Product_19608,Beauty,1959.22
19609,Product_19609,Electronics,4156.08
19610,Product_19610,Beauty,4995.11
19611,Product_19611,Beauty,1317.43
19612,Product_19612,Beauty,520.98
19613,Product_19613,Clothing,2143.3
19614,Product_19614,Clothing,3733.84
19615,Product_19615,Office Supplies,2970.71
19616,Product_19616,Home & Kitchen,297.1
19617,Product_19617,Toys,2642.32
19618,Product_19618,Electronics,784.89
19619,Product_19619,Beauty,4821.87
19620,Product_19620,Furniture,4654.58
19621,Product_19621,Beauty,3546.3
19622,Product_19622,Beauty,3355.44
19623,Product_19623,Beauty,4588.77
19624,Product_19624,Furniture,1867.5
19625,Product_19625,Clothing,3871.03
19626,Product_19626,Home & Kitchen,3411.29
19627,Product_19627,Toys,1347.23
19628,Product_19628,Toys,639.84
19629,Product_19629,Toys,60.42
19630,Product_19630,Office Supplies,1886.97
19631,Product_19631,Furniture,4084.99
19632,Product_19632,Toys,2049.35
19633,Product_19633,Clothing,4191.52
19634,Product_19634,Sports,985.13
19635,Product_19635,Toys,2789.96
19636,Product_19636,Home & Kitchen,3315.28
19637,Product_19637,Clothing,2194.65
19638,Product_19638,Sports,3194.55
19639,Product_19639,Clothing,1820.57
19640,Product_19640,Clothing,94.53
19641,Product_19641,Furniture,1515.97
19642,Product_19642,Clothing,1607.22
19643,Product_19643,Furniture,828.58
19644,Product_19644,Clothing,2345.81
19645,Product_19645,Beauty,4608.52
19646,Product_19646,Beauty,337.97
19647,Product_19647,Beauty,315.28
19648,Product_19648,Office Supplies,4085.24
19649,Product_19649,Clothing,3858.71
19650,Product_19650,Sports,4647.62
19651,Product_19651,Toys,2391.53
19652,Product_19652,Clothing,98.56
19653,Product_19653,Toys,2926.74
19654,Product_19654,Clothing,4519.57
19655,Product_19655,Home & Kitchen,1241.62
19656,Product_19656,Sports,134.3
19657,Product_19657,Furniture,1708.1
19658,Product_19658,Home & Kitchen,961.89
19659,Product_19659,Furniture,619.37
19660,Product_19660,Home & Kitchen,931.63
19661,Product_19661,Toys,1382.23
19662,Product_19662,Toys,3458.51
19663,Product_19663,Electronics,875.83
19664,Product_19664,Electronics,1523.76
19665,Product_19665,Toys,3213.13
19666,Product_19666,Electronics,3659.81
19667,Product_19667,Beauty,3319.57
19668,Product_19668,Clothing,942.97
19669,Product_19669,Home & Kitchen,652.01
19670,Product_19670,Furniture,4765.99
19671,Product_19671,Furniture,3764.29
19672,Product_19672,Beauty,1472.86
19673,Product_19673,Office Supplies,2772.05
19674,Product_19674,Beauty,1901.03
19675,Product_19675,Furniture,839.2
19676,Product_19676,Furniture,615.19
19677,Product_19677,Beauty,4925.85
19678,Product_19678,Office Supplies,2983.36
19679,Product_19679,Toys,679.81
19680,Product_19680,Sports,1582.26
19681,Product_19681,Clothing,120.98
19682,Product_19682,Office Supplies,3921.84
19683,Product_19683,Electronics,304.6
19684,Product_19684,Electronics,4224.05
19685,Product_19685,Clothing,1775.95
19686,Product_19686,Home & Kitchen,3219.12
19687,Product_19687,Home & Kitchen,1935.7
19688,Product_19688,Furniture,563.06
19689,Product_19689,Clothing,1105.62
19690,Product_19690,Sports,4597.53
19691,Product_19691,Home & Kitchen,3521.89
19692,Product_19692,Office Supplies,2825.56
19693,Product_19693,Home & Kitchen,1598.04
19694,Product_19694,Toys,2063.85
19695,Product_19695,Sports,1274.48
19696,Product_19696,Beauty,4165.04
19697,Product_19697,Home & Kitchen,3327.53
19698,Product_19698,Clothing,3797.45
19699,Product_19699,Furniture,1551.2
19700,Product_19700,Electronics,2317.01
19701,Product_19701,Sports,3041.82
19702,Product_19702,Beauty,3067.53
19703,Product_19703,Furniture,3532.08
19704,Product_19704,Furniture,3029.8
19705,Product_19705,Clothing,3824.72
19706,Product_19706,Beauty,2161.38
19707,Product_19707,Toys,3789.05
19708,Product_19708,Toys,118.15
19709,Product_19709,Sports,3831.46
19710,Product_19710,Beauty,577.38
19711,Product_19711,Furniture,548.33
19712,Product_19712,Sports,3619.23
19713,Product_19713,Electronics,954.09
19714,Product_19714,Office Supplies,4249.04
19715,Product_19715,Electronics,1246.54
19716,Product_19716,Clothing,3060.36
19717,Product_19717,Toys,3350.26
19718,Product_19718,Clothing,819.22
19719,Product_19719,Home & Kitchen,1372.19
19720,Product_19720,Furniture,4236.88
19721,Product_19721,Toys,1364.84
19722,Product_19722,Home & Kitchen,4598.85
19723,Product_19723,Toys,267.5
19724,Product_19724,Sports,211.97
19725,Product_19725,Beauty,4461.97
19726,Product_19726,Office Supplies,4909.15
19727,Product_19727,Beauty,4003.61
19728,Product_19728,Furniture,1746.75
19729,Product_19729,Beauty,3231.02
19730,Product_19730,Electronics,3214.64
19731,Product_19731,Beauty,270.03
19732,Product_19732,Home & Kitchen,3684.79
19733,Product_19733,Office Supplies,1154.93
19734,Product_19734,Furniture,3832.17
19735,Product_19735,Sports,3212.94
19736,Product_19736,Clothing,4728.06
19737,Product_19737,Sports,2972.09
19738,Product_19738,Furniture,10.24
19739,Product_19739,Office Supplies,4858.21
19740,Product_19740,Clothing,1856.47
19741,Product_19741,Home & Kitchen,4926.63
19742,Product_19742,Sports,3984.77
19743,Product_19743,Toys,3715.57
19744,Product_19744,Clothing,4543.66
19745,Product_19745,Office Supplies,2508.29
19746,Product_19746,Toys,201.54
19747,Product_19747,Home & Kitchen,1582.27
19748,Product_19748,Clothing,4352.39
19749,Product_19749,Furniture,2477.04
19750,Product_19750,Furniture,1873.56
19751,Product_19751,Toys,1578.83
19752,Product_19752,Electronics,4521.23
19753,Product_19753,Clothing,1819.26
19754,Product_19754,Toys,1644.95
19755,Product_19755,Office Supplies,1393.68
19756,Product_19756,Electronics,2645.34
19757,Product_19757,Office Supplies,1494.34
19758,Product_19758,Clothing,3611.62
19759,Product_19759,Beauty,3167.83
19760,Product_19760,Beauty,3112.91
19761,Product_19761,Furniture,1942.09
19762,Product_19762,Clothing,233.29
19763,Product_19763,Home & Kitchen,4276.71
19764,Product_19764,Home & Kitchen,1037.45
19765,Product_19765,Home & Kitchen,1898.58
19766,Product_19766,Toys,2335.03
19767,Product_19767,Furniture,1104.27
19768,Product_19768,Beauty,85.81
19769,Product_19769,Office Supplies,1142.37
19770,Product_19770,Electronics,266.3
19771,Product_19771,Furniture,1992.93
19772,Product_19772,Clothing,3946.92
19773,Product_19773,Clothing,4840.94
19774,Product_19774,Clothing,3385.95
19775,Product_19775,Beauty,3554.08
19776,Product_19776,Beauty,2633.21
19777,Product_19777,Toys,4048.6
19778,Product_19778,Furniture,3744.56
19779,Product_19779,Beauty,3657.69
19780,Product_19780,Home & Kitchen,3669.49
19781,Product_19781,Clothing,2920.18
19782,Product_19782,Clothing,3597.17
19783,Product_19783,Sports,2822.61
19784,Product_19784,Sports,3919.18
19785,Product_19785,Home & Kitchen,1193.65
19786,Product_19786,Beauty,2427.98
19787,Product_19787,Sports,4725.37
19788,Product_19788,Toys,2995.99
19789,Product_19789,Furniture,1945.46
19790,Product_19790,Home & Kitchen,3973.83
19791,Product_19791,Furniture,2355.5
19792,Product_19792,Beauty,476.35
19793,Product_19793,Electronics,56.56
19794,Product_19794,Beauty,3527.79
19795,Product_19795,Home & Kitchen,4936.04
19796,Product_19796,Furniture,1950.02
19797,Product_19797,Electronics,2092.05
19798,Product_19798,Home & Kitchen,3595.13
19799,Product_19799,Clothing,3534.02
19800,Product_19800,Beauty,13.21
19801,Product_19801,Beauty,2754.13
19802,Product_19802,Toys,1695.98
19803,Product_19803,Electronics,1956.56
19804,Product_19804,Home & Kitchen,4243.97
19805,Product_19805,Beauty,1966.23
19806,Product_19806,Furniture,4222.53
19807,Product_19807,Electronics,2382.27
19808,Product_19808,Home & Kitchen,2372.49
19809,Product_19809,Office Supplies,2425.33
19810,Product_19810,Sports,3894.96
19811,Product_19811,Electronics,2193.57
19812,Product_19812,Toys,2999.49
19813,Product_19813,Clothing,917.73
19814,Product_19814,Furniture,3112.72
19815,Product_19815,Furniture,975.35
19816,Product_19816,Sports,4246.27
19817,Product_19817,Sports,2278.36
19818,Product_19818,Office Supplies,1543.25
19819,Product_19819,Office Supplies,3341.85
19820,Product_19820,Beauty,4365.72
19821,Product_19821,Furniture,4957.76
19822,Product_19822,Home & Kitchen,4388.98
19823,Product_19823,Sports,4682.54
19824,Product_19824,Home & Kitchen,4978.88
19825,Product_19825,Furniture,1320.4
19826,Product_19826,Furniture,1456.64
19827,Product_19827,Sports,708.45
19828,Product_19828,Clothing,4609.98
19829,Product_19829,Electronics,1842.65
19830,Product_19830,Clothing,2376.65
19831,Product_19831,Home & Kitchen,1415.08
19832,Product_19832,Clothing,4089.36
19833,Product_19833,Furniture,962.75
19834,Product_19834,Clothing,4520.88
19835,Product_19835,Beauty,2889.44
19836,Product_19836,Furniture,3837.06
19837,Product_19837,Clothing,723.44
19838,Product_19838,Clothing,462.1
19839,Product_19839,Office Supplies,2397.94
19840,Product_19840,Electronics,4541.07
19841,Product_19841,Clothing,3611.48
19842,Product_19842,Home & Kitchen,2121.42
19843,Product_19843,Home & Kitchen,3052.84
19844,Product_19844,Sports,1395.14
19845,Product_19845,Clothing,2614.58
19846,Product_19846,Home & Kitchen,3375.59
19847,Product_19847,Home & Kitchen,3653.99
19848,Product_19848,Clothing,1278.25
19849,Product_19849,Toys,3746.2
19850,Product_19850,Home & Kitchen,510.65
19851,Product_19851,Clothing,865.0
19852,Product_19852,Toys,1701.81
19853,Product_19853,Home & Kitchen,1407.38
19854,Product_19854,Office Supplies,4705.07
19855,Product_19855,Electronics,1712.67
19856,Product_19856,Beauty,589.12
19857,Product_19857,Clothing,4933.27
19858,Product_19858,Beauty,1934.68
19859,Product_19859,Office Supplies,1028.47
19860,Product_19860,Office Supplies,1291.83
19861,Product_19861,Beauty,677.42
19862,Product_19862,Beauty,3069.35
19863,Product_19863,Home & Kitchen,4542.56
19864,Product_19864,Sports,779.3
19865,Product_19865,Home & Kitchen,2648.3
19866,Product_19866,Clothing,3557.02
19867,Product_19867,Electronics,1400.74
19868,Product_19868,Toys,2286.89
19869,Product_19869,Toys,1925.56
19870,Product_19870,Home & Kitchen,4307.72
19871,Product_19871,Clothing,1450.53
19872,Product_19872,Electronics,3147.48
19873,Product_19873,Office Supplies,2389.66
19874,Product_19874,Electronics,3556.38
19875,Product_19875,Toys,335.4
19876,Product_19876,Furniture,4143.73
19877,Product_19877,Electronics,1986.33
19878,Product_19878,Clothing,1493.73
19879,Product_19879,Clothing,167.02
19880,Product_19880,Clothing,1494.22
19881,Product_19881,Beauty,2248.2
19882,Product_19882,Clothing,1962.97
19883,Product_19883,Toys,960.03
19884,Product_19884,Electronics,4122.32
19885,Product_19885,Beauty,4575.33
19886,Product_19886,Sports,1431.43
19887,Product_19887,Sports,2834.51
19888,Product_19888,Toys,630.44
19889,Product_19889,Furniture,4393.97
19890,Product_19890,Toys,3065.69
19891,Product_19891,Sports,478.72
19892,Product_19892,Beauty,3470.82
19893,Product_19893,Office Supplies,4190.23
19894,Product_19894,Toys,2987.63
19895,Product_19895,Sports,719.96
19896,Product_19896,Home & Kitchen,3354.01
19897,Product_19897,Beauty,1939.09
19898,Product_19898,Beauty,3626.58
19899,Product_19899,Office Supplies,3096.06
19900,Product_19900,Furniture,3507.3
19901,Product_19901,Beauty,3640.44
19902,Product_19902,Electronics,3656.74
19903,Product_19903,Beauty,326.89
19904,Product_19904,Home & Kitchen,1573.51
19905,Product_19905,Toys,3493.3
19906,Product_19906,Electronics,396.53
19907,Product_19907,Electronics,4855.82
19908,Product_19908,Beauty,4311.02
19909,Product_19909,Beauty,4242.2
19910,Product_19910,Beauty,413.83
19911,Product_19911,Toys,2074.41
19912,Product_19912,Office Supplies,4388.94
19913,Product_19913,Furniture,965.42
19914,Product_19914,Beauty,1422.97
19915,Product_19915,Furniture,4678.25
19916,Product_19916,Home & Kitchen,2659.31
19917,Product_19917,Home & Kitchen,2688.55
19918,Product_19918,Office Supplies,4162.29
19919,Product_19919,Electronics,3947.32
19920,Product_19920,Toys,4409.68
19921,Product_19921,Home & Kitchen,3786.88
19922,Product_19922,Beauty,2947.01
19923,Product_19923,Beauty,3135.78
19924,Product_19924,Furniture,2521.09
19925,Product_19925,Furniture,2170.94
19926,Product_19926,Clothing,4260.52
19927,Product_19927,Beauty,3624.66
19928,Product_19928,Office Supplies,3265.43
19929,Product_19929,Furniture,4660.29
19930,Product_19930,Beauty,3727.37
19931,Product_19931,Beauty,4642.85
19932,Product_19932,Furniture,1730.09
19933,Product_19933,Home & Kitchen,187.83
19934,Product_19934,Office Supplies,3782.38
19935,Product_19935,Electronics,2006.85
19936,Product_19936,Clothing,2919.64
19937,Product_19937,Home & Kitchen,495.56
19938,Product_19938,Sports,310.95
19939,Product_19939,Home & Kitchen,2581.99
19940,Product_19940,Beauty,691.19
19941,Product_19941,Clothing,1518.44
19942,Product_19942,Clothing,3823.4
19943,Product_19943,Furniture,3905.38
19944,Product_19944,Home & Kitchen,2049.59
19945,Product_19945,Beauty,2918.68
19946,Product_19946,Sports,3142.1
19947,Product_19947,Electronics,1314.55
19948,Product_19948,Office Supplies,271.63
19949,Product_19949,Clothing,2360.4
19950,Product_19950,Home & Kitchen,532.31
19951,Product_19951,Clothing,2089.97
19952,Product_19952,Electronics,1819.32
19953,Product_19953,Sports,2075.29
19954,Product_19954,Sports,4704.03
19955,Product_19955,Electronics,217.27
19956,Product_19956,Clothing,1425.61
19957,Product_19957,Office Supplies,1921.54
19958,Product_19958,Office Supplies,4539.69
19959,Product_19959,Sports,2916.4
19960,Product_19960,Toys,839.03
19961,Product_19961,Beauty,4817.11
19962,Product_19962,Beauty,3059.83
19963,Product_19963,Electronics,1185.74
19964,Product_19964,Clothing,150.28
19965,Product_19965,Toys,2402.3
19966,Product_19966,Home & Kitchen,809.18
19967,Product_19967,Furniture,2357.58
19968,Product_19968,Furniture,554.07
19969,Product_19969,Furniture,3326.07
19970,Product_19970,Home & Kitchen,2094.07
19971,Product_19971,Office Supplies,1354.65
19972,Product_19972,Sports,4404.65
19973,Product_19973,Toys,1705.08
19974,Product_19974,Sports,2253.25
19975,Product_19975,Sports,1312.1
19976,Product_19976,Beauty,4829.87
19977,Product_19977,Office Supplies,766.39
19978,Product_19978,Electronics,4199.31
19979,Product_19979,Toys,4908.43
19980,Product_19980,Electronics,1724.9
19981,Product_19981,Office Supplies,3783.06
19982,Product_19982,Sports,1155.83
19983,Product_19983,Office Supplies,4017.89
19984,Product_19984,Toys,1040.78
19985,Product_19985,Furniture,2951.46
19986,Product_19986,Electronics,2079.06
19987,Product_19987,Home & Kitchen,3125.58
19988,Product_19988,Sports,2473.97
19989,Product_19989,Furniture,1143.68
19990,Product_19990,Furniture,850.66
19991,Product_19991,Electronics,2394.65
19992,Product_19992,Home & Kitchen,646.31
19993,Product_19993,Clothing,4191.13
19994,Product_19994,Office Supplies,4421.96
19995,Product_19995,Beauty,2796.83
19996,Product_19996,Electronics,4482.3
19997,Product_19997,Office Supplies,210.67
19998,Product_19998,Clothing,3876.61
19999,Product_19999,Home & Kitchen,1309.83
20000,Product_20000,Sports,2899.81
